0.018640866857691372,0.02806754207012735,0.03747486784634302,0.03395335457123079,0.018995973056359264,0.0021996596645953883,0.029418821150079332,0.03378652965752359,0.03235162307222722,0.02742633087988366,1,five
0.018649749864622978,0.026880356552183102,0.036047750540650125,0.034002599681482795,0.018750112622322748,0.0021961212175176737,0.029499427271108575,0.034144522952447645,0.032675517746076015,0.026980897605141305,1,five
0.018411290531344108,0.026642077742037893,0.037198800763498074,0.0340835576959444,0.019027471288111417,0.002170884166480955,0.03126696039479403,0.035768251855589316,0.034186905149253606,0.028141866600277936,1,five
0.018945220583101607,0.026743956617282252,0.0390314041813509,0.036234012707741195,0.01975299122766673,0.002301133885333464,0.0329306574760586,0.03718603169176113,0.035425669622980646,0.029212995950287143,1,five
0.01992456951946853,0.029075552905506577,0.039528342707362274,0.036997685306163014,0.02083465366428589,0.0023174674844958524,0.033089125472519965,0.03817180037467981,0.0365663700453424,0.030329051977581397,1,five
0.019939668830281088,0.028929443769983524,0.03847774355069422,0.03669336770508316,0.020518180841303094,0.002411143261469182,0.033518405608236906,0.03848232111211793,0.036660271108704325,0.030313706578752642,1,five
0.02032237288721026,0.028857108260299278,0.0391873865348127,0.03661743349429422,0.020565622100348128,0.0024853580188607194,0.034136136950136176,0.03916111450684687,0.03715053568536286,0.030546032417202832,1,five
0.021241667113340527,0.02970432686250002,0.041326758723897364,0.03747717053384397,0.020741198585754964,0.00257091697763023,0.03507466949182109,0.039803923249151454,0.03768256665757322,0.03107636609954264,1,five
0.02133773277602237,0.02967344392059149,0.04155544994952334,0.03778647365579774,0.02054303702653124,0.0025121334748220937,0.034666492123420094,0.03940828289920502,0.037320082709875795,0.030730790919878653,1,five
0.023240595107635542,0.030397234387038626,0.04277968926846979,0.03938401630652155,0.019396792173470432,0.002844664513143638,0.03692274995032252,0.04112503672545676,0.03887731012370834,0.03210707941276291,1,five
0.023161464843967652,0.03213973105397874,0.04242188753928533,0.03917028835449157,0.021325660427924442,0.002644123846093369,0.03587424475848973,0.04087010953222447,0.03893771499057463,0.03215334697762411,1,five
0.023525068250926793,0.031918862877345355,0.04107652461847981,0.038412997728359766,0.020685754315172725,0.0025327638003168162,0.035621111984184724,0.04062656057752274,0.03862025870284453,0.031920556319047486,1,five
0.023607341880057434,0.03250626449985872,0.04406178669337675,0.040597407977184155,0.022163212962872172,0.0026376900754323494,0.03708836407700334,0.042100000529330044,0.03939015833132925,0.03200402456919163,1,five
0.023366454802181025,0.03196219602922584,0.043557527475318394,0.040379635142540116,0.022098799693640203,0.002544987805813607,0.036935822850958186,0.04183456945039845,0.039710222556304554,0.03273931175011904,1,five
0.02372095000466902,0.03210800033779654,0.04354844781715407,0.040335667972144995,0.021431504463560958,0.0024929800623277325,0.03616508695618089,0.04168780342740699,0.039944371927605596,0.03313653773120223,1,five
0.022025904874465665,0.03246190638468567,0.04640254698643825,0.041735203695509704,0.022155849308019296,0.0026035541209701147,0.028322283865386714,0.03443444147063485,0.032799209872795915,0.026610653272313538,1,five
0.02372962930586409,0.0314516593889065,0.04429219357779468,0.04090195000208381,0.022344493516705477,0.0027534814232350875,0.038047958406890375,0.04335881293421408,0.04126369902027704,0.03414477355031807,1,five
0.0250006120235818,0.033444564218259726,0.04956033797840115,0.04380529195292217,0.02227330813102163,0.003180358307648605,0.03917106801652758,0.04484385880157382,0.0433534386467642,0.035493267291439104,1,five
0.027688573580185175,0.035279638577214195,0.04985384244432549,0.04805958903685116,0.024900579574586523,0.0032180664560540677,0.04051157198718534,0.04680664178838086,0.04471845437054793,0.03663723192418196,1,five
0.028101330614296264,0.0354534111031818,0.04819677987572997,0.043916938142100806,0.024237204094802012,0.0033068059294075786,0.040708959055552725,0.0479239611049081,0.04642039566519457,0.03868366799916425,1,five
0.030684990958244132,0.03835716299539493,0.05050391582628973,0.04710365266109186,0.026036389132056983,0.0034945486848177868,0.04052401884051496,0.047565136471013486,0.04613619608318301,0.03767942465459107,1,five
0.030691942374206263,0.03815833284085793,0.048999151557685486,0.04625991684972659,0.02560733619486745,0.003557549053254536,0.040190235063180126,0.04837410067951973,0.047097748203228075,0.03829650164274947,1,five
0.03080355677601193,0.037548115052492115,0.05095008526383894,0.048717334151631875,0.02695144100812219,0.0039180993783930656,0.04213342636627752,0.050221760304620076,0.04909337992457892,0.040197358751617555,1,five
0.029991935279229862,0.03997462001662183,0.05594548375046683,0.0547660819321525,0.02884593731646347,0.004595822163567198,0.04162591053290085,0.04808400723602907,0.04625463569592485,0.038705951484699574,1,five
0.03138429227531653,0.038425052094479245,0.05130553797737375,0.04778915700258825,0.026085001802478303,0.003806039094850526,0.043860301437462904,0.05199551458910005,0.05048560383352236,0.04150800191869155,1,five
0.029793364413859935,0.03707820486083829,0.05014353676375638,0.04641076802939886,0.02587607307299679,0.0035391614804158485,0.04341846282917278,0.051696199846800794,0.05036692280938806,0.04141797160820579,1,five
0.029503691373752583,0.038333525199992016,0.05131342241517284,0.04849932513182692,0.02819225744729538,0.0035780432174966773,0.0442867100334282,0.05271559898826365,0.05057743522993345,0.04060980352864221,1,five
0.028615129012412824,0.03630868285804402,0.04949168873355109,0.04894900477966774,0.02811598740027578,0.003264883227098032,0.04469774965332852,0.05303602573393623,0.05104530626419117,0.04135008587258063,1,five
0.028482371308187426,0.03749171232574838,0.051423747586899826,0.05186627174654479,0.028708986654490523,0.0034787300282123844,0.04455991062774604,0.05250604389595334,0.05036279177863813,0.04121132254031189,1,five
0.02729636945725368,0.037488728045846686,0.05125225196413333,0.050254668017975526,0.027677099069860614,0.003216976050490791,0.04381724661136808,0.052083509255959844,0.05066929502924698,0.04174434027903378,1,five
0.02716109390186562,0.036467406498188484,0.05079379509695947,0.049579190197413914,0.028610952534884673,0.0031699993120711412,0.04473523638639787,0.052192596890119555,0.05034453173988367,0.041281318173252195,1,five
0.02789948650598365,0.03503766745789183,0.04967250469722201,0.04921200737241538,0.028128322493420357,0.003188070174226155,0.04400503252422366,0.052478266969325144,0.0509975318217048,0.04213713175021346,1,five
0.026814662239579155,0.03580316182258858,0.04982136060884912,0.047362829666644235,0.027027985646752628,0.003040749721324028,0.04370953447491611,0.05205986562687956,0.05154521175826587,0.043799563238956854,1,five
0.026497105564306525,0.035491631319640185,0.04897602560195659,0.04852004102104382,0.026921132656082536,0.0035007480566548155,0.04377043432572052,0.05217382922662367,0.05132116276456042,0.043716179994269924,1,five
0.026209140892116903,0.03503711519296794,0.047540830558676916,0.045986876350003425,0.025648686592462333,0.0030786016204868635,0.043299800122710126,0.052730293059101783,0.05314257545436866,0.046050153561511625,1,five
0.025213651868549656,0.03351505973876146,0.04743996988403265,0.04973025666004002,0.027960511307495217,0.003072587346216015,0.044275986862571,0.052758228019324616,0.05138175819634892,0.043128304450629706,1,five
0.024874795660041502,0.0326186098048481,0.047949898472016805,0.04799525773958316,0.02862563219997233,0.003012724084272892,0.04351055377148981,0.05120177415572458,0.04949454140345305,0.040773140464890924,1,five
0.026499073782129044,0.03565646035679494,0.05074430394364905,0.05169804788668243,0.02771017873088205,0.00319559955864567,0.039631250852161466,0.04710710086526475,0.045882211103970574,0.03855688526394012,1,five
0.025632770048425124,0.03565001751069452,0.04915926338880025,0.048607314193077414,0.028008760479409922,0.0031397083135101117,0.04071124441184095,0.04899970850951403,0.04768096010790685,0.03956440995188798,1,five
0.025210655240768765,0.03496125382057946,0.04844249934795983,0.047516806735326225,0.027633522990343273,0.0028824306735468954,0.040660034474513176,0.048788143942576676,0.047545312948971144,0.039596640543701,1,five
0.02559131803792206,0.033500554806266694,0.04596266804373439,0.04500105900549624,0.02275430356345766,0.0028277404287193465,0.041806249069275256,0.04893113697442512,0.0472637503825929,0.039602329590368905,1,five
0.02769417831775198,0.033430674233887736,0.045732202858681875,0.04347506397049947,0.021254642116084313,0.0031827499511462663,0.042985445557483355,0.049742128456280094,0.047471260429024546,0.03925084849041207,1,five
0.026657908983097403,0.03330250411926,0.04472265809580428,0.04117271104897781,0.0194281152470588,0.0030035350864218895,0.04251612425592633,0.04874847136285324,0.046313288510999966,0.03812537733743406,1,five
0.025138501937016198,0.03157797846999899,0.04080605676135868,0.03980137249178452,0.024099438173234025,0.002770018888125516,0.03919552156236882,0.045881214561621975,0.0441039227043265,0.03631359227087314,1,five
0.02370980367334502,0.029242153370754323,0.03723709800396824,0.03864954195700532,0.022467404546969105,0.0027601880296504646,0.037220433600775975,0.043536939120973665,0.04168040219493479,0.034283788702692046,1,five
0.023473832731284228,0.02704546390172169,0.03803725314475001,0.039642511783867254,0.023154545605323498,0.0025128706004942224,0.03630136102040816,0.04140118637534765,0.039025790127332975,0.03185904253840369,1,five
0.022564645974274225,0.026447483261738933,0.035801873159634914,0.03853492386570058,0.02206585990008514,0.002457326194981352,0.03639715891290012,0.04135204293830241,0.03897660138358431,0.03198554226942115,1,five
0.023720891669143932,0.026910807488536706,0.034439554536042805,0.036614734588014244,0.022775603903416375,0.0026077167586913115,0.0354860597871993,0.04063336838066354,0.03780592884287963,0.030043885725266117,1,five
0.02226437286116502,0.024721998254186764,0.033507548633075646,0.03412657558414235,0.02077649098435476,0.002379955446065111,0.034610807301561616,0.03878580877036544,0.035682523395420995,0.028214116810477075,1,five
0.023129692668921342,0.02430145053668166,0.03293112045265002,0.03446255511865243,0.019846117646559414,0.0024978542620108855,0.036350001791971766,0.040605300319654335,0.037157707373062274,0.029248638204750262,1,five
0.0193529290267921,0.025069208171188715,0.034420337640801935,0.03680421721617934,0.021354457713353592,0.0020973579154087707,0.031616209123758725,0.036638719286874455,0.03459165101129001,0.028256584955691225,1,five
0.019735342358760097,0.025464923157119693,0.03535171934031767,0.036538083278985126,0.020992063460713695,0.002159389098169316,0.03230504729244266,0.03772839308274742,0.03585439701732257,0.028913975573438184,1,five
0.009613254249413394,0.023440006894811734,0.03405321201078282,0.03414408654416562,0.01991054707269799,0.0017668595208504315,0.0361118869866801,0.04194253694760929,0.039261727885418776,0.030995125264427898,1,five
0.018328669917007795,0.023741896887086666,0.03507251659224789,0.03637303546956461,0.020338500327215306,0.002505131931542222,0.0370364628515188,0.0427353925420041,0.04104064183385765,0.033457177098458114,1,five
0.017979200852481628,0.02463877898395456,0.03546406988922368,0.03603477707102888,0.021159721171738255,0.002250697587282576,0.02983412742388064,0.0355017450633501,0.03474494808563955,0.029112933211741725,1,five
0.016619614427202535,0.024547870873259943,0.03704949677926736,0.03657728616637691,0.01969904022465044,0.00316929843122546,0.03970085578413435,0.04518011551621303,0.04346417561817575,0.03588682161708378,1,five
0.019231832471569593,0.02477789254796556,0.03749275243865358,0.03863754560790922,0.022131524944352235,0.002643129524904073,0.035997246557888066,0.041821170212326036,0.04037172637590921,0.03333165359024954,1,five
0.017711676311865043,0.02537151347507477,0.03911132225894609,0.03633245296571719,0.020238834083101245,0.0020718198626533376,0.026819594465046722,0.03294122312745477,0.03154697067712328,0.025607720062097022,1,five
0.01898021068962774,0.02521142608637171,0.03845955029458982,0.03681933721020626,0.02247462127478972,0.0024899809160416606,0.03578122409544234,0.04120312434441802,0.039263929718336595,0.032175180889926006,1,five
0.019350661485787478,0.024455772072604492,0.03581617717459515,0.03654107173148548,0.02069937831824392,0.0025197951305320236,0.0351972481384496,0.04067839071363321,0.03882484364819694,0.03186635726527326,1,five
0.018829018066296166,0.023713062642053643,0.03487224741008049,0.03654506094853649,0.023093342007081186,0.002397929321887953,0.03513376598069157,0.040194614589307454,0.037629027872120226,0.02977072835203837,1,five
0.018465140857265583,0.024161613911344696,0.035103138492239463,0.03599745782974807,0.021169356572256603,0.0023857287796886393,0.03223905695976701,0.03752368029388375,0.035745290274171684,0.02924117644449243,1,five
0.017080532182365635,0.02468823143167515,0.035919110629121356,0.03525734384843017,0.02223614478245839,0.002393138608118423,0.03122334035942833,0.03705367956008033,0.03609106944036487,0.030157483492301986,1,five
0.0170839979806144,0.023035596890713276,0.03554266955655622,0.03513550404033708,0.0205109222898075,0.0023459990423173585,0.031503288094082295,0.03721822978283587,0.0362533538364451,0.030004175210302665,1,five
0.01750330138459899,0.023457260784843535,0.033597470009286756,0.03408336680000354,0.020000967696084837,0.0024795733807146322,0.032473708460415585,0.037468573206889726,0.035761203961466925,0.028920135589887506,1,five
0.016841865936074396,0.022996542296731374,0.03440009659910381,0.033629992120310814,0.019557831533155837,0.0023426638820393518,0.03225182747342158,0.03688598860875831,0.0347909830490334,0.027894255741394324,1,five
0.01648841238458508,0.022114258830887776,0.033869567902846065,0.03277633590234974,0.019178171926714685,0.002463456562423271,0.03108363777648436,0.03549126997218799,0.033765110688026456,0.027292059769366574,1,five
0.015599603821018385,0.02088650489671108,0.032479483078542454,0.033052789691996376,0.021306252183610097,0.002190961195672025,0.03072929545583014,0.03618499512294491,0.0347934149184673,0.028126743359703877,1,five
0.015526594345629141,0.02135882419430993,0.032326812709853575,0.03494194416808451,0.022276764359394755,0.002610948599567351,0.029936891330208756,0.03626328244018105,0.0358597286888277,0.029869191711310025,1,five
0.016343838906786992,0.02200653316223206,0.03329351873404987,0.03595708672310255,0.021824586450456276,0.0025691001078374815,0.030984300344324166,0.03764337783497038,0.03726501162860586,0.03096411584364945,1,five
0.01756884183373071,0.02455516564642736,0.03669402561076082,0.03757825102812752,0.023433513996006364,0.0026953996772735027,0.031109759595694307,0.03853694429945467,0.038611592764001626,0.03242286749839425,1,five
0.01929633571167708,0.023776106825660025,0.034609461072936824,0.03483325491425117,0.02138319946190648,0.0032431880361601787,0.037673370742173036,0.04584285886709967,0.045521938408190125,0.03739845654735123,1,five
0.019509253321363027,0.0275108127434876,0.03965671449356964,0.039364732868144126,0.024082421204633775,0.0028627827704878987,0.03443654497410011,0.04145834563949095,0.040990167574495404,0.03402293470070879,1,five
0.02272857263056086,0.028620608105382195,0.040543879656032206,0.03586315686774856,0.02076210623405622,0.0026636504328154346,0.03755493836691357,0.04593911056857337,0.04681567321853708,0.04106615782138797,1,five
0.020954176357096746,0.028834195501924734,0.04325865443621016,0.043039478334069736,0.025270058034087675,0.003037180816839301,0.029167920326397145,0.03636413162218238,0.03620043575960974,0.03098117556366243,1,five
0.022926540428524253,0.03075849945545557,0.04485054112042666,0.040081451477349775,0.019207123390236617,0.002859528708487014,0.03949038042291389,0.04764253491124869,0.04718459197804141,0.04007293679244339,1,five
0.022885392878136165,0.030620193371320784,0.04429966386390306,0.04191330720185195,0.024182206305805976,0.002625403964422892,0.039719577839098394,0.04803423048177971,0.04816470062484472,0.042354201542508414,1,five
0.019829359045798526,0.02920172750055805,0.04175306590194783,0.042173447928460464,0.024046453393056347,0.00268104222006927,0.02836903666055549,0.0349364217127069,0.03407753715552692,0.028417310039121655,1,five
0.02484539833981037,0.03292371677264869,0.04260072987069696,0.036071356200787136,0.017284046861569383,0.002890956935781675,0.03653700630627205,0.042830493730888805,0.0421513406208628,0.03634543063912053,1,five
0.023583493233936326,0.032163792701227725,0.04320789013915505,0.038248312011004204,0.019429406975422295,0.0026632009289871165,0.03805950850491663,0.046121990529488247,0.04604559133763167,0.04002064599779671,1,five
0.02808615314666058,0.037398641468448235,0.05307545010835957,0.047318998075797106,0.023220096026022097,0.003292389870173513,0.04235737574464395,0.05053955432830495,0.04992117381863177,0.043088419081230366,1,five
0.034138666062022344,0.04502772115206627,0.0630093282545531,0.058106368726941415,0.027886407698945403,0.0037971514694010184,0.051596285133512665,0.06098758777421635,0.05964698222749376,0.05088148340627971,1,five
0.04327096873575531,0.05815997605709278,0.07839837392457172,0.07309804256899922,0.02590706030123041,0.004596625852471662,0.05607288585680038,0.06582327600389064,0.06281960749687102,0.051780836375312625,1,five
0.04389564511865686,0.06175269162020637,0.08887857400230538,0.08324797244273953,0.027344624365054637,0.004548525556690939,0.06537024527027219,0.07772021765898493,0.07487328514102139,0.06108459301171359,1,five
0.050372498553692205,0.07061707457503587,0.1074886009146781,0.1071690891693976,0.0669822687526847,0.004942359068845148,0.07513461794345082,0.08886432937493789,0.08662124097372433,0.07363965923039258,1,five
0.05087758532371535,0.07378355556400785,0.1045704033951786,0.10730036120106484,0.06907479131424937,0.005307540830893338,0.07285656767770765,0.08863798960768428,0.08803336376450896,0.07661626265432941,1,five
0.04880260806557403,0.07229024263477336,0.10753172395158278,0.10867317227786462,0.06760242926560901,0.0049599009561270705,0.0733205828331597,0.08952693367897291,0.08848667903937828,0.07603747084285045,1,five
0.05174896481350949,0.07370636096046303,0.11202515019516418,0.11606491209268412,0.06911579635051247,0.005301607328662773,0.08482590541687061,0.09948523628354894,0.09690089540714647,0.08231007934811045,1,five
0.05083279336387837,0.07830117451021229,0.11415179615307537,0.11527657009729758,0.06976216490940496,0.0052044150026026225,0.0811307740819503,0.09629208404056278,0.094380324296821,0.08176346420965838,1,five
0.05154901081615493,0.0793092427054355,0.116241755470882,0.11860576984263439,0.06981409915565645,0.005903917420573823,0.08133994451232017,0.09564859604301376,0.09341780885672454,0.08027879189470709,1,five
0.046063645239050724,0.0684180044773436,0.10407517870016686,0.10574557684612629,0.06111232399363514,0.005242471707276975,0.07450504267431644,0.09080109102689675,0.08887418162227256,0.07392069035037323,1,five
0.048349277094138,0.07149510951130225,0.11031493216516554,0.11381900181947342,0.06611385217675393,0.005353597393907796,0.08488030342506724,0.10038134286816118,0.09806089391376797,0.08103715906030268,1,five
0.05128571561748352,0.0751590317603803,0.1153004613737807,0.11781980687104998,0.07114564235897314,0.0056230372512893895,0.08267330991527005,0.09863957006718967,0.0958833675769087,0.08065629452902004,1,five
0.048653503050631486,0.07199532216628612,0.11056073621958112,0.11364191616334668,0.06968337828357929,0.005579848671594248,0.08373824498690026,0.09991769008526617,0.09760193466216528,0.08127412950484822,1,five
0.0504027288103997,0.07370299186175933,0.11414437095851221,0.12078994886737622,0.0724668210831414,0.007414891434951281,0.07413849069434525,0.09216431759872554,0.0919716696719776,0.0777314325879623,1,five
0.05428715197985534,0.07414007997875434,0.10559597663874777,0.12441928317286444,0.0717114900993226,0.0077432505432663435,0.09214552128777585,0.10846864743760831,0.1067312163768663,0.08961976076507966,1,five
0.0520529391360649,0.07922791143071439,0.12134541292329439,0.12334230088097799,0.07816711858659692,0.007408820501921708,0.08330007740185197,0.1016686927681743,0.10058887760247942,0.08456932001883276,1,five
0.05606799766754761,0.08153154427667447,0.1246953688819419,0.12394360372817159,0.07652844915020474,0.008131413342636735,0.08486451526540384,0.10347357951726967,0.10356826473492466,0.08822230383950096,1,five
0.05777352464974195,0.08322124780966114,0.1271702037083784,0.12213791151140324,0.07233772725919341,0.007688903535290883,0.08488349374689108,0.10315907543699043,0.10328789210309501,0.08837302374417365,1,five
0.057866836598310434,0.08066940218378396,0.11784732736711179,0.11713360568241873,0.06982770955384976,0.007695280953619555,0.08476818642704201,0.1036235057666923,0.10391569461815318,0.08922012773651039,1,five
0.05813567572543339,0.08086695438218534,0.11446632823940296,0.11617059994207818,0.06675204529165168,0.008494086040632566,0.08307676601953853,0.10074502710731575,0.09991082177082704,0.08432476809321454,1,five
0.05484700795554183,0.07690537001805611,0.11276248253245365,0.11263518427572922,0.06849192905464752,0.00813318092408196,0.07870058153432061,0.09610149283147941,0.09546947151282836,0.08102102073417514,1,five
0.05101880587209569,0.07998424782256486,0.11134317054636572,0.11407870650244067,0.06770458376445326,0.008690541088413956,0.07069103243422191,0.08739252499688183,0.08854049950304325,0.07669982251708243,1,five
0.05243752140506365,0.0755285146214722,0.10720325004454578,0.1077238430464798,0.06711760670830635,0.007872364787000926,0.07434277116085555,0.09117484678971953,0.0919971479797707,0.08003529516986967,1,five
0.035440928145376485,0.05592454135010089,0.08351275574104701,0.08828586337101735,0.051357074388867,0.005869070903245255,0.05065091050000669,0.06557693019186324,0.06695531450472382,0.05912061488086055,1,five
0.04046830675667569,0.059312759013598795,0.08733428495701835,0.08549039724623998,0.04974352251238662,0.00602898032352785,0.06373539388147505,0.07943758986272258,0.08205070221605651,0.07406994035197155,1,five
0.03360724311935649,0.05529749273613338,0.08464207798806446,0.07864445677282296,0.027707159941166806,0.005626474946874381,0.056462649193405594,0.07080835074935372,0.07134309351871249,0.061877551095104934,1,five
0.03353288475461419,0.05534923359510846,0.08491992561645129,0.0873744148832424,0.05004517052384916,0.005225445746091998,0.05437044288986815,0.06668528289375587,0.06584167274401237,0.05688466081744712,1,five
0.03396209793185835,0.05325775776026781,0.08181973731243498,0.08500776849615722,0.04797188581928463,0.004774572949500462,0.05916485627484201,0.0731507837647838,0.07278871552964067,0.06191648956611985,1,five
0.03625485468621793,0.053996709891340214,0.0823407013434867,0.0829647703614978,0.04845105359978609,0.004991649206497564,0.06252214348559196,0.07647319163369996,0.0757296928748211,0.06425833437689797,1,five
0.038076808781748586,0.055340236805013,0.08339029941894932,0.08372570604023455,0.05105863302024449,0.005274730251414873,0.06092479379743295,0.07352174335751448,0.07274310735226684,0.062068942757811746,1,five
0.03459841224016193,0.049373492292765234,0.0723842403086863,0.0747198362974665,0.046005755998025935,0.004697027872019182,0.05887285169721357,0.07112865982854469,0.07028786550693268,0.06041576315112932,1,five
0.035008769664449005,0.04673724409394625,0.0690385387081962,0.07190779504981361,0.04558797612063427,0.004508911073571686,0.05710915695236448,0.07021129892468196,0.07013808019326906,0.06042031536937878,1,five
0.030938725911733522,0.03704674710300809,0.05562491211322308,0.058658853643180076,0.03738289828537879,0.0030699316794412647,0.053602814110124894,0.06383795314706917,0.06271101356416216,0.05308575781053118,1,five
0.02159674363575065,0.030899149526889227,0.04540903023942745,0.04845274298755854,0.030718335328418625,0.002795674736445022,0.04057257892451929,0.047960718996695524,0.04680396337293816,0.039379140435518274,1,five
0.015140613928200042,0.022016576864182014,0.031089861289007426,0.03252806488044992,0.01962791082489669,0.002046621426463773,0.025794903392374967,0.030817285344236566,0.02979196199319276,0.025052990787269466,1,five
0.015701645947775733,0.023677081946847034,0.03365863592984006,0.03338794272668455,0.019599350108821204,0.002023033450962922,0.026900183342184178,0.032142067628484754,0.031813022460578565,0.027128741424207965,1,five
0.012358755817018674,0.01692604288018186,0.023586436133307354,0.022599559123526847,0.013548587776233481,0.001475627237049,0.01838710745242413,0.022293531532307086,0.022351002337323157,0.019384423383965156,1,five
0.009928842606653169,0.012754706032696454,0.01721505767401871,0.01700256230446251,0.00992897059252941,0.0013366391979035437,0.017541395243328952,0.02072527415089949,0.020292978059879292,0.01721879819818918,1,five
0.007939759464287495,0.010745987497058143,0.014254670537691708,0.013636347008098293,0.007705661105131281,0.001033549582364477,0.013059636486747597,0.01520100548699263,0.014729179743949255,0.012414369808684628,1,five
0.007884472517075247,0.0077034235822601655,0.01072021106658188,0.01129892814304229,0.0064504629713461915,0.0008068893713529708,0.011744800799798871,0.01347336631361512,0.012627598604743197,0.010360328296739187,1,five
0.00873646827186442,0.00988403820133614,0.012314491313020329,0.012174506876419581,0.006913695625010521,0.0009977745522700477,0.01243461585193347,0.01419987464001045,0.013547708448121686,0.011343473212529102,1,five
0.008763368873160541,0.010100095633103184,0.012393985436606851,0.012095464968661932,0.00727755683676059,0.0009001911543407,0.012508790881587363,0.014533769820814519,0.014111083228284579,0.01190992596737552,1,five
0.009518188611358946,0.010620874475438857,0.013151629147609454,0.012580175449896668,0.007428885436089383,0.0009525686181223642,0.013052260784658598,0.014915226613635521,0.014393990724694439,0.01209347736908223,1,five
0.011726285617960165,0.01157919042396114,0.014420642390368447,0.013477844561915697,0.007384987121309709,0.001220583117807678,0.016534896304953983,0.017893342577917387,0.016251618500421436,0.012729361598862832,1,five
0.011431823930806554,0.012819244181239642,0.016391843078485943,0.015063407458631148,0.00809775968954031,0.0012223441941956687,0.0166647437833684,0.018531382675632837,0.017209657211965688,0.0137889368205378,1,five
0.0103936830022371,0.01280209224290069,0.016679377661282836,0.01506797988351511,0.008053572610407213,0.0012391706925673816,0.016648658277594285,0.01862521716267032,0.017413291661623656,0.014030161115517213,1,five
0.01026127552578257,0.013145354216395191,0.01725723012727199,0.015773652943978977,0.008233421287813278,0.00102425708694619,0.017223576238105033,0.019626908091044327,0.018631975886131864,0.01513575173472787,1,five
0.00840522176702413,0.012440814410906782,0.016787378967803388,0.014976010057404232,0.007744608274674079,0.0010572427306655833,0.01708179665922643,0.019505504433653176,0.018349725515274893,0.014786239522690701,1,five
0.010359544977818914,0.012498473230645214,0.01661355108611354,0.015214177334667296,0.008107825408092642,0.0011631492639615484,0.017640855309678877,0.01956394501551771,0.018194094702713756,0.014663928655419906,1,five
0.010385899063657493,0.012627250986859156,0.016308366120729865,0.014776940984378345,0.007887753980551946,0.0011715947350702466,0.017058162695861714,0.019230644200385925,0.01800555856728461,0.014403204878981685,1,five
0.00911899674706268,0.011949953645844953,0.016583380987948926,0.015726682383728728,0.008616140853848285,0.001208519074559559,0.018530111073752558,0.020545538483420753,0.01888587331820789,0.014760919630663448,1,five
0.011789826923774394,0.012939359648972595,0.01711763478778061,0.015917319660606336,0.008377067313331935,0.0012234385460484774,0.018643706382604187,0.020620426098123243,0.01908906139743971,0.015224240576131119,1,five
0.009054961983767373,0.011096669039378258,0.01713116336533601,0.01673431396943227,0.009837083656737303,0.0009633463915487415,0.014681486662113299,0.017324355200969775,0.016315689540983152,0.013066958538960508,1,five
0.00924177001744735,0.010662182994408385,0.016638941254094434,0.016059568950718504,0.008711454813659678,0.0013256926945904755,0.01802460717619597,0.020533458046068192,0.019560347755341965,0.015827671093917778,1,five
0.009594906328372304,0.010763583847395553,0.016020110964874882,0.01655018384822804,0.009812354201481535,0.0011969255778561938,0.017823167774151865,0.020763691586299027,0.0202686639956604,0.01701772235396053,1,five
0.006509285496804854,0.00961118595518887,0.016049602314109904,0.015862531452530308,0.011376411597232797,0.0009021681177831446,0.010904748813777895,0.013921122141431116,0.01404786255318915,0.012473557737722357,1,five
0.007260545131064087,0.009385484647039564,0.014704381315315436,0.016361428521275992,0.011525348673443736,0.0009892040714957824,0.013050288376196132,0.016149631494785866,0.01643640862154589,0.014817177434626084,1,five
0.006989094815511038,0.008777569554835662,0.014614197850483714,0.01626747723527512,0.011558887248584018,0.000961204533203627,0.014415070130867177,0.017276008559011808,0.017209183343921367,0.01481441672644819,1,five
0.007151851956878622,0.008889435371012814,0.015051541000408179,0.01621021878645769,0.011396339475640619,0.0009084535110297599,0.013727434727464446,0.016971450398108563,0.017453474160467705,0.01548899340647967,1,five
0.00643035684662221,0.008650378544230484,0.014557708075338877,0.015472773701082382,0.011562586772540965,0.0009688173204191305,0.013643141638415426,0.01726594910091161,0.018145495460430913,0.01654611576804552,1,five
0.006724039817800822,0.00808238339064711,0.013144127784445875,0.015020406356159255,0.01123421132912936,0.0009940090750330634,0.014254487490924575,0.017892157265122083,0.018693350475120725,0.016850586078736764,1,five
0.007001798618900747,0.008239896902059729,0.013693123723292074,0.015456851874363332,0.011065561164356724,0.0011998534658174197,0.015878751650061126,0.01993409888773292,0.020810305889250008,0.018531467925589032,1,five
0.007378277541616829,0.008398234533583774,0.014165523437580369,0.01596143085201831,0.011959216479249666,0.0011170015465091674,0.015343335020755657,0.01913523397056168,0.0202328522293253,0.018652775839822753,1,five
0.006387156683670129,0.009262874825012049,0.01507853742759888,0.01640772164495605,0.011684524747204217,0.0011284049113964218,0.011207768119404085,0.014959718996786246,0.01573447386765309,0.01431601558642202,1,five
0.007482557092831425,0.009280263985617961,0.015216477622575468,0.01656064724631428,0.01198278186149818,0.0012088341352123415,0.014607818069579214,0.01854204728645986,0.019728392444014954,0.018123285830094003,1,five
0.007780234143267593,0.00907782346138589,0.015061625682482246,0.016746025567269174,0.012793799601990289,0.00117061923414549,0.014933112783672205,0.018701097844137916,0.019652395981928007,0.018105361166942502,1,five
0.009539126490912056,0.010727534706218008,0.01750004519848429,0.0182439228645042,0.012616860044639636,0.0012189525857694973,0.016956827330034015,0.021185471076482554,0.021697604714368813,0.018956720165682867,1,five
0.012062275000062631,0.014311707617309877,0.021736016620673718,0.01987199654478689,0.009787817601715931,0.0013525589834966344,0.02001850414666855,0.02462891841012381,0.024788755955352283,0.02136327761225173,1,five
0.01294952518897767,0.016015632037482255,0.023582154543491277,0.021359887557437895,0.01229586888346135,0.0014352757991808688,0.021537268914006633,0.026458341243761747,0.02700088209639348,0.023974076396357846,1,five
0.01239553188515357,0.015909109780849577,0.022588250393238883,0.02200814075670454,0.01361586652685565,0.0016101025684994415,0.018305433701837005,0.02169361363620031,0.021274538667647766,0.01820240676247493,1,five
0.013684424515793346,0.016936488273529147,0.022215893518378264,0.019867149905629378,0.010749070197837527,0.0014253445002558713,0.018305264548972053,0.021962038208855058,0.021825143201665825,0.01929135622424455,1,five
0.012749642637953341,0.01583397547303906,0.020864146243173946,0.019868625742223492,0.011330284306451558,0.0014189651422184403,0.01846925877443894,0.022022825165000974,0.021935174484403977,0.019142976948697,1,five
0.012495782345098076,0.015762559659443932,0.020250624781037067,0.018875019368669282,0.010956132580335762,0.0013776456162310504,0.017966413222779642,0.02144780224329794,0.021372031734398535,0.018671791439494836,1,five
0.010767297942581217,0.013922238175544777,0.01947037104744721,0.018153860500107713,0.010773817785392985,0.0015012516358771791,0.0178329697955497,0.021015324280323752,0.020852995876603976,0.018265189488232452,1,five
0.01144680415886759,0.013772826884186781,0.018959017999652383,0.017378027942909643,0.010079604657982202,0.001399803620148001,0.018037217014723286,0.021154012703070657,0.020919227787835122,0.01836844581706769,1,five
0.010542285293061837,0.014741532862483683,0.020094044344933462,0.017671157451341284,0.010704464493723767,0.0013465239629329667,0.01845117122629497,0.021548770437073636,0.02103996131391772,0.018092719424424666,1,five
0.010934069502911703,0.015776627930548966,0.020769537831312888,0.019084145418376722,0.01133897382329888,0.0012856945990491794,0.017334245426479725,0.02058277815302145,0.020133189794396558,0.017026915744842643,1,five
0.011368273560554452,0.016034871789599024,0.02044518572802873,0.019540274922741144,0.011551554580855636,0.0013467241989433961,0.01829076963365477,0.021436273653440578,0.020941907727122497,0.017813907228730316,1,five
0.011392246561292483,0.015819448221086583,0.020817091376665684,0.01985715702364183,0.011499295831198523,0.0013512059234982614,0.01813164685702271,0.021253050659502004,0.020781979475817367,0.017671714489982955,1,five
0.010897373028699617,0.015846065930198418,0.021546190803815382,0.019645111382692596,0.01174077962273451,0.001409394121079903,0.017907936359047444,0.02101023135296051,0.02043111610521747,0.01718504812191845,1,five
0.010777623500502268,0.016643048759779816,0.02194060892977865,0.01941659235892801,0.009834302433785837,0.0012803191314821613,0.019469965032998214,0.022577273508870472,0.022107424244363277,0.018770800231399917,1,five
0.011703166169648813,0.018450530913479982,0.025402140957727762,0.024085849495135092,0.013771711270205392,0.0016206293291583763,0.01957142530220501,0.02313880668133802,0.0225446149806476,0.019173672122776615,1,five
0.012717701021776051,0.019133086806678856,0.026027768830644962,0.024906195519351446,0.013797513598910585,0.0016488583888686695,0.022116549990666094,0.025908601365450347,0.02503478281804291,0.021029325828381826,1,five
0.011957425141450376,0.018944445788787127,0.02630373059960295,0.025900587076041207,0.015379237290418544,0.0016314477547800783,0.01861908939874377,0.022996181084399065,0.023093474447824548,0.020032536755979564,1,five
0.012493911343397949,0.012215747904704626,0.011322959568766723,0.011601247166028408,0.008000995070297636,0.0014205067131121212,0.017616434569477084,0.020674641428133123,0.020937935820150827,0.01851951600743873,1,five
0.019159111489861838,0.021652828670471892,0.01589838339426441,0.023897724371744655,0.014026098691825063,0.0030467822233597934,0.024197207733121298,0.02692960758745183,0.027124197221297802,0.025807359491050903,1,five
0.01168469523022084,0.01011270880794999,0.012471537893219947,0.014763487593350012,0.013197953632767424,0.001979446645993012,0.02278671521120935,0.027942162796571923,0.029654952502820638,0.027759976705761902,1,five
0.020399703437843194,0.014534901600239418,0.014420003885685035,0.017577235206196733,0.014018233609184319,0.0017932781202598157,0.017847200304762317,0.020731669721305784,0.02288675907939446,0.02544450088900066,1,five
0.01112161353564015,0.011535676888137935,0.015400540941836566,0.018853607452754738,0.014629797581577508,0.0021619665037299544,0.02412836406907931,0.029350607395798884,0.031156783510954657,0.02928630885129788,1,five
0.012320887281945917,0.01959190747532433,0.027471792822569317,0.02593427520035202,0.01655657482734353,0.0025132378267059387,0.017327965689710834,0.02322486797718958,0.024953518706210858,0.023176805421830735,1,five
0.011631495201153239,0.01644762620886309,0.024724026603334046,0.026596482127714594,0.015209911834763199,0.0020128726586971487,0.023024615636495157,0.028782260660293865,0.0303346690052908,0.02769026009794743,1,five
0.013062751559733687,0.01913666622547229,0.027166030930272315,0.025553944206141935,0.016878123006439552,0.002324885284336378,0.021398260263423806,0.02771826978681003,0.029939644578277927,0.02821917243297846,1,five
0.012906205584258094,0.0185684725342383,0.027309574570064055,0.027544153728092827,0.017635685703914054,0.0024038133080021683,0.020321979799283886,0.026341538133013955,0.028340940221506267,0.026632640898693764,1,five
0.013332121803860234,0.01875954070318677,0.027481578127325046,0.027301474088817643,0.017544818820454236,0.0025275433432725082,0.02079662559523932,0.02700614874924389,0.028961672008883867,0.027084497064697326,1,five
0.013608178210354652,0.019139950046115243,0.02766826597609852,0.02766311662494575,0.01909859278330756,0.0026311737800256696,0.021277147174624624,0.027835476698130825,0.030034170303036387,0.02824663019963121,1,five
0.05055120606671938,0.07852149439839029,0.0906941853415969,0.08094479739490051,0.050802111658504234,0.005964488019964682,0.0701608563671898,0.080995484284594,0.07660007265234527,0.06009064555311946,0,five
0.044140054062858494,0.06887981906480206,0.09242473909272562,0.07195567324103487,0.036794434125664355,0.006603587139785235,0.07417251892068076,0.08494303684747108,0.08069273986542293,0.06533058809166757,0,five
0.045391093086777856,0.06879305626140866,0.09412273893556235,0.08044209401743557,0.039807627613727484,0.0063039452214386765,0.0831432139925366,0.09522681392349339,0.09059631485842126,0.07307953125885508,0,five
0.04705804430310269,0.06907023848863832,0.09127036050470651,0.08405592597518768,0.053387388444199005,0.006421081974522095,0.08616728797840402,0.09804216650449407,0.09429196277799232,0.07773566280803346,0,five
0.04853414111331812,0.06844135487703408,0.09367585753161914,0.08461602749241055,0.05297937758677186,0.006348168779462002,0.08756465320238026,0.10012551771639194,0.09552660925233011,0.07800190665495571,0,five
0.04479933513140745,0.07021604307608999,0.10162839987793007,0.08715874729992114,0.043709044981613,0.006969984448460387,0.09104945613000426,0.10286921349674688,0.09704674204826157,0.07807707234900796,0,five
0.04442969676339903,0.07360901783048303,0.10629503105035236,0.09357786494139321,0.06227835093370193,0.006746715371355093,0.08974043360628384,0.10300104628235975,0.0991807709718078,0.08186632685846229,0,five
0.0415238923840139,0.06740297550894127,0.10368877536912856,0.09463362004564693,0.06308576196942407,0.006780778428015749,0.08639649739649724,0.10008786227085856,0.09711566711638749,0.08103611186053566,0,five
0.04378743304239063,0.07099854717583133,0.10240286839422193,0.09157340504471587,0.05733043382333991,0.0070152935519286605,0.0863960124955234,0.10022224582395217,0.09639916615633709,0.0801811495522679,0,five
0.041425742180896244,0.06812630429047872,0.0971446431286529,0.08668222332452577,0.057462066248184646,0.007038876813131524,0.07703209329326502,0.08877769605239852,0.08504460748332553,0.07089953244007965,0,five
0.04007533915671796,0.06837448295663229,0.09255294469404346,0.08618246279901606,0.05415470448164103,0.006470661136820915,0.06788689420668748,0.07531913371927193,0.06964207466491285,0.05812524976828186,0,five
0.04053944181982928,0.06389701517977543,0.08637097574366975,0.08236925296151373,0.05052994614785242,0.005926688270775354,0.06413346416769415,0.07120276843945368,0.06632002859061382,0.054528298275633845,0,five
0.043578336266774376,0.06247008034539371,0.08474389100731394,0.07614986045803557,0.045301151725528524,0.005808890881702696,0.07336251989029516,0.08017020231079668,0.07428623846890245,0.0595583453568898,0,five
0.04515609079194595,0.058690645549001275,0.07481862485152124,0.07030089983301396,0.040878316526647376,0.006417010695623887,0.07065795565909953,0.0772927537666406,0.07020801240558384,0.05563135834435283,0,five
0.04354295688276327,0.058811714470851886,0.07525754162533416,0.06987655927375937,0.04072157629214436,0.005889241870851811,0.07045559524945166,0.07694789381337494,0.06974397220168277,0.05401151610835739,0,five
0.041173877420644725,0.059142917301029954,0.07687963598098214,0.06772823629063952,0.03811050841918408,0.005114802060367563,0.0643781057832943,0.07121193918886305,0.0649233104280343,0.050201017349407545,0,five
0.036532387357454024,0.057990452835815734,0.07742258963449956,0.06812973456582273,0.037115651583025336,0.004513334284581439,0.05882835659944515,0.06455864157786882,0.05878583360479753,0.04558553271466065,0,five
0.03740948432133197,0.057488078876177406,0.0754882505672201,0.06806477256569488,0.03697949351906621,0.004534376448608405,0.057429163003838136,0.06378650703433089,0.05750243030871364,0.04362050698685382,0,five
0.03578458288756006,0.05673515352988151,0.07544720464765509,0.0679495604524703,0.03558728347561241,0.00480928398037207,0.060506286508389545,0.06725845985909039,0.06112499740767984,0.0468874374347576,0,five
0.034692018006815664,0.05547392176693912,0.07560135647633115,0.0687081232028302,0.0364072910404758,0.004320731121372191,0.0561138685121435,0.0633312695812226,0.058140111442607674,0.04493873189956922,0,five
0.03045797616333079,0.0515864640677286,0.07230297821951148,0.06749172814859707,0.03573102845521038,0.0048306630526835466,0.0450030527632498,0.05192913097325815,0.04787061511875061,0.03602735703797397,0,five
0.027207961633263947,0.050202112449266645,0.06978545229794708,0.06314110116352684,0.033386714963830846,0.0035672618636736287,0.05325935162633673,0.06079380725262172,0.05683157201781643,0.04374870225305163,0,five
0.030488483440750405,0.0523635639856197,0.07270386956252223,0.06556303429270849,0.0356650349537162,0.004249487794973204,0.04909790923688727,0.05759092117349172,0.05404368392450337,0.041997367051808815,0,five
0.03180197444054195,0.0484646244509046,0.0680181786201226,0.06491037800691847,0.03487767495174078,0.004450399784332571,0.05367078463994537,0.06124048660517963,0.056003332405698346,0.042307315886818186,0,five
0.024202534787544805,0.04373167936497836,0.06358827066621814,0.05924788427952721,0.032663127678282736,0.004102858716912639,0.041541051651614126,0.04940029271465579,0.04745945124024596,0.037437442389990985,0,five
0.022620573920869858,0.04389689172725242,0.05865424654006063,0.059226808997005845,0.029048656893983227,0.0055106004457186036,0.033348769053364806,0.04078254669899433,0.03955557569307887,0.031053797397685552,1,five
0.023161150294434527,0.0431481788060082,0.05979553983820708,0.05678845625457957,0.03034447892196969,0.004080656956610935,0.04115231782364787,0.04994129723889182,0.048880233102968317,0.03890132769350788,0,five
0.02476102427122978,0.04349378704182917,0.06242163172088301,0.05788319922995916,0.03334228860393651,0.004604617448056986,0.043708035679459745,0.053228198990721926,0.05179155207923192,0.040976426742638655,0,five
0.028515225490871102,0.04472978851949133,0.0593888722638818,0.0544053485147107,0.03148520777958397,0.005444951792742503,0.05789346357829712,0.06977288017308457,0.06902132853341299,0.054580377477823266,0,five
0.02925351141966294,0.04691773672785976,0.06375123910008253,0.05627898113611801,0.031210866065174203,0.004812254060400186,0.05238044559199738,0.06311135852592237,0.06186416136024259,0.04959897317371317,0,five
0.029859624485586045,0.04936527506796064,0.06459185701352205,0.05662746482245619,0.03313353419009979,0.005164792910939079,0.05092907843839742,0.061430799318852196,0.05984349612715162,0.04728404401342375,0,five
0.027419785163749492,0.04861576304159644,0.06594722628576394,0.061221057417448224,0.03717565861488249,0.004774245726973228,0.05127263689457529,0.06091094767435575,0.059763798322298396,0.0491803527347449,0,five
0.02932873966405497,0.0519757836427997,0.07400621021284648,0.06455116810085865,0.0255628377069137,0.006459462310333096,0.05203990394251831,0.06321532018519269,0.06246428472547687,0.0525152744474197,1,five
0.030284398926860093,0.047697195542876214,0.07468789706199266,0.06255955950687166,0.029179648586926246,0.005052665325795947,0.06282418811437453,0.07338064399356878,0.07069389440913816,0.05693069122123255,0,five
0.030064826448663876,0.0487156783127919,0.07250066193038632,0.06707508576226652,0.04137829062113779,0.004881882878708174,0.060949711195143225,0.07281926638033356,0.07137136235287565,0.05887877263825522,0,five
0.03184852816449535,0.05048776797713929,0.07755390291758868,0.06765481569688853,0.0237785594412432,0.005169815688511939,0.06373896407150371,0.07389429724854607,0.07051379918140445,0.05662723397620733,0,five
0.030322807252061212,0.04834538919450898,0.0691822574757517,0.06189463706116194,0.0397618634107893,0.004634363799522102,0.05340891199368653,0.06355897185567953,0.06260175053440052,0.052893413898913895,0,five
0.03008767345998721,0.045225350348375465,0.06510319319906882,0.06047353492237652,0.03746550514328484,0.004132712040766883,0.05323484239943443,0.06372692611980052,0.06254394434206179,0.05313548286182636,0,five
0.02340909024941107,0.04053815155262998,0.05876936501224206,0.051517814273220566,0.030270064478687644,0.0036781518220628364,0.04425090560936319,0.0533249651381649,0.05277525195326301,0.04447810362576423,0,five
0.020813422869917553,0.0384668285971409,0.05047350471571278,0.04441398431517653,0.024252232917085614,0.0029121884873850733,0.04047301245516919,0.04802269245676397,0.046731531114825725,0.03908163045455643,0,five
0.018365453209913243,0.03289165689559331,0.045080575849908225,0.03960232800646847,0.02180850913981419,0.002554368471171982,0.04051972515048845,0.04683541945792798,0.04438150814511003,0.036257342141834216,0,five
0.016084180120052725,0.028785645401798208,0.03842955789219661,0.034539397049288045,0.019383500705638226,0.0021177335866038177,0.03293366478235663,0.03973619451782235,0.03862094400129659,0.03207734099986182,0,five
0.01293300037781012,0.02375816347521934,0.03148095090965336,0.02927091276842586,0.017345918928896087,0.0020398130905489456,0.026027532535602742,0.03202393229436818,0.03188418989308027,0.02724791768646394,0,five
0.012440646276051046,0.022462890930853754,0.03130046699238388,0.03007136729329342,0.018348635274368932,0.002131793016413462,0.025318129280516428,0.03073226357984894,0.030061032897165166,0.02529547691784719,0,five
0.01155052612026286,0.020726001508994563,0.02890376589240268,0.026365986117822985,0.01582885799743206,0.0019938678109420577,0.023904271260065578,0.028811677634382006,0.028154765365925268,0.023201601686463125,0,five
0.01281443324628501,0.020635201825625504,0.028962944539440386,0.027613824892236183,0.01652167800690427,0.0018824357638227774,0.02599099824486882,0.030718242638598948,0.02924949598470896,0.02381105583716032,0,five
0.011941541400268405,0.020677488383673837,0.029232159368952963,0.026947196382279746,0.014956724198589302,0.001770637055657378,0.02541449221277091,0.030326962691814365,0.029026720321580227,0.023560320227048313,0,five
0.011071852451902845,0.021936423197185487,0.027825424913467737,0.025236359336828777,0.014342235150746743,0.00187499236713561,0.02413852561392193,0.028719668246530952,0.02743526868423164,0.021546775538593587,0,five
0.009381509114046394,0.02259813491459922,0.03157513994248762,0.03025720130604699,0.01579794459605545,0.0026950561627187217,0.02087980756344813,0.026642316783139528,0.026674955982557452,0.02184888039267817,1,five
0.00846640531417073,0.022780673734235757,0.030776982184021542,0.03195965691535396,0.017855218990791066,0.00311137117086706,0.01812906727078752,0.023587857867271356,0.023675944625925087,0.01876337261470812,1,five
0.010111092384924802,0.021886478929792244,0.03204704824891813,0.030012012512357633,0.016913217698947547,0.0022960492873345673,0.02451259646200206,0.03155719838093326,0.03215173237836258,0.027127394333696084,0,five
0.010449250255751417,0.021534579919251066,0.031604388413104145,0.03031016735901404,0.018298080390144522,0.0022339334408274223,0.02348200672818764,0.030517447517206083,0.031625887790468946,0.027369393778017153,0,five
0.010364802052660896,0.025067067122202316,0.032349566566001756,0.035741410510632524,0.019879291114382802,0.004209338022279499,0.017720745794324737,0.022773841326817278,0.023432017928884608,0.01950993817972865,1,five
0.011111369806069984,0.0226764917251341,0.03242516598845166,0.03096466204544024,0.02042593159710676,0.002941972222367706,0.02346559118611958,0.0305257872899885,0.0318665932983352,0.027454135982084755,0,five
0.012704842661242069,0.024099129291701715,0.035013576126189605,0.03247944611241828,0.021660406698603155,0.0030661556891067986,0.02451465655822286,0.03206218788821367,0.03387224399030573,0.02978784612871687,0,five
0.014179996498964762,0.026067472495294522,0.033881096313838954,0.032170381372367995,0.021079267055809092,0.0036477771803151353,0.02633622554776349,0.03462470025231594,0.03681318173257056,0.03239652630270909,0,five
0.015059087487361875,0.028390028072308424,0.03863971287409734,0.034316917862197927,0.022256826140200747,0.003781564321120298,0.03156638571520486,0.04050235402745403,0.042510307972587875,0.0370362476926699,0,five
0.016810758488325972,0.030368529078515616,0.041362908344507565,0.03651282245560261,0.02348810572950323,0.0035841275216131484,0.030848184839250975,0.04024786982041561,0.04233675539350205,0.03698504447226782,0,five
0.017610550346793055,0.03265434058208107,0.04365450662812516,0.038676963289277236,0.024245707581708423,0.0036916728598366207,0.03388897996240833,0.04297381929409117,0.044563972412408885,0.03874259307782026,0,five
0.01697602484489913,0.03024602602062526,0.040067852576811724,0.03563271389421807,0.02308394679325204,0.0036320170662138915,0.032431358866568234,0.04091359747667772,0.04232606073076235,0.03699117619610905,0,five
0.013791835929139216,0.02640959116729114,0.035890356971704396,0.032874650914908946,0.021187962453534548,0.0032061467504080074,0.025789327889840383,0.03351446550305992,0.03579954828574856,0.031886721335150185,0,five
0.012420590889724706,0.022390849701657403,0.03167911788679639,0.029719163821756493,0.019892599100805444,0.0029448929419849646,0.02236787004958703,0.02952256088761695,0.031859966042801,0.028880551246600446,0,five
0.012571301719345965,0.02074093802829692,0.02866862224858555,0.0275408168699588,0.018866173474161807,0.0033014320957969715,0.021140626715359816,0.0280611798651472,0.03045561170461299,0.027361410105706738,0,five
0.01322009960939172,0.021366614986662258,0.030512971156221882,0.028735100458131824,0.01924885826067159,0.003186324856161327,0.0209482905581366,0.027671671115612053,0.03006620119137801,0.027344281835455203,0,five
0.00944723404961598,0.01660969470295716,0.024431516774681836,0.023172406000254553,0.01695190286563643,0.002944521676891567,0.01677566656966043,0.02260092089942402,0.0248295691290389,0.02311759916447029,0,five
0.009815229657280891,0.016958906889389072,0.025283263830530825,0.022888606451086604,0.016432377057140016,0.0026424948430660124,0.018458982011096792,0.02490302065471324,0.02743045707267617,0.025832882761601887,0,five
0.009878597423496952,0.01725418649811651,0.02496069411669966,0.023760191832917776,0.01598739187188353,0.002773034227325688,0.018349422720823547,0.025046754525124594,0.027614410204249477,0.025858903307499848,0,five
0.008504246807925955,0.016768160003772917,0.026039748903194857,0.025380031175676613,0.01706870047464505,0.00226194869960956,0.01854956799025584,0.024478842979624698,0.027108217607535415,0.02596402550809932,0,five
0.007926728670886122,0.015424041949808523,0.022651529049821484,0.02438473319476026,0.01569198039217068,0.0023928333146808235,0.01623898109488757,0.021554436538562566,0.023474280641827043,0.021976482798026095,1,five
0.008467153292791352,0.018206630095373877,0.02494781463910437,0.025195537024781976,0.016155120103064968,0.0022477679760711322,0.01773115077147042,0.02267063458303899,0.023779764010456606,0.02118648593034399,1,five
0.010033991472807813,0.017726156429025197,0.026455231626468477,0.02551230193100739,0.01468911286824337,0.001916168297569993,0.023092630923978227,0.027908883401119987,0.02850831037106546,0.02492487704782592,0,five
0.010604704995674761,0.018419015143957287,0.02622977579720126,0.025926645981983798,0.016806749943848957,0.001811738145532409,0.022939745768767117,0.0280342904402928,0.029019500801944542,0.025817608249858667,0,five
0.010705555831102113,0.01865486268904494,0.025917530942195663,0.02539532904732035,0.016524218888482337,0.0019475288479937367,0.023682340573105927,0.028586679273268734,0.029092422490844847,0.02535636776362065,0,five
0.010783343110316899,0.018398107814599385,0.024753555926376125,0.025250424313282952,0.016760496477887132,0.0022284922698851996,0.020111093755439163,0.024287973233451055,0.024466244973731885,0.020932835293012694,0,five
0.008777568084946757,0.018581349853055238,0.024256950027722272,0.01950236411968348,0.007325126340787934,0.002121286129326128,0.021054198138969752,0.024795448771190366,0.024804533995322717,0.021322276203429903,0,five
0.011286756604693027,0.019274103837121928,0.025701670853591516,0.024761628554770824,0.013616863304123983,0.0022261229762287602,0.023977072826870945,0.02830190341635054,0.02815000454017212,0.023599185101046454,0,five
0.013166910232055351,0.020161577158204495,0.02726055728472443,0.026696308650391076,0.013037038023498607,0.0022261064507702755,0.024998981481051792,0.029272253665673254,0.028717973022915937,0.02427845595814159,0,five
0.013679805429326578,0.020348951926959347,0.026789071879901816,0.025485283861468533,0.016441431887264827,0.002261879621264483,0.02510061282373042,0.02955526063111366,0.028765570474495933,0.023858546945281313,0,five
0.011419567417609747,0.016135945050666747,0.021435422367893645,0.021568652696777466,0.013241101660187271,0.0016779104540544038,0.02286533546518231,0.02742458494082577,0.026839202084420342,0.022391918307213005,0,five
0.011293885825265262,0.015774910313672733,0.020777935182791255,0.020416663852479644,0.012235323236075155,0.001527664486823556,0.020901748853236257,0.02497601827740833,0.024402264366966648,0.020504944921077878,0,five
0.009623499087539348,0.013316853396169719,0.017092795258177224,0.01577870634307499,0.008989675563179148,0.00124264012427706,0.019297743643986145,0.02237651636005127,0.021822150546299424,0.018461547939720248,0,five
0.009665622337672153,0.011644866422601707,0.01414142673658704,0.013703471656220826,0.007566256860597642,0.0011550712421219652,0.017806460212921562,0.020157343402724574,0.018624132668288235,0.014693534308961684,0,five
0.0098114505466802,0.01262681032436929,0.015434765197970518,0.014702562209555695,0.008188789516999279,0.001121246025004311,0.018385350997884548,0.021026143869805156,0.019845636220273515,0.01592546387388806,0,five
0.009168346157897859,0.013335655013912096,0.015417201065307536,0.014176576722943687,0.006357289395699802,0.0013303310466786706,0.021313611138727206,0.02359040039471537,0.02163270667127679,0.016649755569646884,0,five
0.008094845267573439,0.014247653994509626,0.017083018436536927,0.01458371589499318,0.007052199666920559,0.0012445944944967859,0.021731262309373067,0.02396334731133588,0.021938420606026306,0.01678701389137183,0,five
0.00823554804923005,0.014335069471606982,0.017088715534153535,0.01518007468141036,0.007490779310669552,0.0012729780811669515,0.02152142997292268,0.02351585268196946,0.02136186230116404,0.016330369351558262,0,five
0.007567410210600593,0.013594391900981384,0.017540821950708944,0.01624752217676019,0.008135928825434433,0.0011864930620787597,0.01920085332823854,0.020923609464446127,0.019136343293287415,0.014688676852559219,0,five
0.007948209008120325,0.013878561426544148,0.01777228568849222,0.015859742590368268,0.007860777114400266,0.0011992161514525314,0.020800550347707787,0.023125975157227356,0.02128832317644755,0.01628521927596002,0,five
0.0088904185226545,0.013607357603121706,0.017490209263781545,0.015581258912996054,0.008041662728159985,0.0013589375982009857,0.01960776839376727,0.021685250076572966,0.019901575715630223,0.015263763174641802,0,five
0.008251224414383921,0.013336433044889604,0.01744451747015542,0.015950632947719316,0.00826811530108107,0.0013297925734283764,0.019135237569927084,0.021034948047176302,0.01939769201019335,0.014966402293054869,0,five
0.007533681498414755,0.012994870850213617,0.017287640422629067,0.015689678562526208,0.008628566107787426,0.0011855284776389355,0.01758480127874163,0.0195049190273462,0.017930085498577986,0.0139549583225857,0,five
0.006968273606457958,0.011842391181361267,0.017469167226043192,0.016058676839289424,0.008549796683914593,0.0011777839203888833,0.016503127058917367,0.019051402305334364,0.018087541869641077,0.014233911854091426,0,five
0.0050722770423966695,0.011273018745692698,0.016099414519039793,0.01572295758427035,0.008700394024300243,0.0011918938269206416,0.012018019683666203,0.014893412634435402,0.014818005526787461,0.012266559432407497,1,five
0.0046194804981193474,0.010869759977082519,0.01712301383433612,0.015648341920511177,0.008482753186357304,0.0010092803216669498,0.01645238832621858,0.01973419014787281,0.019335586971352247,0.0155878650568996,0,five
0.005916563662578148,0.01134523372438934,0.018171302911250995,0.016530953143279806,0.008790081400682548,0.0011702226515575341,0.013399915794398915,0.017152298132519096,0.017496228871078417,0.015083716622267585,0,five
0.0052063625851803165,0.009581245129258207,0.015052956149711087,0.015027504944620827,0.00963465361852198,0.0013724550005828463,0.011105230754221367,0.014624028282012478,0.015301363209430291,0.013048690011843549,0,five
0.00471451126936471,0.009961368408964014,0.015899907201884254,0.015427976784121902,0.009660128298849324,0.0012855335647773843,0.012824305357303632,0.01681444691846916,0.01769207449071901,0.015574905810654594,0,five
0.0055304631483988,0.009836738568144834,0.015490214630627289,0.01573267511770761,0.009609026156432946,0.0012569649325715143,0.012048251345197257,0.016121432417879028,0.017320696905858145,0.015745672929758994,0,five
0.005208858708046996,0.00894306633581711,0.014744176722251343,0.015265594389682127,0.00990552777200894,0.0014315872801554223,0.010904748485818731,0.015244329074973166,0.017053520662579202,0.01604797111337929,1,five
0.005546915590275106,0.008977925811955837,0.014499392127679426,0.014876888276050285,0.010138955768672856,0.0014711028674322237,0.00997716243493066,0.01407725087739236,0.015848700884843223,0.015101933951028658,0,five
0.006971551980947486,0.008055381793163008,0.012783577068734842,0.013688069763063526,0.011309363311074572,0.0023477988245869568,0.008476908094826627,0.012352472230965925,0.01456195988689955,0.013936214462225389,0,five
0.005566308044892312,0.00848865861540629,0.013653425309262668,0.014104756872440536,0.01150202143456941,0.0016530146255785735,0.012342064385290468,0.016749680187553382,0.0192060170157477,0.01800542948891103,0,five
0.007584242321988635,0.00843553385106852,0.013647270174343085,0.014523674094651665,0.01165179619304002,0.0020311961401362063,0.009339512241487798,0.013234508709563594,0.015471487108917237,0.0152081298482773,0,five
0.008604397353521698,0.008557326021049503,0.013210858662122293,0.013309572180496554,0.01185531461502265,0.0026400189367323064,0.00945455292105896,0.013501125289803054,0.016364953698558917,0.01648025312524063,0,five
0.008242045868669279,0.00879499936653819,0.013713518535934957,0.01456607767576757,0.012524875877279826,0.0025987954945382837,0.011437134801574444,0.016193495599678618,0.01963333154947148,0.019969211728288822,0,five
0.0069670972324935715,0.011632304949827033,0.01713053856452146,0.017070472482289337,0.014364051217764531,0.0026502538688383337,0.010901740736631053,0.015543391030418232,0.01827453159569426,0.01737400060843595,0,five
0.008917791003904,0.011314826131393453,0.014968719650843062,0.015733582831128665,0.012517338615214927,0.0026530054872062037,0.01545502197897963,0.02011972902271233,0.023112456753451513,0.022232453103320792,0,five
0.007395099883602596,0.01263855800960103,0.019993781662327736,0.01865989723763348,0.011139872771829155,0.0022030347053453928,0.016076875860949347,0.02149023281456395,0.02365682945461484,0.021846375312390198,0,five
0.008150967766713757,0.014992454710251572,0.021370630009708905,0.0199825704832847,0.014515935052224607,0.0019980263874291495,0.01568854043268146,0.021117476302368498,0.023346082225131855,0.021691154719161998,0,five
0.007573817240516676,0.016332961291941242,0.024153371879088083,0.018044956954807834,0.007314160442938068,0.002257502655562199,0.017385974860241175,0.022568028770974066,0.024715803467904612,0.023295378883693936,0,five
0.007332536022906616,0.0202380321548879,0.02239971587840514,0.012003455763443858,0.00491432749422906,0.0024073882051739376,0.018097594687097346,0.022268961579683864,0.02365824426925584,0.021878460105434882,0,five
0.009235535932590314,0.019543387922741032,0.025086302487669163,0.025226621529861413,0.014337904576473826,0.0024520472020827504,0.01599645294876253,0.020126500353022093,0.020507071630286845,0.017253496181613447,1,five
0.0101700013704792,0.020166015230961207,0.025889361402027924,0.023294513061448505,0.014754957505752762,0.0019053714566299553,0.021490117556866098,0.02643361061033337,0.02702363676622826,0.023596637381326842,0,five
0.010392723491391698,0.019959161998210684,0.026325796098291054,0.02336681608635025,0.014384743116825974,0.0019264705463764218,0.022038654739448257,0.02678876101615038,0.02691120132615818,0.023407043582690402,0,five
0.011175327515477021,0.021899826130568165,0.028306594955811455,0.022459109912906176,0.007656465751822276,0.0020869424907239372,0.02583042409780611,0.030198115269716733,0.02923258198170332,0.023817987136788954,0,five
0.012089408257096604,0.021383496541285588,0.026834643921589716,0.0231236793889026,0.013105138865718458,0.0019111635823219134,0.02498896727988073,0.02901653227867139,0.028390538305008338,0.02393582470508324,0,five
0.012756165475227954,0.021919394450380172,0.028116234680082147,0.023565112669662103,0.011037010375534964,0.0021784491166921814,0.028435693946418886,0.03200919918279284,0.030121410159025176,0.0244188109478258,0,five
0.014308579698189747,0.02289881602555713,0.027661819295747212,0.024087387236735994,0.013155226604050583,0.0022071838289829553,0.029452323780509816,0.032076651482223766,0.029703127084700576,0.0235039026870199,0,five
0.01482484083849878,0.021787820605530132,0.02449234506355004,0.01602546451993488,0.00549237612105065,0.0019138242467711258,0.028610222687547315,0.02980500682672008,0.026764841777942583,0.020634809356608427,0,five
0.017730321086512527,0.022532455898677226,0.02611450934776483,0.022464202023432564,0.008276836246279728,0.0027506974663843546,0.033392425174809975,0.03407803693648093,0.02952479877785023,0.0214691801313453,0,five
0.01823543729445862,0.022642478329663266,0.02565870221072575,0.022766098578467953,0.009738791209026463,0.00247413026901475,0.03266352144239765,0.033130873246591176,0.028858452847556382,0.02163345531607754,0,five
0.020276371002735303,0.022466829306924688,0.02428388778025279,0.017636075512407475,0.002629688515301435,0.0032404538759279134,0.0344791512523202,0.032668429219012037,0.02650380052937863,0.018267344148368746,0,five
0.02108867029963281,0.02194347507443184,0.02394245511236426,0.02042744233220545,0.00801043911412969,0.0028462517472870276,0.0337775735046566,0.03215297760722063,0.026209307437800373,0.018179449951181384,0,five
0.021554983461713504,0.020974911884700922,0.021989378636521936,0.018028579608471366,0.007469553533050872,0.00314414420917137,0.033684476848548174,0.03140116609848377,0.02544326925250836,0.01741339481506939,0,five
0.0219797520761702,0.02015105786594829,0.02176921722480725,0.018522399269739073,0.007858812944879476,0.0030239187332125345,0.032574289756107634,0.030097344036574065,0.023677401221075516,0.015715408260997637,0,five
0.022639730221850788,0.0204604691708571,0.022214345945773553,0.018471631443843187,0.00794868569554677,0.0032403654944362383,0.03271678498597807,0.030370061285644775,0.024116952604478943,0.016284696073168486,0,five
0.021814509835401577,0.020657669485452113,0.02227677827627266,0.01823505448477725,0.008312630465530314,0.003187792907063482,0.03219892052068059,0.029662724608745087,0.02350442961913226,0.015825033012682118,0,five
0.02019799125511136,0.01896948848370511,0.02018439451257179,0.016790687180185025,0.007681507663286902,0.00283506261422075,0.03082832239861664,0.029080679591237783,0.02361844336593624,0.016161854922885913,0,five
0.0190072219182981,0.018875203567803762,0.020378880715723583,0.01659259740947744,0.007480586133090716,0.0024792825651633443,0.029333608852789125,0.02756519711579753,0.022372821346029716,0.01564538875707512,0,five
0.017228674310420692,0.016922642004008073,0.018586471166552203,0.015163399755185866,0.007162043095831086,0.002336033187366149,0.025930835803780392,0.024939869864638517,0.02052722581099006,0.014450765901615504,0,five
0.01568401246582468,0.01693720861959959,0.018396035220510365,0.015149751100857145,0.007346153087274598,0.0022076824047279927,0.024829777387729988,0.023416126469453066,0.019163214291820503,0.013681981793372015,0,five
0.014288226254798087,0.015056020736291193,0.016193052722940002,0.012321593712948439,0.006141195862399148,0.0028252377998332534,0.025935114280641478,0.02596700372624908,0.02257806311040069,0.016873669587882136,0,five
0.012564115218389793,0.014211448259522419,0.015522298926960339,0.012529791178249039,0.005941380291109147,0.0016998261066174327,0.019296801370595622,0.018866519955417927,0.016026776826972254,0.011963654601410993,0,five
0.01232322033050573,0.013876228363035495,0.01541498347329505,0.012569042263594017,0.006461135525691622,0.0017320351959138423,0.019094079518537293,0.019037830488051497,0.016375858133188842,0.012228357721051433,0,five
0.01177311501695577,0.01388687099013168,0.015259596408312884,0.012396478162916863,0.0064204682893911486,0.0015613313416921952,0.018709476326079246,0.018648348373285772,0.01606362106451182,0.012089441075326897,0,five
0.00989614069791224,0.014804826618214865,0.016677759300431864,0.013919348079646912,0.007625776254849115,0.0014567376840843177,0.017285001151473557,0.018533257543464635,0.016700177286785835,0.012709092055584454,0,five
0.009353506692277636,0.015403932699988583,0.01831918673233388,0.014231771705151566,0.007690709600575163,0.0013798213961814397,0.01957076342740351,0.02131957387332305,0.01957717581071932,0.015286925067530563,0,five
0.010205702427794457,0.014979384869518976,0.01773576358790531,0.01456633004738317,0.008254646430857469,0.0014888833354219152,0.019327103559064387,0.02047031253619868,0.018552011492472514,0.01470130316672877,0,five
0.008060556785454785,0.01533770216890612,0.017001293285043698,0.014468244082105841,0.00881201192246828,0.0014039353691946638,0.015593973216044804,0.017851912502525994,0.017103070456879477,0.014003119517362642,0,five
0.015469098854694621,0.014233569175108405,0.016878984485818902,0.01837400658729013,0.010014983499810785,0.0007201478071146683,0.015947947220194266,0.019846114324168718,0.020812486653829464,0.01983553233973806,0,five
0.007157347162572228,0.013918133903440114,0.015610651897451436,0.014876410960039957,0.008437672228724411,0.0011238557963240774,0.019359405035902392,0.021850504261251565,0.021610947075941203,0.01892262641438318,0,five
0.00690095758883337,0.013772890932753246,0.016459632948185657,0.0138253658896943,0.00956209274648762,0.0016788394148068875,0.012164969110038523,0.014998404457943995,0.015335741360851899,0.013364933128224796,1,five
0.007227010608988852,0.013710433703479609,0.016709390214032283,0.014276893437156258,0.009547210823811495,0.0015549835941203764,0.014386469848898024,0.017582346105508115,0.018047292421782747,0.01617721302819778,0,five
0.006854385887510892,0.014530516565963218,0.017407250056415278,0.014716341152559296,0.01064025419768938,0.0023056921519023854,0.010475614441601668,0.01340369823655532,0.014428426915076922,0.013348334837179997,1,five
0.006716843554364305,0.013671690591928829,0.01742883998790121,0.014197992913119961,0.010362045819903996,0.0013894690143933313,0.014265724417649003,0.017620306012912562,0.018699709567803754,0.01714322527918642,0,five
0.007404972840953816,0.014081913350751984,0.0173669208772661,0.01484510863676565,0.010200082352340989,0.0018055120394962244,0.0136308997274988,0.017160724938286683,0.018325793703821702,0.017269987035706334,0,five
0.007396879836184874,0.013471502533275906,0.016934473461590903,0.01428993582282179,0.010819135021439774,0.001943367889741526,0.013274012621726759,0.01649077113844321,0.017914470043051335,0.017290441222436354,0,five
0.007531220494896824,0.013006428446485752,0.016671508277248392,0.014071522526958716,0.0100091149546533,0.0020235449185940064,0.012727511766441189,0.016000342956756747,0.017273469172200125,0.01645681413210568,0,five
0.007753875332743201,0.013295899245373388,0.016469019785453398,0.014351020721747074,0.010322919958024437,0.0021348015178095253,0.01360751419408731,0.01703420523234875,0.018347255158130262,0.0173879155321717,0,five
0.007771241289454223,0.013693588311335436,0.017377522787319244,0.014625559719270851,0.010652733703336872,0.002019748339697888,0.012919925955916744,0.01626907716208968,0.01763597047959442,0.017111001208760048,0,five
0.008865324776392694,0.016196332104592884,0.01948651613499748,0.016777450448160845,0.01198864870636819,0.002486813879158726,0.013677028889645388,0.01702869654654066,0.017946829807409477,0.016358938752813967,0,five
0.009067330696346219,0.010665682948181031,0.013311786038138955,0.015653765098500208,0.011072290270910829,0.002351462983793834,0.01812203477034048,0.02296504928621785,0.025139280790875525,0.02348744075646838,0,five
0.00954217879579403,0.01735004674749853,0.021523434708709266,0.017409740359638704,0.011933062443350937,0.0022334670102437367,0.015685472759173414,0.01937227464688876,0.02052534159400579,0.019206836400341442,0,five
