0.023775902840174227,0.03346500891530048,0.04824558111525301,0.05016230020902024,0.029682281908223473,0.002686767360472466,0.038950997538827775,0.04881036015917826,0.04797394295643425,0.03990026749252587,1,four
0.02442694503668698,0.03189526113942276,0.04811876334311177,0.0484691809226276,0.02665835800071771,0.0026973123992076803,0.038792948013204084,0.04792714379941156,0.04699123499620558,0.03913003188157829,1,four
0.0233578004211768,0.031707502382770925,0.04815423212354393,0.048834638899046004,0.027135919875000747,0.002691701999826583,0.03953283034636382,0.048342308504349715,0.04713886748944145,0.039186379835343746,1,four
0.023735244131646793,0.031213014283825738,0.048764459301385135,0.04853689815404379,0.02719823709681092,0.0029204918987902825,0.04179979132700845,0.05080193480699515,0.049100850876444474,0.040399229134787086,1,four
0.02311493315951664,0.028902161813961273,0.049217872978186264,0.05230956814796278,0.028855054364089652,0.002807536445513106,0.04255926635874905,0.0514130995543574,0.04978070872748,0.04158797032183808,1,four
0.020891671768903972,0.03202656095305728,0.05252265269511504,0.05386774795072104,0.03146041269224022,0.002825541095959532,0.04334533086959128,0.052814077275626904,0.05115722008428714,0.042190946002619065,1,four
0.020418215303020362,0.031163797575028743,0.05144551480088411,0.053241811729204,0.029989388495155034,0.0027894383352193406,0.042356707079550596,0.05251188463150365,0.05145412387984951,0.0424181792816704,1,four
0.02114279494083771,0.03218005252792838,0.052275988851118727,0.05397626081542857,0.030705601385919767,0.002785076517953636,0.042503978774191986,0.05250047043684912,0.05136251707831501,0.042548572390243275,1,four
0.02033776231636969,0.03334154484138377,0.05239493684412477,0.05578025634871442,0.03094803946813808,0.0027447699775716575,0.0436550199749451,0.05233982551344254,0.049892330219751146,0.04034214007996661,1,four
0.019663580804770167,0.03272031951146334,0.05142624257470385,0.05405060203356299,0.02841198617479869,0.002700590188740161,0.0424534661516415,0.05113399485638929,0.04925210578255335,0.0404414603740573,1,four
0.020223226283855453,0.033012478936461975,0.05289422137863031,0.054862298443758964,0.028116203696137154,0.0025028983416501434,0.042983897178268456,0.05145479908727522,0.04880944294105738,0.03919093600350765,1,four
0.02023472429578721,0.03342071947271377,0.05291657537496969,0.05437283691306617,0.028532104080999945,0.002523520382562722,0.04323150187877688,0.05208914151348602,0.04929929715624213,0.03931079908816586,1,four
0.017458287104581336,0.03309857670649702,0.05236238818122452,0.05200215150708504,0.02908760266113898,0.0025987368705348286,0.04424557189957745,0.052697056085066855,0.049703170887039634,0.03939740759220228,1,four
0.01841805070770719,0.03289779494847024,0.05151429511649455,0.051437727037149675,0.028587746302078332,0.002719491070507115,0.044636867598841105,0.053398522671318706,0.05066056638191429,0.0405286177000104,1,four
0.018777638161476276,0.03285401905181064,0.0519476900176587,0.05225287496494592,0.028675990715285815,0.0026575362525127827,0.04467728267288436,0.05335982620247676,0.050548648572739614,0.04040302441931971,1,four
0.01621824286284654,0.032472662465486204,0.05056737094907483,0.05195117341381306,0.02839566472359878,0.0025926495874284694,0.043389772461109276,0.05238581359865022,0.05010174123940419,0.04005827523520102,1,four
0.01576987339073832,0.0321879127884175,0.05099321540855489,0.05112383015882917,0.027890530770357025,0.002714205582256955,0.0446475561386226,0.05357403025921412,0.05131081822657656,0.041414498644470416,1,four
0.013492714022739896,0.03303809254262802,0.05228094901003277,0.05238374139647063,0.028547271290805032,0.0026434740687728843,0.043540028324124,0.05267450835519887,0.05089730267444633,0.04140107305834476,1,four
0.013120167395736602,0.0323139972540179,0.05180160878381029,0.0516931705176006,0.02996349657572478,0.002584701188344252,0.04357387644961588,0.05207527097619904,0.0503271598109789,0.04116772295949487,1,four
0.013005877817646519,0.032227088127799744,0.05125117764935745,0.04977959280507005,0.02900776841102949,0.0025808005929371224,0.04226918521077593,0.05084453731232542,0.049663727926607476,0.04128936758788312,1,four
0.011863171593828967,0.03176811102179822,0.05148814476314269,0.05014894198293958,0.02888419576211089,0.0024996669440606237,0.04234941443995846,0.0508112341558193,0.0494809690821084,0.04086708189925661,1,four
0.012982629331681376,0.032693099280187723,0.0515086769039331,0.05080394499925446,0.029413048335187333,0.002497208547334663,0.042623807328520454,0.05068595262078479,0.04911162061413943,0.04057353227863245,1,four
0.012439486999835714,0.03239186958005075,0.051381063487062756,0.0498934255803264,0.028909676643995796,0.0024893315334408696,0.042640132942234565,0.05068126295372499,0.049142628188245024,0.04059867353656071,1,four
0.013134903666011333,0.03290906751502577,0.05068753177322395,0.05073723323564362,0.029018464232192023,0.0024342512572951562,0.042906740684167395,0.050944954732365294,0.04934480732291843,0.040603789427308044,1,four
0.013978555403294571,0.03318941594297914,0.050683475631602304,0.05038758687530859,0.02881878753109307,0.002399783996396016,0.042885397128099544,0.05107528511479441,0.049430479525173945,0.04062846537060247,1,four
0.014979614419998486,0.032794744593259345,0.049666573797438496,0.0508146791802081,0.028662088784513165,0.0024903793110423894,0.04399332591940524,0.052216616728666156,0.05033648008088439,0.040915876781194495,1,four
0.01437469296508459,0.03188699675046393,0.050046503993732616,0.04924348981198347,0.028835864763757116,0.0024952595670838483,0.04428403001886018,0.052034758750257856,0.049950426997815926,0.0404962520859088,1,four
0.013795641475006063,0.03201620108984149,0.049050480144854136,0.04896140728924442,0.028560006001117424,0.002368061585749279,0.04339727283714688,0.05088210134005144,0.04915668580291655,0.04036222364336703,1,four
0.013397117453226262,0.031849217906401175,0.0483787145592174,0.04808599234692529,0.028768216059802634,0.002373322536411796,0.04176576517304418,0.049128449948458046,0.047561532756543734,0.03899098554275442,1,four
0.013494557314951975,0.031572871477738323,0.04689025802869308,0.04817759252497901,0.028145053771937226,0.0023870267852509654,0.04182533535462184,0.04910057898404942,0.047571407065321654,0.0390750445364332,1,four
0.013821125196405895,0.03091032448152843,0.0462430142576252,0.047948890468464456,0.02857064777565066,0.0022808307338266598,0.04178470642001568,0.04938447890295686,0.048031721773132016,0.03952933946250663,1,four
0.014234689356854072,0.02874528669015664,0.04661877797718364,0.046745692680367115,0.028107725462738264,0.0024316244906009534,0.04017134258962613,0.04822849966703144,0.047296759400031786,0.03914167332570426,1,four
0.014021264657020416,0.02722037834350527,0.04221082695009454,0.044184697353537083,0.027845423865032137,0.00233748963935376,0.038413393761729926,0.04616754242411198,0.04547824035495446,0.037851905163695986,1,four
0.013876856581452966,0.026746448217609523,0.04192727031111476,0.04286981467109097,0.026886788124259722,0.0022694045748627434,0.03676494546601891,0.04473779656963751,0.044549364615634766,0.03776356237215093,1,four
0.014098591642342232,0.02676958256743084,0.041865698439115556,0.04196397408580238,0.026769404416643328,0.002260285949791698,0.03603910101348691,0.04396055799455242,0.044091602643302356,0.03754987556566947,1,four
0.013931088378593706,0.02624643978997493,0.04100585101388898,0.042130676628549746,0.026923120657649735,0.002192423596634825,0.03633357496423025,0.04419422221026278,0.04422790198199853,0.037374970513055494,1,four
0.01438203520457361,0.026169000967071285,0.041106786718739255,0.04174036151264521,0.026204092572098603,0.0022956984434651826,0.036872475910307026,0.04516252406840361,0.04515778673733909,0.03806763490803507,1,four
0.014397107297836834,0.026410449540975392,0.04129164806022956,0.041826668952292936,0.026378458027969356,0.0023641359075513013,0.03610544993066584,0.044325881925306995,0.04429180200211363,0.037276580637863516,1,four
0.012458434941908795,0.026092926119268403,0.04108452107817674,0.04252747571269039,0.026725948465142327,0.002403015645727584,0.035482499236065314,0.043429885772177226,0.043464370878292656,0.03663011747834572,1,four
0.010558895401801664,0.02287963865581447,0.036335147049806366,0.03837854397745222,0.024442582392576684,0.0020016660559581357,0.03510849689864434,0.04177054352005865,0.03912904202667485,0.030584660562615558,1,four
0.012811657066944884,0.025297958005302157,0.03964967756469906,0.040899567246591995,0.025679804373946347,0.001985663197446057,0.03776806259022061,0.044199146259902795,0.04205031928089401,0.033643756190128285,1,four
0.012026337676333265,0.02482150162510878,0.0386405709305114,0.03881512305100654,0.02302555404664898,0.0022635739957144914,0.03896130263779383,0.045451207830336834,0.04257523897356902,0.033383232372307,1,four
0.01121150329518407,0.024750591678187137,0.03858127466574551,0.03842559897207387,0.02239197257118697,0.0022514052560661203,0.03860570513682777,0.04446790142555119,0.041187495363678724,0.03174006792124645,1,four
0.010326201014669582,0.02497883549063379,0.03882181121452549,0.04183585081862967,0.024065343147339116,0.00204878154462221,0.03743423140079455,0.0427541349896731,0.039630487334826124,0.030801158198992956,1,four
0.012687932698349245,0.02524973991042723,0.04147904592369102,0.042139438949001295,0.02498168914974798,0.002047311052321197,0.03905657144638282,0.04498530342862707,0.04220226436307936,0.033314770829545905,1,four
0.012414905169783,0.028951123036676882,0.042658376601055786,0.04448126536910847,0.02608177452759186,0.00240039762990929,0.04010476535579943,0.04723296771854583,0.044128688232891844,0.0346770040650876,1,four
0.013532268906586212,0.027720989721054055,0.04262466181541137,0.043806215834667275,0.02535770449275944,0.002627058634700267,0.04405733697214562,0.050692813140587246,0.04790653647776189,0.03888323258253283,1,four
0.015856777897431704,0.029124833687004584,0.04247966940034388,0.037810470366210824,0.015109599241603322,0.0026793672475086275,0.0435775825473974,0.049966717095899164,0.047297345561203796,0.03797320944392283,1,four
0.012661142142526671,0.02849772257753913,0.04070328268434026,0.04222838680210472,0.024317095616445142,0.002448067331923763,0.04175817445559575,0.048887109628089315,0.046837431319079526,0.038528944442160235,1,four
0.012537184763946278,0.02754677550989493,0.040381664532991524,0.04012972728899106,0.024931672623318427,0.002320036908829721,0.04163285750599961,0.04789272358392325,0.04529146170590623,0.036405311489746454,1,four
0.01304557807051765,0.027226958516185965,0.040728155068350494,0.04183291588691085,0.02479385705909204,0.0025157323974060323,0.04136122993538219,0.04744307038163354,0.04503802895201409,0.03675570362002116,1,four
0.01244683090605414,0.027140705541931612,0.039403260378265,0.040765438331824555,0.023306650494027414,0.002589750959576952,0.04032184866669691,0.046611684184900366,0.04395596981682349,0.0358893048582117,1,four
0.012767893998731142,0.02719522721932789,0.03961764712982842,0.03947740832828217,0.02351147440624063,0.002705745677684766,0.04076972168883674,0.04634689041072948,0.04392305668123846,0.035926913643340226,1,four
0.012277575467580352,0.026437470108787112,0.039608589391025864,0.03909533337086947,0.023019276998406613,0.002647968258662585,0.04076910861866788,0.046595757874279047,0.0442453038730151,0.03601343386463755,1,four
0.013413561873315053,0.02460514480445986,0.03687686668291558,0.03684057430838729,0.020754602337341055,0.0028706884972105142,0.041709724002800604,0.048092790773512806,0.04532716196172875,0.03711137375238567,1,four
0.011782546169709338,0.02441244672548276,0.03625852722698397,0.037990121628524554,0.021606222013595758,0.002722365090229719,0.04081442602962275,0.04657883020305086,0.04343550439099631,0.0344094565415535,1,four
0.012262855349282651,0.026121167456459513,0.03498251474627845,0.03573802145966978,0.020322438543282098,0.0027922864220395575,0.0386395421857403,0.04410748379814266,0.04130779164695618,0.03305678402803951,1,four
0.012052940794891834,0.024516906358108673,0.03540095959214934,0.035704157140934,0.02056894064319903,0.00253450161026067,0.03738292739998305,0.04250482700464421,0.0397433935548812,0.0317728294583905,1,four
0.011951643215894814,0.023874497734410364,0.03440249680401536,0.0348398734605162,0.019925274304733023,0.0025471635936024062,0.03693944348917987,0.041957923799913074,0.039355450961695314,0.03153872258417329,1,four
0.011126479703968715,0.022564033851827373,0.03251450925555363,0.032942153668635524,0.018969929004555797,0.002331871669065666,0.035562457513814316,0.04058174648627705,0.03797860495868552,0.03050704837533573,1,four
0.010389028124585531,0.02281436571856685,0.031537408233760944,0.03280045444045933,0.01946836952805797,0.0024894325294264026,0.03571959154396567,0.04061624572722159,0.037328417600611764,0.029083098839561592,1,four
0.009344735820346464,0.022121894126571742,0.03037014669697992,0.030690414560574322,0.018711221478188836,0.002478664176383155,0.0356509338334687,0.03991079907386687,0.0363902028204283,0.028215831265251,1,four
0.0057914080281291636,0.01753978725830946,0.02713265576292491,0.02909502348240306,0.017733159802451104,0.001812877597505084,0.029102970763236785,0.03184903549319039,0.02795870513306923,0.021029554700685626,1,four
0.006965980270868644,0.019284867795918106,0.028223055348535423,0.03147587475311969,0.019087664146739736,0.0022212063692515225,0.031547799143595054,0.03500089386077858,0.031194885788460955,0.023506858338157622,1,four
0.009244517972377297,0.01935466960748936,0.030265166720194428,0.03274891933957902,0.018268157087348635,0.0025001558969711835,0.03408580616617695,0.03763279548232046,0.03379787034208815,0.02594823685762279,1,four
0.008734326692180563,0.020138980524780973,0.030966955479917378,0.031712539755639535,0.0176814469175436,0.002421173173194843,0.03490582689019445,0.039040349992171444,0.035425495449402704,0.027184923174032184,1,four
0.010246146666688941,0.021708428687031243,0.0317815191706734,0.033046421486914335,0.01756661030572532,0.0025918957594794683,0.0374967892650516,0.04174347566622567,0.03808258998905692,0.029315046316732592,1,four
0.009905204372232426,0.022078311746870284,0.031095257978598943,0.03222990789701531,0.019147146895212328,0.0023856922873360218,0.03861501821726855,0.042697148517613234,0.03838476392114783,0.02888689769717523,1,four
0.009904171962300978,0.021338213354545284,0.03113769933992594,0.03233297438996788,0.017688214672508643,0.00213352944475644,0.03791383414330094,0.042453064386336434,0.03871603200035643,0.02955225832916377,1,four
0.01192100163709706,0.021736449683822788,0.031315285603040414,0.03454677192590744,0.018941891396053748,0.0022676739025401043,0.04164108374822422,0.0466350578553749,0.04258526935929659,0.03277833079531656,1,four
0.011932393043128493,0.022045192373308035,0.03302260540092565,0.033599822965919374,0.018794402075297537,0.0023706133709142365,0.04062337625511371,0.045887917130483034,0.04268596855074321,0.03361044487695202,1,four
0.0086784628241287,0.022344078915085972,0.0334896100064004,0.035519399153446055,0.01948468199845045,0.0014370690202234113,0.030970847924033817,0.03550341748713704,0.03239314145836489,0.024772909524254965,1,four
0.014237307165396076,0.021648426013801188,0.03321708385981045,0.03512113125348315,0.018768603833839412,0.0026649085498994143,0.03672452007478635,0.040740111951761894,0.03710754726856359,0.02832405483853425,1,four
0.01130851647441073,0.023149360092111496,0.03421753172995606,0.03557649619510972,0.01910300519678322,0.002208835271224756,0.03739511511743655,0.042558767938815606,0.039756342040674714,0.03135528650418569,1,four
0.011784642467945576,0.021011452769373884,0.03416956070198715,0.03444024231243881,0.01921844589545807,0.002225181707974311,0.03667838827086453,0.042506218223739185,0.04007308993707139,0.03182422236556141,1,four
0.009171247310091866,0.021317864592909602,0.03156247647828633,0.03229611601882554,0.019430744253687196,0.0019650092172489365,0.03587641267846804,0.041477655507684306,0.039327576753512526,0.0314882057639171,1,four
0.007222861813476436,0.023488287546117217,0.033547453491072146,0.03611039568896425,0.01610718423002712,0.0016541637613027064,0.01799022840049158,0.021702007895858744,0.020780953635756542,0.01717671917032099,1,four
0.009542036806862664,0.021300087585446995,0.032531518921835936,0.03590332141147602,0.020455779103538463,0.0020082235197870788,0.03275030888399856,0.038597322876722816,0.03688548178553235,0.029448307578153067,1,four
0.010065947821120469,0.020134321934236664,0.03468242852121128,0.03669552605171525,0.020177985229415732,0.002414178133999494,0.03285888697749942,0.038117992559306924,0.03589961963881276,0.028638168394078508,1,four
0.010122597634842193,0.018910983745721532,0.031860873741623275,0.03575314377497242,0.021124835630031095,0.002383385315447983,0.03277924010693719,0.037682488326366066,0.03588557922942131,0.028721840188668833,1,four
0.009115594337181766,0.019972729370348663,0.032303537963354695,0.033341992896418704,0.023714133300066678,0.0017298878424344473,0.030082886545464198,0.03603266035058299,0.035353733228158504,0.029421564767020302,1,four
0.008004024494590343,0.019665136962520716,0.03279097133441268,0.03335620070283775,0.021058271440242082,0.0016182415717307839,0.028010407207462684,0.03321231838567467,0.032120971546793144,0.02626135114310419,1,four
0.008044802238601996,0.01851870627191041,0.03258211539288393,0.033082068040800744,0.021374773435300268,0.0017652709937270264,0.028616333682417266,0.03435274427295266,0.03292853873871078,0.026400436709932126,1,four
0.008512332871040494,0.017067577365515098,0.03056129672218114,0.033706402314737705,0.020397784617956438,0.0019270000785269925,0.029246203932749244,0.03475168345522743,0.033242679601804784,0.026156798762810785,1,four
0.008268475812772694,0.016068398903380757,0.02913944703528085,0.0314848902315617,0.020113309549147154,0.002052139230973993,0.027673400603082626,0.03247715044606377,0.03130340876965308,0.02469274712868218,1,four
0.008706623113214497,0.015427124902954063,0.028852083821081634,0.031168373721896295,0.020514892512454988,0.002032582963230538,0.02746351990668722,0.03264241784517758,0.03131557585758584,0.024349049900346937,1,four
0.008996457336460616,0.015087494364713253,0.027337032546721277,0.03097127459682023,0.020470726622877775,0.0019564505014462294,0.02566489677885981,0.030861700145790993,0.030374062347971256,0.02440498147024396,1,four
0.00846727411143406,0.014828410844993603,0.02796050694513609,0.03192473774990501,0.021482730727757318,0.001897882487635901,0.027558916680958976,0.032996582108146495,0.03196686080641559,0.025372404393939996,1,four
0.009515686553287168,0.016235435090912943,0.02918150595329369,0.033868316804459245,0.022486111495348658,0.0019221750478533438,0.028003827281489767,0.03379218526313006,0.03345674825784487,0.02734818874434078,1,four
0.014716769325616101,0.024214574413675943,0.04221860234293778,0.04559720980293182,0.02895543307951,0.002558530104264718,0.04086259553087912,0.0488249081770519,0.04717617435258836,0.037496473792958326,1,four
0.011678272313931471,0.03235834798838014,0.06572934680645334,0.06882876285222184,0.04199099697944075,0.0029285129682099253,0.04446982234366957,0.050488562810134405,0.04679900817324423,0.03690090585781491,1,four
0.01190060142426426,0.033018119162380746,0.06971619669665312,0.07372877433536124,0.04470313318964125,0.0029546470460397574,0.04566599575084211,0.053558398876936204,0.04993480563018146,0.03842272929825606,1,four
0.01232127464537736,0.04265300281401131,0.07259608339074765,0.08018715163724838,0.04537155077259675,0.003035196758486086,0.05019338881026689,0.06018306923133829,0.056864865567044835,0.04509263090552239,1,four
0.023180315012814312,0.045340031410945794,0.07278149834896352,0.07610341449065477,0.04535437390200109,0.0037262682130941227,0.06552455567278907,0.07887389243275846,0.07644516872046714,0.06178350299247409,1,four
0.018206735134569805,0.044191871844183994,0.07428237160237251,0.07455457059966954,0.0466860702621657,0.0035971662748922714,0.06811151121982777,0.07826494213486626,0.07450862960063524,0.06012055534752452,1,four
0.020227082949839662,0.045346182706265836,0.07287406021291422,0.07776666549959638,0.04684059798828956,0.003495658490294996,0.06231107014543523,0.07203614716576487,0.06721396094969569,0.05245160946897179,1,four
0.018454164135497886,0.045933315008154896,0.07060467106220109,0.06978264269537165,0.04262422350718255,0.0030361145126020735,0.06122142645693035,0.07259026678515428,0.06994643434403071,0.05707706942791092,1,four
0.018906363433916527,0.047472748162843026,0.07294396148205845,0.07490041596740321,0.0453703420554319,0.003238280195929745,0.05703657188946212,0.06684310890405283,0.06387212843626935,0.051738391326611954,1,four
0.019192095776326745,0.045984969510111384,0.06933690118771119,0.07088362621833245,0.04392716446423345,0.0032007258453514375,0.05946637321036668,0.0713247360021495,0.06904626573267715,0.05650625304904649,1,four
0.017594763879942757,0.042793013324406715,0.06636847779204663,0.06858288782079004,0.041675147676687355,0.0032720065213518567,0.06061749584679211,0.07225302126784777,0.06930535209426658,0.0556347313424789,1,four
0.019164066344435918,0.0419494398214887,0.06724796361765885,0.06781704005160484,0.0389009311225626,0.0034014857664127767,0.0578359306163443,0.07109657346622417,0.06911575346781063,0.055883481328356896,1,four
0.017870297618176212,0.04200124890098346,0.06657254306666362,0.06956710085650464,0.03967535198926925,0.0037561923152335383,0.057323449587357626,0.06894730163941913,0.06656220664030561,0.054905456508693135,1,four
0.018960062795205845,0.042642641286327915,0.06544980856600444,0.06853801012662442,0.03944440814687834,0.0036266253986555774,0.056923956973138366,0.06927750349697044,0.06741217510494159,0.055138353292024884,1,four
0.017724781732524245,0.03966983351589337,0.06335474895983395,0.06470298278195408,0.03796616562248646,0.0031552158084048937,0.05615162285514161,0.06735385137761393,0.06523590602070689,0.05292617966442886,1,four
0.014929939432281172,0.036441728663817244,0.058923898647583045,0.06170644746525472,0.03313072000715002,0.0033057965679435136,0.05367884377221331,0.06413685382665167,0.061611902229113245,0.050035345458470736,1,four
0.015696797327942966,0.03610755785356942,0.057913751004596004,0.061016996262667655,0.033274007812817544,0.002971063885958605,0.05468238866119467,0.0656181742864452,0.06356755648078752,0.051820039138691605,1,four
0.017274939695661743,0.0364363873573704,0.05825257304163567,0.059953006955703506,0.032201505162531854,0.0029840580438055754,0.054902523188824354,0.06601521498315292,0.06431982784100652,0.05279080712499282,1,four
0.019100616369281762,0.03683332750316026,0.05915329585109591,0.0599696208164604,0.03454373455745796,0.0038501937082616837,0.061244249378413766,0.07199430564461219,0.06817456993308497,0.054669721808182636,1,four
0.015331293564165238,0.0345967012474724,0.05694906151008011,0.05492245272602349,0.02548772062575967,0.003818074283529582,0.05807181199909514,0.06700051529558632,0.06296566789031285,0.050570085966205325,1,four
0.014855948763787406,0.03456510922131242,0.0566942641752291,0.057996731261796663,0.03220791765347841,0.0035420189130367387,0.05437392582840846,0.06276528379801771,0.05893397611480844,0.047051866637541725,1,four
0.01471705892080236,0.03324434317166222,0.05443561855861828,0.05704733839994991,0.03184532661640915,0.0036798582595079002,0.055440689697868965,0.0629345189305209,0.05827215071493855,0.04624523335437501,1,four
0.01422009928274598,0.03213785725228674,0.0519640172766518,0.05443944122124224,0.03185843157762497,0.0034080315037576924,0.053962701613233285,0.061886115248659966,0.05761752058618635,0.04572162870120535,1,four
0.013945705709355247,0.03413418604676663,0.051594337193943365,0.05472161055066506,0.032051358204929825,0.003562569885312428,0.05562174872118396,0.06275171411596782,0.05795247818782553,0.045457428105370255,1,four
0.012834571203097587,0.03386876080124224,0.05197659976924608,0.05431108358083514,0.03208149924425631,0.0037005983788365327,0.055380068822223176,0.06310065909117321,0.05774876749598947,0.04462748991306565,1,four
0.018375131799285353,0.036645258228339056,0.051961665368537746,0.05082438950575788,0.03260869873178819,0.005335509850164252,0.06749771464411362,0.07742365210783635,0.072906494060028,0.057556542024323,1,four
0.019617383079079124,0.04445941445764717,0.06645067020468177,0.06721288044718371,0.03937245603635643,0.004073648551855009,0.06087177529406627,0.07156737295116472,0.06732872323984952,0.05367475466438197,1,four
0.021528082413761043,0.04483259384478533,0.06670858113624613,0.06715317357178319,0.0381240734184133,0.004367839649337607,0.06436001349424661,0.07430793672998719,0.06985724715854273,0.05626250143276277,1,four
0.02446870214460818,0.04524054942861172,0.07256599759449402,0.0742431672666073,0.04148479767483426,0.004862856717194378,0.06857684014409567,0.07844802615546907,0.07349174773997451,0.058821206937294146,1,four
0.02193220174741134,0.04784652299767633,0.07587222803703547,0.0753554928763618,0.04416435035856471,0.004518211488662893,0.06876101710629576,0.07931900711395416,0.07398045930320919,0.05856268637615546,1,four
0.028171766427714327,0.053981349864413025,0.08400003977423709,0.08645078935494334,0.048818316856920965,0.004255130986319466,0.06898308625513018,0.0793715867152506,0.07484837726529787,0.060539818807733965,1,four
0.02502919639941487,0.056277354164613824,0.08701885283488053,0.08730837798716817,0.04772420322757154,0.004224132335326693,0.06855789430244169,0.08049686877099664,0.07692467596321755,0.06288100112182997,1,four
0.026084950986383026,0.05452747961387949,0.08552730282864075,0.09081887126382106,0.0488746714079208,0.004330479841355842,0.0722210110344336,0.08472789588065804,0.07955983277235691,0.06250771007691777,1,four
0.026551351116318136,0.057737718213417125,0.0892281911434384,0.08942368895093639,0.050312198384807216,0.004357096309121158,0.07411874581335823,0.08790864442756294,0.08391759996222604,0.06689725402599615,1,four
0.028971951475393085,0.05729403219379009,0.09098216788627735,0.09050575568754238,0.05260790032964992,0.005226493448150454,0.07411286430343926,0.08642889738879593,0.08137529315771849,0.06389921980275255,1,four
0.026379847161740036,0.0551528004052973,0.08632354582721607,0.08952987562371419,0.05255500437202887,0.004329013361714641,0.07484447468193445,0.0884610843980366,0.08422519872216512,0.06666785497154312,1,four
0.024582194881202866,0.06235433445108947,0.09456857403236409,0.0964661455718328,0.05304371266042379,0.003921857897942214,0.06610850278894886,0.0808524421181675,0.07775604450909994,0.06322642519720811,1,four
0.025510042093963375,0.05864185952146493,0.09518396601362258,0.09670203179188054,0.051462393793374306,0.005450480585227825,0.07359319454152656,0.08467089688277835,0.07846603405385627,0.06019345244869115,1,four
0.02953327713945678,0.06235824343628517,0.10007396046693595,0.10146826414715876,0.05344233157121914,0.005605743734938207,0.07722004200385332,0.09007378243489646,0.08521844342068101,0.0672946333735849,1,four
0.026557446668757978,0.06442950222150198,0.10079219243988424,0.10035032376836983,0.05918656069327288,0.005059708693999579,0.07405657478728342,0.08831778752227078,0.08451623628757428,0.06716120586370852,1,four
0.031200165444210004,0.06574830134233345,0.10156729734050285,0.10525702638563567,0.059569836926385955,0.004711207876708313,0.07576620087949558,0.0904026384363703,0.08594638163823697,0.06826441538696962,1,four
0.02850053278623911,0.06402979443185225,0.09940690186551082,0.10021277192265848,0.058114768761406366,0.004423460869331417,0.07879817659234381,0.09324470297512971,0.08848828230400028,0.0703218782091271,1,four
0.030151341536279744,0.0659725102516096,0.09749137116657493,0.09848071463475062,0.05773186993031243,0.004611609068345344,0.07923698104547656,0.09445899340555987,0.09046937921390091,0.07252138927114175,1,four
0.03245554251971067,0.06794911936348104,0.10480771651399667,0.10166830484018498,0.056793581283441696,0.004729916170387168,0.08159642540687415,0.097461667666051,0.0934675235949554,0.07544198417412529,1,four
0.03474202505112113,0.07206763932264743,0.10905453645905916,0.10681010844083107,0.06013784985715814,0.005024383853016342,0.08206611424926565,0.09909228265269739,0.09620754256808488,0.07917816457623016,1,four
0.0355686297870616,0.07256496366924514,0.10895923883626464,0.09715605413304812,0.04475714768871719,0.005069756963281848,0.085278430097504,0.10037923529333215,0.09638079285793409,0.0791723191720642,1,four
0.03103454798145311,0.06686019695671887,0.10156525324443473,0.09633243510577606,0.05142084577620687,0.0051481198960843305,0.08257406282418836,0.09796087141661342,0.09484967981458074,0.07874247045530902,1,four
0.030570978805781832,0.06796639454738641,0.10221800758668281,0.09723777587374216,0.051339902003777596,0.0050590928544151205,0.07831462016021733,0.09324934331747754,0.09038981163883597,0.07468286982627503,1,four
0.030264747075272214,0.06523898225977455,0.09942496509090716,0.09523685952258643,0.04883654757164614,0.004208513936509812,0.07671905170781855,0.09211052464829252,0.08977665424582491,0.07472416588572794,1,four
0.0331757872171444,0.06222110858002429,0.09537205630121544,0.08840165299540127,0.048717504650287013,0.005007622139269769,0.07790568761620566,0.09374027467026669,0.09067401444110178,0.07493778756555575,1,four
0.032374323351056944,0.05713134033578382,0.08639421905574853,0.08253773363705347,0.04760979180271763,0.005431317516620125,0.08034977182570133,0.0944498137858649,0.09050251017356059,0.07520776805086303,1,four
0.029472046137936303,0.05546988980259743,0.08818600758959573,0.0859701889951442,0.05086011589040364,0.004945550793967459,0.07530288610608485,0.0892840317173039,0.08573090343222142,0.07044309664718612,1,four
0.01272703016408611,0.013281062873971072,0.018442198170573687,0.015845841171013095,0.009042078921484845,0.001099711194178445,0.015462314269140553,0.01889227102470983,0.018986479741523125,0.01573334518758269,0,four
0.014253198562557925,0.013236059527812538,0.018278841335092832,0.015469819854630813,0.008420534259236556,0.0011783178073493088,0.01678893239975175,0.020380091942120652,0.020214110682883007,0.016678228801621366,0,four
0.01494314615704121,0.01332422711545148,0.018283934361275265,0.01603521610678922,0.008987257267732085,0.0012490850582992253,0.017149106000897776,0.020911953740248783,0.021208969530668618,0.01783642357014718,0,four
0.015011276536281152,0.013286996350519553,0.01918627420808444,0.016745839603832524,0.009340950406949322,0.001244515094211783,0.017765803340413045,0.021610729350185574,0.021608508624110782,0.018026197764184196,0,four
0.014854434433521801,0.013174226117170455,0.02029583491916688,0.017519942200020122,0.009664051192854461,0.0013909974052554912,0.018270355988854316,0.022356973565621947,0.022861600081983718,0.019619373567213685,0,four
0.015080682974217309,0.013929093756790897,0.020226797123862605,0.017578595156508593,0.009994741317176647,0.0013648949632447235,0.0178425035189777,0.021924017774805092,0.022386501640467894,0.019228632723011795,0,four
0.015586746932954535,0.01454024932914684,0.02140942224448071,0.01958460430805721,0.010966696041721416,0.0013596679364385157,0.01862533036009969,0.022501378309534137,0.022569177404225937,0.0190326495012346,0,four
0.015745261938659896,0.015131609176129521,0.021400874401616147,0.01914009541108614,0.011104123262274612,0.0013206179232768825,0.01820758052019939,0.022209380021594533,0.02240130493081262,0.018916391207438724,0,four
0.015664507780518103,0.013898874021877297,0.02143660223506766,0.019398886676031818,0.011503099488975821,0.0013584333277145194,0.01858268867800325,0.023086798502544914,0.023807375439104397,0.020696317780182275,0,four
0.015570738769425718,0.013958526198570523,0.020915229296486565,0.019245496235227984,0.011734408632526065,0.0013486634142049134,0.017308915486946637,0.02199912801166733,0.02277688220355206,0.019695953491858192,0,four
0.015838834374741817,0.014100444084899806,0.0212121205503967,0.01956069770043796,0.012370120232882146,0.0013458136610947987,0.017419833813167467,0.02209090633139053,0.022809598331382235,0.019765565264444094,0,four
0.014644889784861701,0.014598877683484904,0.02120148394194972,0.01972715939228832,0.012031623612114854,0.0012001777830130897,0.01580346846021363,0.019428190260874577,0.01976202655407865,0.016668558601243184,0,four
0.016472035516506476,0.015525525056221526,0.021771564315446083,0.017429512498652162,0.0066754464687528514,0.0014750184624525414,0.018074077696238526,0.022315122682217203,0.02214652939381674,0.018299169939477954,0,four
0.01515114013792657,0.014730866903436647,0.02149657966473767,0.01941434323687544,0.01162772492124434,0.0014707799924567936,0.018676373463240963,0.022932664129773697,0.023218917277741637,0.01983938040204581,0,four
0.015744810221481224,0.014926854621996253,0.02235854003116131,0.020216694898673507,0.011922969825710953,0.0016972526261824108,0.021296864430845174,0.02534233838656907,0.024993728650500747,0.02086508771017323,0,four
0.01416044855392715,0.015579031610393215,0.021833260071833203,0.01900345229697943,0.011069910080507409,0.001459686051724019,0.019260469527865358,0.023409050196851928,0.023435888132252922,0.019974773270688473,0,four
0.013929118647700314,0.016313672822442924,0.02214630531088046,0.019519230749544817,0.011121317799029973,0.0014652089929895929,0.018951426602972325,0.022804843542576173,0.02259588208629529,0.018955540100942723,0,four
0.014559045730830236,0.016026082831861525,0.022935772284903788,0.0203635570960215,0.012013233218945152,0.0018631460830496771,0.021800895733190804,0.02489514763194274,0.023927481949896117,0.019434767689121224,0,four
0.014148944699963195,0.015368058698221054,0.021431240040965086,0.018931494824159192,0.010951738694998714,0.0015669804894938048,0.01972052888806734,0.02305857302245801,0.022425519169168812,0.018734169174647073,0,four
0.013586266337656971,0.015392514730212747,0.022585304467583948,0.02036265566256765,0.010202191626195515,0.0018231424992702582,0.02088749230907229,0.0246378427262799,0.023842056954503945,0.019476065161039866,0,four
0.01440245066632806,0.01561243794522521,0.022421688670424447,0.020762529740293814,0.012089456637827914,0.0015521633555160026,0.02048683099251778,0.02416732561967326,0.023435760377890674,0.019151123380118915,0,four
0.015088828448029366,0.015446399462334063,0.022132279410371828,0.02056859939936959,0.012175390034675663,0.001566012354867976,0.021052107101364896,0.02472742929211128,0.023659666564376968,0.01893471247388481,0,four
0.014634200455962285,0.01567085947641392,0.022946371065155083,0.021041733064553706,0.012876035110154505,0.001687386175772886,0.022060531099684182,0.025574607974761465,0.02413138374311866,0.018751028143951395,0,four
0.01495355195257059,0.015794336065886764,0.023261810792812657,0.021704855748579735,0.012757846512630486,0.001660706806369244,0.022308272341263823,0.02552533585310144,0.023895721227432106,0.018561199249799137,0,four
0.013633129728330973,0.0157670688825009,0.023678911467154593,0.022790436892387415,0.012616915780845839,0.0015292092824254508,0.02165057989250884,0.024672424689574313,0.02302800684607667,0.01797462071038714,0,four
0.013288736970986106,0.016000335776397367,0.023736110323674595,0.023066580483815824,0.012623573621035528,0.0015566941080837075,0.021534636012961194,0.024361429380156993,0.022568002773896863,0.017404767457561882,0,four
0.01379651034760411,0.015301224709293602,0.02255166250113214,0.021560714727965113,0.012142420394991835,0.00150966515136729,0.021509064081530166,0.024771524295779387,0.02311697969205955,0.017958017880420087,0,four
0.015015469879365587,0.014490962211292549,0.0228706651729807,0.02121342656560563,0.011715631944523495,0.0017074585083936226,0.022449358521069787,0.025558568367427984,0.023944938074017014,0.018511503050179835,0,four
0.013756932545917176,0.01632160106651348,0.02271514392337823,0.0208175347353753,0.010874355821902881,0.001559667630885233,0.021759239488287833,0.02530965505062296,0.023618270349362713,0.01838874762396976,0,four
0.015774538761014704,0.016418577005420563,0.023074192882325165,0.02052532573322753,0.010395576083329638,0.002037684595921733,0.024688269806030227,0.0278266139767627,0.025754384449500282,0.019754671678377463,0,four
0.015977860851812496,0.017931791095019425,0.023202666509630463,0.020677018336807355,0.011410213752320111,0.0018698945227940268,0.023694439466393283,0.02699286965266946,0.02531300965780761,0.019548423303571344,0,four
0.016412750069103157,0.019108141047544356,0.02597094866541747,0.02140653191524464,0.01108028924874108,0.0018432890111008122,0.024258567439465667,0.027933602455801412,0.02614631759752706,0.01998873377929494,0,four
0.01771315804042584,0.018279307266585696,0.026051679939496655,0.02324324452633432,0.012427667600070667,0.0016447446970810826,0.02552526687783458,0.02923440590123422,0.027581764968526348,0.021501762775272246,0,four
0.018592292308098782,0.019290572386311947,0.027423561112376663,0.023401654308537304,0.011804439111761891,0.0016665449199252634,0.02529374239193068,0.029510885539000456,0.0280387957760883,0.02175378017268689,0,four
0.01712576417953746,0.019554479231322867,0.027378017038587724,0.024396485579029348,0.01292653749039463,0.0016073530428047248,0.024872161249700844,0.028996544825238897,0.027573126541369876,0.021631873532810885,0,four
0.018654415834958415,0.019722677296016792,0.027877904052653238,0.02521531978948036,0.012763854582827142,0.0015934520533941953,0.025832524824173083,0.03028380709323389,0.02889520041541226,0.022783441972304613,0,four
0.0173557852538786,0.019714003896384114,0.02819253794874399,0.025489116709657176,0.013969760112301458,0.0015058896075455948,0.025825015190012176,0.03039540999055376,0.029253040496352863,0.023114985826884926,0,four
0.01733683430924954,0.019946855752808638,0.028872578718211042,0.027632652337386113,0.01583761001812137,0.0013382957340432808,0.020099454392840922,0.02450472056957038,0.023843333209714858,0.018483825443989632,0,four
0.020355259443310847,0.015974596574127933,0.027080525967850835,0.026025666119455684,0.014449130154066028,0.0012497524552402316,0.02754432432917968,0.03188665386118565,0.03016276392161341,0.023205671694838444,0,four
0.0206548575314916,0.021051113419944565,0.029615842877059376,0.027474770857351116,0.014874076717992804,0.0016433705225166457,0.025673232137223632,0.030277905143026577,0.029426853327063757,0.02372577001550087,0,four
0.01887224924347131,0.020915379225617606,0.030894830518974795,0.02975093201544267,0.01605415740077465,0.0015599139747477365,0.02232828563535363,0.027018904103853117,0.026177794408256655,0.02026427343960143,0,four
0.020166330900483424,0.019968427593571647,0.030174001614698635,0.028248346459526955,0.015475615435510015,0.0018099725124298691,0.027239637811105753,0.03226711921474237,0.031115463727144365,0.024498539532506636,0,four
0.020779710307781477,0.021079425861819448,0.032106874045901235,0.029876414304960144,0.016595687269672477,0.001819752747196191,0.026531612028917264,0.03167067012713961,0.030742407533507113,0.024391553442004985,0,four
0.017908280433999866,0.020871918548047656,0.030751332328192025,0.029152936825612295,0.016831639117030464,0.0017220357096183663,0.021936304708561366,0.02713939277036452,0.026977913694441667,0.021343541608432774,0,four
0.01999560229233874,0.020315246108804766,0.030922668700293046,0.0285296193405431,0.017122309282506524,0.001924393353441243,0.02784590903273824,0.03316070823057707,0.03246627783479496,0.026071162124785136,0,four
0.02038174894433512,0.02087265211495032,0.03291754187936061,0.030720719479654327,0.016991227018944708,0.0020819432915829424,0.02645485296527207,0.03215828250223156,0.03177552499974926,0.025542004001319518,0,four
0.019100820717574032,0.02168617213577737,0.03322787786215155,0.031761748750890134,0.018410440382138363,0.002102626561445119,0.025258789611126962,0.030959573130426982,0.03073797541042839,0.02500770194324036,0,four
0.018587934590535815,0.021870104561451085,0.03179378249618589,0.029191414076570832,0.01681797680650711,0.002152959476250004,0.024966114405450754,0.030870762827524878,0.030962401211441497,0.02553632095545376,0,four
0.015745933219129236,0.021974584671595385,0.030799130250309226,0.028909721000038694,0.01684680837854119,0.0020002109576963945,0.02438791617588584,0.03036306084864533,0.0307228577845661,0.02595766058345839,0,four
0.009565879494618797,0.02084203080615034,0.02817039167866965,0.0275446445872771,0.01729210528826365,0.002003792386001922,0.02360825923811511,0.028692257025815595,0.02864583676615966,0.024398508844508844,0,four
0.009758233936525876,0.020759266552113298,0.027980792371423036,0.02762976008160245,0.017557126212966026,0.002113342388024611,0.023579004094107164,0.028246100881957906,0.027805332272819124,0.02323637465205506,0,four
0.009090597615868695,0.021901255485467015,0.02828590265867227,0.027688440153496367,0.018079137871388318,0.002186546862738498,0.022453413503447733,0.02705950113409935,0.027040696305620015,0.02297794242062757,0,four
0.007562670761413679,0.02134435558568282,0.028899393902012474,0.028820891799962292,0.01868890684120622,0.0020211981493839905,0.02005462006789466,0.02512435977947579,0.025598384879306924,0.022061471581181574,0,four
0.00644944321633412,0.019868417170935126,0.02886109141748973,0.028672505590168887,0.01824278225709547,0.0021345030236158006,0.019736398943432144,0.024638739369744155,0.02526536272978235,0.0216112427313967,0,four
0.006110064916350164,0.01839598130733501,0.0276313931848394,0.027917290765578306,0.017610691650333132,0.002402849257351824,0.019469470080262567,0.024360453885913767,0.024767632816026217,0.02106065045300897,0,four
0.005546878078033224,0.021024371202629358,0.031057046201333094,0.0312423555818835,0.019065302673215725,0.0022805309761776567,0.014584105142914684,0.018112970893739783,0.01899273551726104,0.017147928113260727,1,four
0.005837493175551212,0.018828358171587848,0.02838976055359578,0.028424459255290815,0.017910345875452496,0.001999789839646044,0.020293851818746007,0.0255224655371684,0.026144967736981987,0.022489668255219534,0,four
0.006471136234852973,0.0194783471910531,0.029749771363652366,0.030184464874199693,0.019394330488993763,0.0022563545254732707,0.020058283717217403,0.02459740174039363,0.024800872902152278,0.021160554529229676,0,four
0.007172345648754699,0.021386690144783064,0.03039010630026784,0.02922867967878795,0.01879562844833732,0.0021927535454975174,0.020771895856382734,0.025845656987285838,0.02663686167429496,0.02323597748315554,0,four
0.007043969676246542,0.021181799410265854,0.03052599812220458,0.03046528441371911,0.01933024677643859,0.0020085423837522967,0.020706648931349794,0.025539646233227634,0.025847018091932742,0.022229846676971483,0,four
0.007064413469085609,0.02205269267368146,0.03161637376887466,0.03057786725364088,0.01820629898061288,0.0020493390494642663,0.0207715046525984,0.025699935863005847,0.02598988284377094,0.022459195084255645,0,four
0.008329296100056508,0.02292087104894508,0.029339120986204614,0.032289065550275345,0.017778835979334953,0.002005763699062741,0.019260280095505573,0.02383518334868013,0.02399042668949175,0.0198159757056992,0,four
0.008791428048905151,0.022949048960951415,0.032708911851877964,0.03010766551209471,0.015258137177519907,0.001975420845301302,0.023260120453983162,0.028473130591920675,0.02875803644736113,0.024121406975315965,0,four
0.008665608868428945,0.022362936459504504,0.0313671818102175,0.027823956428996155,0.015795916648683864,0.0019556693633050524,0.02491514163164978,0.029797623612029096,0.029748143867688648,0.025319199049104454,0,four
0.00950000848067091,0.022478432625923764,0.03263984221324537,0.03201598823139645,0.01829683919096928,0.001964521378675396,0.025680183469638674,0.02969289829684697,0.028811471745313247,0.02399383280395618,0,four
0.009840092334067078,0.0226691792892067,0.031139508855507484,0.02956263411489241,0.016588858127858166,0.0017292667126410967,0.02619231238219779,0.030690294966729155,0.030218636298294063,0.025608305426426798,0,four
0.009978107297446748,0.021922771995648186,0.029076712859815893,0.029186978463565563,0.016806965836574792,0.0017374663685634304,0.02585039124547958,0.03013504473038102,0.029198146715598138,0.024368122931430352,0,four
0.011351684188653302,0.02381413418638713,0.03085149759459072,0.028430656723105865,0.016037668799382968,0.0019948883817136123,0.02952205695249082,0.033819423070489685,0.03295807643791743,0.027749295159433068,0,four
0.011621158839828782,0.02174257830452181,0.028465714123022793,0.028871468163940765,0.016569531365078008,0.0016517585630238685,0.028906824515258955,0.033341039268205204,0.032088812044463115,0.026584805288176565,0,four
0.011424840581757911,0.023300829461427475,0.030069790405597294,0.026644363899813298,0.012153447048445468,0.0019204955719027165,0.028597510201677685,0.03245904018619734,0.03126655283157124,0.02589491451092152,0,four
0.010806556707206427,0.020680280772083073,0.026610798691730084,0.025849247316481864,0.014589456202952326,0.001552977804325535,0.02692484436375354,0.03075540853660742,0.02946098165701591,0.024291897299640902,0,four
0.012777350042013025,0.019656156805116363,0.024933738478869708,0.02320662995997004,0.013735674726627303,0.001901180671953068,0.026504622010260707,0.030527912540701065,0.029943637010768943,0.025362336816067456,0,four
0.012554957661121444,0.019546451718616468,0.02365875772183179,0.023122069053035613,0.013772103414589235,0.0016122438646921085,0.025526702218842578,0.02916081323007014,0.028192427070128926,0.023441042434280576,0,four
0.010219933695248349,0.01690193231215846,0.021104246251463545,0.020741861675863484,0.011817358458209169,0.0016167540756286175,0.024396481298208695,0.027210899288681922,0.02577768540406402,0.021116368431017,0,four
0.010615166904009377,0.01648902340898696,0.020390377905205717,0.020538372615092074,0.011565269074215234,0.001550226025042834,0.024586394279219635,0.027732096220731434,0.02599774363069375,0.020833733350788163,0,four
0.011379258038531681,0.016974398902203317,0.0202223169636815,0.020989149134432117,0.012155078156615373,0.0013424040274834428,0.023488013511722326,0.026465638879236635,0.02485601788711558,0.02014798401550499,0,four
0.01058852397372445,0.016630100635582915,0.01990167453000291,0.02023620359409818,0.011965492505587108,0.0013172601494910257,0.023302732426938866,0.026196211676324757,0.0244937130388778,0.01961991335340236,0,four
0.010149287705446666,0.016400387373583403,0.020378799500412745,0.020441378956511522,0.01218274092756122,0.001335381525365961,0.02252317051997257,0.025281213949224123,0.023668199149901155,0.018839877671049617,0,four
0.00992857063098719,0.016070644551414548,0.019877823786602633,0.02019098508356966,0.012040217784968502,0.0013124395767867383,0.022634898753255153,0.025134551078001624,0.023394692441999997,0.018642325136815713,0,four
0.009936536680324407,0.016059846131348157,0.019882541092773487,0.020333480764871528,0.01216799679183346,0.0013044156841928662,0.022610810680584948,0.025166562106728,0.023436703233420328,0.018647157169665942,0,four
0.009987425244960324,0.016242076370908385,0.019792506679845282,0.020385104231559207,0.012193748805729269,0.0012701458470553708,0.022483736148900695,0.02511262971021024,0.02340922431174525,0.018576033159129344,0,four
0.009930740692575105,0.016173653213227182,0.019689432458793375,0.020234600750329738,0.012030949831181248,0.0012814350269568947,0.02245014849757607,0.025079829857471314,0.023383249870647403,0.01855919191460837,0,four
0.01012761265978768,0.016337322385069523,0.019887114871616877,0.020410413808995123,0.012116643443217182,0.0012684824226068885,0.022442676682916243,0.025113284873920682,0.023406010822919706,0.01856154454040902,0,four
0.00996704700028284,0.016656836511380228,0.020282028498286257,0.020209734486550515,0.011687834259246854,0.0012809916336946022,0.02240837291753572,0.02531164250594883,0.023715401525373835,0.01887408414612666,0,four
0.011090769869309458,0.01797242960127811,0.023348117752723718,0.021137104074095983,0.012001960312164828,0.001890092896931662,0.0260478604236717,0.029739292979137622,0.028390133839919698,0.022784203585201165,0,four
0.011037567672144286,0.01652431866928234,0.021694451530938356,0.021367640088710924,0.012522163391032879,0.0014175875849269728,0.02386872693711864,0.026488830273455624,0.024925594385083776,0.020289548003387253,0,four
0.012352749570896524,0.018521518503917825,0.023338549335630874,0.021805761256774928,0.012425993389296064,0.002159254927308144,0.027593371226112773,0.031646471378533755,0.030810289025108087,0.02531871704875242,0,four
0.011791134439098752,0.01698021571344194,0.02244306722177439,0.02186259461315304,0.012731638113341968,0.001396336657016391,0.024167593476355814,0.027025754366229497,0.025535021995035528,0.020916579200950774,0,four
0.01169997458769945,0.01911945662941306,0.024868846392341847,0.02143669549742622,0.012683953996444564,0.0019388383846471288,0.026128513549069962,0.030101745521630256,0.02923053905037537,0.024108334209285216,0,four
0.011761676286465465,0.01754885526409031,0.02318535560555491,0.021845084463896047,0.01367252538963382,0.0014452378253701243,0.024264698157178008,0.02756015010938903,0.026495488804136602,0.022129863908158975,0,four
0.013456009482648527,0.02183724029969924,0.02631575342125416,0.023391705829095447,0.013333247726217665,0.002331939084144236,0.02860299693899719,0.03236202058895613,0.03193990551227571,0.026925632518633363,0,four
0.013786193956037144,0.019796393475771897,0.026067565647715986,0.021590002568023747,0.01254056165390666,0.002269437565368287,0.028674060764366332,0.03280389294632765,0.03234922809929691,0.027420797563769205,0,four
0.012209294341899712,0.017609405822833116,0.02355335845610127,0.020791194629775307,0.01283704131107788,0.001431016619116364,0.02421063602445773,0.027060573085964018,0.025921573652894003,0.021698542807219147,0,four
0.012515539703975901,0.019610813706165995,0.025980393634915847,0.023147723415523073,0.014407542461096379,0.0017636138518301802,0.0244678641455258,0.027240944583593902,0.025899085133196276,0.021446869855969934,0,four
0.01343972715042363,0.02007574469170745,0.026196748794242223,0.024009835803249672,0.01453693770685277,0.0016874874190279364,0.024897770064815913,0.027963435033045967,0.026370078201445234,0.02134433490404094,0,four
0.013005922103372494,0.019898023643695195,0.026862739558880744,0.02453351188752609,0.015151510571807913,0.0017640877842310255,0.02547972041702814,0.028630379296645705,0.026822498176390968,0.02153985163271581,0,four
0.012502419535969103,0.020426460785175682,0.026924360001322756,0.025055527299360184,0.015160974207147408,0.0018396741882838311,0.02645069771328364,0.03006951577051745,0.028202570734691252,0.022552936901531755,0,four
0.012847778348838438,0.021289014620894886,0.028312919580330775,0.02668544082071864,0.01598979831239583,0.001849873666900796,0.02717154917873996,0.030909577905871,0.028889508786935754,0.023022289061773185,0,four
0.012596829251586259,0.02402177592178828,0.033818594233687604,0.03013724367186156,0.017741391373806148,0.002139784179474678,0.02810641430262683,0.031898503511029595,0.029533746182185155,0.023359565682538955,0,four
0.015373556057811558,0.026350954971329346,0.03652111678225824,0.03212256209773662,0.01987388884352354,0.00241745498946107,0.034288992596586486,0.03868769813951566,0.036064919426401595,0.02879504287687578,0,four
0.016877207146555273,0.02921956565516318,0.04139137370427873,0.0344505381287796,0.02044563585093051,0.002496387774944084,0.03819458798218692,0.04328089793056704,0.04062998971373741,0.03265823864074021,0,four
0.0188157931708295,0.03340402861662267,0.04557720807027282,0.038459564872844465,0.023197876203620918,0.0027469957015730847,0.04144539832079053,0.04726027272610209,0.044496968083822655,0.03577569538059537,0,four
0.021923529132752542,0.036727635040704476,0.05728017205743746,0.04708070515423768,0.027526366169699668,0.0029753338102548104,0.0470132318219784,0.054656434869477834,0.05194851937727404,0.041647307643427764,0,four
0.020146326109964585,0.041769530476703856,0.05935557282197641,0.051458930815903914,0.030585703440630052,0.003490742670054096,0.04949316123133174,0.05792878305147643,0.05540527231332998,0.0448142699137774,0,four
0.018527956339624577,0.03839029664633231,0.05499394874037196,0.050592863104396715,0.031831684069154056,0.003171987748368205,0.04177828270247838,0.04993358505525088,0.04804877452879925,0.03835938615124705,0,four
0.02181409787871225,0.04158304206161234,0.05849564129362467,0.050809229247681845,0.030582279523409472,0.003257609015838713,0.04858440092571716,0.05729869013900673,0.05508649709232215,0.04460022000073539,0,four
0.022292882500340287,0.042471031793713865,0.060094075014573645,0.051231510388988544,0.031168378849440348,0.0028779100695576067,0.04817964748239551,0.05791459286179784,0.0568206567005012,0.04725796509807827,0,four
0.017534160616289776,0.045236096960580896,0.06031057006374464,0.0534377472096277,0.03103854476795309,0.0027067485847004,0.04945451967490775,0.05792027346055488,0.05622857459938388,0.04714202156703158,0,four
0.015412627122398881,0.042273550668960894,0.05442455831379933,0.048433291717832505,0.029446179431496022,0.0032494972267489717,0.03574244065593459,0.042901865208561145,0.04177316835617483,0.034424381091254584,0,four
0.01800357609860037,0.04302961817788359,0.058704394347692035,0.050986031714072955,0.03049835739119411,0.0029907763232286224,0.05016569120233275,0.05866679889714384,0.057300927488552825,0.04801187608423002,0,four
0.019057894427451764,0.041906023124435046,0.05702690323765254,0.04984151944423998,0.02968860799837114,0.0028786452021303797,0.04866382193253694,0.057745210812816965,0.05659372196656178,0.0475164271470643,0,four
0.02025391947429545,0.04069426163622525,0.05547305854804724,0.04798348443958966,0.029037801738586666,0.002786976748275641,0.04926064904636418,0.058091126268103914,0.05710116707334985,0.048055025724598174,0,four
0.022002617197330075,0.040765664405832625,0.05433230249571104,0.04910151191851711,0.028250299324600547,0.0027357199422650092,0.05033822325835068,0.059375040353954786,0.058038537376313225,0.04877592105910122,0,four
0.01945578119788216,0.04109314377600448,0.05388295912074806,0.04782116253426684,0.029254130517927593,0.0028470450383778073,0.04918563918664619,0.057322677959295194,0.055699080236599266,0.046558664529079655,0,four
0.01833343767882273,0.04047229237639295,0.05270381482656024,0.04679262641347848,0.030080453719298475,0.0026758768723350143,0.04942117352962744,0.056446562607670954,0.05406657044104713,0.044954771888998865,0,four
0.017805070774090718,0.04075677139301556,0.052693293596825355,0.0464581248196112,0.02948739960066228,0.0026978799631806635,0.04766136702653472,0.05487032061425363,0.052860347222224296,0.044081451661570466,0,four
0.01621839643453921,0.03962744020587751,0.05322406790681411,0.047246673675172796,0.02966234726058775,0.002590905708642113,0.046354002125491935,0.05321571820993209,0.051234675364425754,0.043005041714442735,0,four
0.016532025288048483,0.0381819201327962,0.05156885665643324,0.045512450558536366,0.027827756639269063,0.0026496588467616712,0.04517653608256714,0.05257398454052054,0.05164913020674207,0.04424540393146875,0,four
0.01669241686437495,0.03666033488256694,0.04854575737465085,0.04273476586365704,0.029135956036023147,0.002942352796639673,0.044841599420719754,0.05179438433884252,0.05016202824716127,0.04252996843325628,0,four
0.014040037296951857,0.03326223258453512,0.04710895407392558,0.04073623829149245,0.027107204035760557,0.0029462405214847063,0.04109577757325549,0.04860861240919063,0.047825974156811224,0.04037883290040383,0,four
0.01353605549939818,0.03259305383253991,0.0456584004031111,0.038381585746476224,0.026394146802028576,0.0029743243300464437,0.03901843846068663,0.04674490498832117,0.045958213653802295,0.03873669203760433,0,four
0.009682875632144775,0.035615484524061325,0.050003904757482856,0.04616702612200753,0.028069409691059546,0.0030206338060841708,0.030129876214416346,0.03662194218657547,0.03634710757572789,0.02952255482418821,0,four
0.010187871639684057,0.016762538593845022,0.025151873364021252,0.021192012501672686,0.008510883497199195,0.0017214560450426034,0.012420771629080092,0.012881853500812428,0.010454208868220242,0.00703556167866261,0,four
0.014331082420879118,0.02150891716050697,0.03306053897819844,0.032514094686800776,0.015154965982325352,0.0017661236014563896,0.012228210319977204,0.011499920356173534,0.009667898743541617,0.00791702866982134,0,four
0.007363757474242564,0.03289417265626776,0.04906227742020576,0.05056094155864556,0.03002147118186428,0.0032126717696701213,0.030485838740680685,0.03602687926381083,0.0346375756749416,0.027380607105917408,0,four
0.019816424776154258,0.02483464621276199,0.039217587840464196,0.04020932407114636,0.0175041115021779,0.002407864059581438,0.013913320873365938,0.013182857347778631,0.011111015943804316,0.009581362932698389,0,four
0.025375046905934555,0.03610997200519789,0.053508329624842324,0.052533185543152575,0.025181685628571593,0.0023846144096668657,0.018317995446725372,0.021455334915785728,0.02220770199691572,0.020966635505751605,1,four
0.00812843812126253,0.034025674790276086,0.048669889307895176,0.049192785504057604,0.0282524900207195,0.0029786279632709146,0.029094438155405335,0.034567745062998714,0.03364943381666126,0.027098683430189376,0,four
0.009575562429112741,0.032233775028252865,0.047943121664805424,0.04640291964252487,0.029694913791353153,0.0030563118848329824,0.033253963578058515,0.040551882439785206,0.04057523159851093,0.033283448545348565,0,four
0.008756456457707298,0.03320565312932135,0.04906634052494768,0.0462369626927749,0.02750631086861334,0.0026735016469420845,0.030782208804192454,0.038174783675608705,0.03814952044238572,0.03176814405989355,0,four
0.0084168995988439,0.03230012171930957,0.04839350828129835,0.04894177592458161,0.030023047973703823,0.0026212956557579515,0.03261360486145154,0.03994460066094352,0.039552421723557,0.03285434996433159,0,four
0.008871335690173857,0.03579134198147088,0.05317312089784755,0.047310431484725024,0.028722402255902113,0.002862013172963909,0.0337873555356882,0.0417966374323276,0.0422396619253511,0.03569182902554418,0,four
0.01002214570354544,0.03134954893199393,0.046429141216006956,0.045929933988447635,0.028105757936517595,0.0022697878433420374,0.03189460196979573,0.03962801852289586,0.04002831853234265,0.033712463618685816,0,four
0.011245375153280668,0.030231991619990697,0.04544239682111864,0.04566933034071857,0.02660815269620377,0.0021577609827210407,0.03543348027387957,0.04484043814343061,0.045588742642253946,0.03888909845326398,0,four
0.014255602304365456,0.030753546873829477,0.041499459340931855,0.04177584826116165,0.024734368245280983,0.002430719138843287,0.039722991756394856,0.04952081319474046,0.049680937370842775,0.04202232425397402,0,four
0.014576147031370112,0.029349407258821267,0.038819695986948594,0.03958159762275967,0.023707726790471204,0.002379797075279919,0.03936532562865593,0.04786552429717287,0.047107509576662335,0.039538040781623485,0,four
0.014965308008636949,0.028241784679265428,0.03552430579533973,0.03526497032062838,0.020809997982907058,0.0023532878787081222,0.03658020911696774,0.04467968413487505,0.04420729679752227,0.03748680757938646,0,four
0.014362024786316738,0.027941831738510503,0.03751319359547857,0.036433855392803055,0.020674113596851954,0.002072978374892549,0.03364439875525111,0.042003459877041356,0.04216047093496068,0.03542925899259784,0,four
0.016442501624793993,0.028002873074916643,0.03936355155165007,0.0379358670754098,0.023682593105962102,0.0020487373317911372,0.03508157514078105,0.042940900916694426,0.04236445121078697,0.03489013081707926,0,four
0.01936968987735499,0.03081236906943508,0.045953520375277446,0.039793855560091865,0.024171913228455497,0.0023590502561767162,0.039527537800663294,0.048005525273005424,0.04743562610178104,0.03944581274846016,0,four
