0.018800507116952803,0.025556656200508156,0.031527127883885564,0.026691264894810218,0.000649173766336917,0.0024609230933278717,0.03414629134158385,0.035466147701135715,0.03065743443126983,0.022037655819627727,1,three
0.020536674125517088,0.03187932524659716,0.03969306485004377,0.03454257555808554,0.0005924508176918947,0.0022713920919185775,0.03936708532579309,0.04218690265183531,0.03724143118374196,0.026290022717429404,1,three
0.019396270491325338,0.031912353293131704,0.040296216675690846,0.03314980329959795,0.0007851999044370533,0.002459149652199637,0.041670471458445234,0.0447391547466925,0.03917052015223362,0.028186047344509104,1,three
0.019949269229445746,0.03235807595441301,0.04194461428242839,0.03429450771214744,0.0005910913978448597,0.002484823366405718,0.04259421582749742,0.045746738759544756,0.040129331802650006,0.028861799349762733,1,three
0.017402798121674015,0.032797099840377375,0.0434789736206585,0.03672375079791884,0.0002473204888615056,0.0028962310725014423,0.04363328123575873,0.046141071047683065,0.04069502750771745,0.027437118954358353,1,three
0.017851490071404272,0.031298129549943016,0.04335649516018049,0.03564546703952799,0.00038190411530604484,0.0028130199423622685,0.04392498007209884,0.04671999990551032,0.041240564621601465,0.02895079004655217,1,three
0.021554744218997255,0.033692164116692486,0.045009925254522035,0.03631464326894496,0.00044896815488217057,0.002916588244097162,0.04493548306495731,0.048373474427561444,0.043389249781567094,0.030995963029279656,1,three
0.02232849191935832,0.03482379138507838,0.04711679727206752,0.038942709553305824,0.00017021753104384807,0.0026399798511603095,0.0431887779349676,0.04766118204855672,0.04330957261319937,0.02945625879432731,1,three
0.02296688511571944,0.03742391703426931,0.05003657035643935,0.04127040894199342,0.0005981679662857703,0.002303509415166388,0.03740998107590106,0.0425942015915883,0.038952871842809954,0.027206491095895236,1,three
0.02293278786803349,0.03759776470528847,0.050114272265972704,0.04046629672958574,0.0001514497693648753,0.0029844172950899694,0.04518483715899728,0.049303880578028286,0.045422756126698834,0.0313947134507411,1,three
0.024019500221026738,0.03960659988769327,0.05024189963790282,0.04253590957794717,0.00029470827064729047,0.0027122462259393096,0.044361595643485664,0.05025904883033588,0.046158674351331516,0.03143076549339653,1,three
0.022923949956103376,0.042073615621118235,0.04968107209182354,0.04156841741819435,0.001047825089185217,0.0021265465978672353,0.03501779528575104,0.04050739391873508,0.037572542527538375,0.027030728051778637,1,three
0.023375972823747124,0.038529246670259004,0.05141335649854045,0.04305156995319531,0.0001500008666551894,0.0029953937212913234,0.04712819509377664,0.05237474209358115,0.04785757496270422,0.032425379522762476,1,three
0.023813399623396292,0.03985994027251928,0.05243395729655653,0.042029720736521864,0.00021355044543922355,0.002708081864250933,0.044428658902997416,0.050355568107640074,0.04680330046762639,0.03207694218810984,1,three
0.023206136992079754,0.036965685812304416,0.045143350454691256,0.03832972647563006,0.0015627190968923316,0.0022928902226736843,0.030219826692359536,0.03583024557181324,0.03471580900478545,0.027027483447320724,1,three
0.023447753999182544,0.03891763890261096,0.05288671666918923,0.044397851252220635,0.00029721463165977013,0.0028556371881387982,0.04520448240247167,0.05113034208055157,0.04776805078955375,0.032602035366899505,1,three
0.02284110717512228,0.03664306466007662,0.05189449894797016,0.04269744462552939,0.0003388862270006267,0.002735817376262155,0.04113566144388892,0.04864088962019936,0.046747332819839546,0.03207299155814741,1,three
0.023736458735365677,0.034279862864027455,0.048278807321428696,0.042140237588715226,0.0012059825910029076,0.0022806084945842515,0.04097356990972691,0.048644379580628734,0.046644755777390655,0.03543117385987495,1,three
0.023594348402300378,0.03469826891155603,0.05198218767466761,0.045979895538069304,0.0006441116588716961,0.0027513621150073602,0.04023475137783855,0.04660102662116383,0.0448035712306225,0.030849327672108042,1,three
0.025443949950646114,0.032636594415011766,0.04697682143600697,0.04470918014852754,0.000762380050298328,0.0027086233772619433,0.0400062191750242,0.046793378338562716,0.045398821656332036,0.030417748559648,1,three
0.022228781735708945,0.03304083539881436,0.049054612271883236,0.046014170794300716,0.0009439605213118624,0.002916541454688641,0.039297895934738536,0.04588126808077336,0.04425519129116792,0.028887627926551383,1,three
0.023345306918153112,0.031424298515318194,0.04693816011459684,0.046502930906859044,0.0013149609923223428,0.002737888196000186,0.0384182258574266,0.043795804170298644,0.04154073085137148,0.02706847989843098,1,three
0.019941896261871518,0.03156788929342589,0.05168635748489021,0.04850231745006678,0.0011203958266343822,0.0028195864560954234,0.03684696961619129,0.04135243594069596,0.03927240435299884,0.02537832632682641,1,three
0.01880211605644723,0.028106927616298252,0.031461339300822413,0.0004675811762752981,0.0011547637890093054,0.0011355598998290133,0.022908228090216257,0.023689917421192943,0.019895946616833075,0.01282385145836942,1,three
0.02142463545141896,0.029932177033042965,0.04461266624697985,0.04414309078414844,0.0016324896484430362,0.0028354936673310144,0.03502747936937497,0.04055774245186818,0.03903013960613865,0.02614003674581116,1,three
0.020680471037715656,0.029216977662768682,0.04688394338954747,0.04428336946945227,0.0015516666945839669,0.0027227586999692584,0.033910456596510305,0.03928273294177147,0.03799406106424583,0.02592656682969953,1,three
0.016297390362078834,0.03185803955044566,0.04912117633254581,0.046384420904736906,0.002789239993149742,0.0029405101096911823,0.03133395891101197,0.035735117373471056,0.03186941462213085,0.019842708146957922,1,three
0.0158665899120383,0.03147496425745949,0.04881081825186036,0.04393272680587057,0.002250605895642979,0.003258400225615279,0.03584758321523397,0.040698354047536495,0.038084019221420164,0.02389812499801846,1,three
0.016509524061538917,0.031027558726601484,0.04809956940484361,0.04400316177608771,0.0024041625993954097,0.0031083838565446244,0.03736231281059841,0.04139574317684678,0.0385764515070628,0.02658032786202507,1,three
0.01640611633706521,0.025593296745775318,0.04120010915276595,0.03825843959215952,0.007989914450152416,0.0022637029570687643,0.03705694257032615,0.041841587400318535,0.03933504080546227,0.03202526644636481,1,three
0.01346886684133617,0.027247022094156224,0.042089443766180956,0.036903769200151565,0.0046291598142226414,0.0026090844020331774,0.03906194588412601,0.0436221065849873,0.04059226767395705,0.030375324948011703,1,three
0.012563016668796948,0.02479170429490902,0.04105218566739545,0.0358718188231158,0.005312268963895042,0.002084787865597195,0.0387527171218404,0.043022903817643704,0.03940727116472475,0.029826186464979868,1,three
0.011754987475837482,0.026996143985125957,0.042584962806613405,0.036571521403350016,0.003945074877926294,0.0024919224137856725,0.03859449809041252,0.04227626639485865,0.03835543824570932,0.02657461020813882,1,three
0.011871285207192953,0.024923046827666058,0.03994588856428295,0.03401417620589399,0.005043149400441316,0.002043897878956879,0.03738115445790428,0.04158556739436192,0.038076846555532805,0.028247271228893398,1,three
0.011831112659106018,0.025690015239144617,0.04157473479403152,0.032998984283907906,0.004546612774577519,0.0017255661433992157,0.037026492262293195,0.04147576228561144,0.03810525830302655,0.02830487124902461,1,three
0.012146189682898188,0.028259507446673025,0.044000119900848594,0.03652278988963073,0.0032986845183454877,0.0022141711256906615,0.03733627718413923,0.04087097886237795,0.036650258211516296,0.02473246599501131,1,three
0.011596548545133603,0.02789843682397689,0.045220237261486954,0.03640204215826076,0.004513589896344886,0.0018296656698291644,0.03729947880843497,0.04166746478565581,0.037659083439807124,0.026685316892379442,1,three
0.010734214541333387,0.03340828726728064,0.052437817338541054,0.040513991558664364,0.001966452864398782,0.002424441503920719,0.03867145054050809,0.042978877931984946,0.03867442661395219,0.02578554712046869,1,three
0.010972117761779254,0.03594492073811356,0.05474582605954749,0.04225336576949176,0.0016976860448159187,0.002642277840220584,0.03921517283672579,0.04330213639548195,0.03947705512911494,0.02513872774470377,1,three
0.011016859209567187,0.03375388870570145,0.05091977868458489,0.03890931810593484,0.0015107019526781063,0.0027167215601780984,0.04154446996877737,0.046434192163490685,0.041728974948996723,0.026209740760686846,1,three
0.014195362894893513,0.03484376230096392,0.050474785504813297,0.03929778350039394,0.0008834805058102191,0.002693304109352989,0.04458546324825612,0.04905103944416275,0.04308554843641795,0.02894484728092532,1,three
0.01088895637000201,0.039391625961479285,0.055266505064311425,0.04379779571290622,0.00021493510903804192,0.002509994129446297,0.038987623908794705,0.04280100761769938,0.0372919979671812,0.023035771371127053,1,three
0.013728366910159554,0.037756267926798925,0.050790201727398065,0.03982968125105581,0.0009319894469728696,0.0022680384529318908,0.04189842737679394,0.046794375688692616,0.040498190724906014,0.027532606281803932,1,three
0.013043992490853432,0.04047378447293348,0.052497432481732234,0.039778301702699415,0.00020050847838920527,0.0024669380947266,0.04165479631446501,0.04615159074552429,0.04025187829841128,0.024803208788218227,1,three
0.015444652686377527,0.0367340673985066,0.052298710461369816,0.035410936852154296,0.003479486828867673,0.0023780257483167052,0.037322925013409995,0.041697850020539294,0.0358702837147284,0.025135893617462796,1,three
0.01701239310164561,0.039196027189609475,0.048810636512176764,0.03579989137763584,0.0015580838342137415,0.0023006784742805927,0.04433945869734802,0.049979453924199654,0.043302230129973224,0.02962821763396506,1,three
0.015748495336334725,0.037715301659781444,0.04931157907540863,0.035996251169583326,0.001920238896607987,0.0024015171316501124,0.04167464715831049,0.04659039095790872,0.04071992821755102,0.028061334415729465,1,three
0.014790328779852105,0.03694136492661859,0.04687414007643077,0.03397274770237613,0.0010644539780615553,0.0021997753119869555,0.042297231126521714,0.04712576098329274,0.040672901328499024,0.027748866843127506,1,three
0.016023349645600385,0.03399314513844301,0.04410085361781313,0.03204092218506163,0.0009717174169545789,0.0023920072316350924,0.0437816913113173,0.04858936364726624,0.04179803189808922,0.02823161622738669,1,three
0.015633696576280498,0.03460117553655086,0.04411139382866219,0.03242403035738119,0.0011862464581431503,0.0025795044757512984,0.04237484549541179,0.046500627847078375,0.04022603828984193,0.027587411051470195,1,three
0.01487934755952415,0.03351149867174957,0.04347835499583577,0.032250292999358665,0.0009777489406761625,0.0023955954872395815,0.04160388800500661,0.04551503478243866,0.03909854975677399,0.026805318707698398,1,three
0.01724663945852628,0.03255838158093671,0.04109434515662233,0.029374083921108716,0.0014289623611670188,0.0025079875428614755,0.043312670232389806,0.04724020448297429,0.04016968902667287,0.027878912482980973,1,three
0.015498493069632469,0.03161866156217365,0.041267732898108936,0.029409347103573735,0.000945688195982522,0.0021083727595625273,0.04154664832548446,0.044097134965595794,0.03771719369577574,0.026168734978305696,1,three
0.016575891848988944,0.030353635908680596,0.03788354613061923,0.028219648530754347,0.0009180434357427547,0.002316052835505753,0.04211120732111266,0.04567639415201662,0.03931311764022365,0.027727118346118688,1,three
0.017031194896130312,0.029547930671886213,0.03763048547797454,0.028418441847472276,0.0005777366562611658,0.00198384143790161,0.04070144716986996,0.04420653523681764,0.03831573722173736,0.027320267239691873,1,three
0.01590052273143666,0.029975265428779183,0.03880182763400006,0.02865277510990799,0.0006594403112941717,0.002205118303090206,0.0395583204350287,0.043216751538262516,0.0377856021702387,0.02734938782192635,1,three
0.01346505088537292,0.028163350642584253,0.03562595878890082,0.02575905138767851,0.000918957318191041,0.0018475836447128704,0.03655881038510877,0.03851497932697689,0.03265004558796263,0.023181362402413072,1,three
0.011389254005412186,0.027237696609871662,0.03430348928339656,0.024516612473565402,0.0012065610250368147,0.001655690099949595,0.03495106492553273,0.03743160505265883,0.0317311420826187,0.022645377685526404,1,three
0.011629814841909628,0.026164295256469627,0.032080330551647274,0.024095056067096846,0.0013899491080680143,0.0018118596311108052,0.035956940711909906,0.03811691179567151,0.03185864473980359,0.022005530703442786,1,three
0.011546218491634619,0.024080721791084923,0.02906604260630483,0.021516742661894298,0.0014516714884686976,0.0016818547318119485,0.03619671710942045,0.03801122742876044,0.03158900431280903,0.021993552849925758,1,three
0.01093486485638806,0.023500258856748113,0.02843167654461759,0.020774086270385548,0.001690440855119272,0.0016015534744297183,0.03521912730904784,0.03706959004112246,0.03066474075963554,0.021109851815172612,1,three
0.010482776427842788,0.023644442134348662,0.02991878433382675,0.020978053927772747,0.001468223193105498,0.00165133603814017,0.032502777635314485,0.0350042892808834,0.02920866737855511,0.020163496188042973,1,three
0.010606776981068797,0.025218932154994326,0.02949225555515178,0.02110711790794563,0.0012617458143183158,0.0017064963493931603,0.03386151593818806,0.036330639874658975,0.0303342104420245,0.020458564725153117,1,three
0.010438108093348442,0.024944390657560604,0.030419249355322867,0.02175258966127859,0.0011720256623704572,0.0016852722443997771,0.03370544215833862,0.03635957214005941,0.03047068723908348,0.020540084261619806,1,three
0.009340353781350983,0.02627749491336573,0.030890450405323344,0.022253858378664462,0.0014910182810886768,0.0013717596230032286,0.02960826425118444,0.0317694630817812,0.026301082976023585,0.01774241086136485,1,three
0.011297783254786784,0.019035388876175067,0.02531999692776704,0.02289069978408556,0.00101360015523079,0.002101132418943359,0.031072616868189386,0.03281618308638643,0.028639769647021696,0.02108073720796558,1,three
0.00811574287462605,0.03011407729420175,0.030063678287657825,0.02221199663179899,0.00022084162943653354,0.0024185832737899215,0.03540121823239747,0.03598504938956181,0.03002825017509953,0.0183641952220486,1,three
0.0068933323049660405,0.026757213715020947,0.031191371830811956,0.020714569319175827,0.00036573226503147996,0.00274775161251473,0.03807555831230534,0.038175286401453144,0.030911687757757017,0.017595206996124532,1,three
0.006455648838946573,0.025133933662982777,0.030880861695281012,0.0187809691463495,0.0007480332186030648,0.0030152492894987264,0.04372114937747211,0.04324109333533681,0.03393823721381601,0.01918636104429525,1,three
0.004996327506835375,0.022755197193977714,0.028308423330562826,0.017679115119335318,0.0014028902873291088,0.0022998167527340445,0.03906547542705722,0.03754449920435,0.028808862842747498,0.016496845297461392,1,three
0.004251530324235697,0.020349325516519474,0.026194467445150874,0.016008414915316183,0.0034822868554540976,0.0024056508403785754,0.03868550764206673,0.0379629040804576,0.02916645089254687,0.016585095012348266,1,three
0.0036504693437889903,0.019468017119591608,0.02644077706845599,0.016905193979798186,0.004355327252266117,0.0024963130926054116,0.03717696371389534,0.036166301190244846,0.028063756731046486,0.016001355075174584,1,three
0.006578690042346361,0.014015303248009207,0.01579092993180048,0.007175847917316989,0.005217277680192436,0.0012459248019683492,0.02237273087785918,0.02252478336363552,0.01828362721689565,0.011360469058547925,1,three
0.00432365364582846,0.019739120603325253,0.027738733364892423,0.01720032413054974,0.003859189088167639,0.0031086434397780156,0.03741536826090903,0.035258791444701246,0.027170731567230568,0.0148421747101574,1,three
0.00527825265962266,0.017105604947935647,0.01998224174083749,0.01574858066951124,0.006575190322586258,0.0014284960261094287,0.027630272238944018,0.027866156502631332,0.022421197837162544,0.013763755887778168,1,three
0.004257699975732141,0.01830460602190919,0.02770185226837438,0.017267772229031007,0.006169056005028539,0.002678431467987083,0.036221681714523536,0.034779417003873804,0.02783551948091265,0.01736050535652689,1,three
0.005731821679669125,0.020670803890802624,0.03085704272023011,0.022104118472494775,0.0030636672695063018,0.003723399262567148,0.03423038453464771,0.03433282647578748,0.028548303874904632,0.0144480105923043,1,three
0.006823652814826359,0.01685239227558237,0.032829109193794094,0.0260063900342038,0.002095279662936156,0.003021129719765291,0.032418168403269484,0.03391569336527192,0.0294962417915367,0.017029493372904252,1,three
0.007184089469133292,0.01651231631621581,0.0324447400824064,0.026877223260254338,0.0022322983362459414,0.002219694759635808,0.02918457860808543,0.03198447439383295,0.028512930994938547,0.01784940578031552,1,three
0.008478521445799636,0.01770437255752373,0.03368553735888459,0.028771242442728415,0.0017172805177038258,0.0023002223140461938,0.030006976982323838,0.03317452634209605,0.02970742568448372,0.017669367658548027,1,three
0.008912834132068836,0.014692569083050475,0.030340714870442667,0.029367854218087245,0.0034498865885080367,0.0015579668120269466,0.019466291383849785,0.023730546988209787,0.022233233312089016,0.01608451801267222,1,three
0.010374494866803197,0.014518272183247312,0.03047052020757349,0.027120617368405573,0.002794002137490148,0.0018534033028470372,0.027624382410397188,0.032450935173154054,0.0305591316790178,0.02106946773083103,1,three
0.008897669214224961,0.01378602948447566,0.030676283075364522,0.02733834563040233,0.0020049358890288915,0.0019999252155858153,0.0260876228970686,0.030439358047330216,0.028418249895414614,0.018848236749031518,1,three
0.00812717821653703,0.013826249207259738,0.029973360206623216,0.0270753233609804,0.0019406532048868996,0.0021700939733097797,0.025392069674844968,0.029459809176235665,0.027556719340781244,0.017787542458424777,1,three
0.008088905135327062,0.013013248002841551,0.028735757416189722,0.026815685812717094,0.00366359854723447,0.0010156423487322364,0.01690564795327323,0.020762086798504553,0.020069098528330276,0.01517092844702927,1,three
0.008638081246508882,0.011330528667441988,0.025921124968571393,0.023589711438926634,0.003759424612712812,0.0018569300883980412,0.025930081552544684,0.030091533567414813,0.028478891175089997,0.020709801930184388,1,three
0.009261485082827235,0.011063959131180329,0.025016595663038786,0.023549578500409483,0.004763565841391846,0.001594130658996553,0.026863017002051175,0.031629092215994574,0.030290056669870963,0.02286061237504787,1,three
0.007417874100415557,0.013238097705836425,0.027055717548865932,0.025161790358381078,0.005229900436753879,0.0012109780550421034,0.014452268906651453,0.018035796724987056,0.018191553084504656,0.014858710712723412,1,three
0.009098218247964543,0.011251535614658636,0.026038655169627424,0.022248937878999456,0.005142374239957351,0.001793513242802047,0.025820508471893447,0.030292335287059904,0.029335851118644434,0.022615712532430388,1,three
0.006966595271228859,0.011611646011268108,0.02550050440980254,0.023954443865182338,0.003529348197161445,0.0020372191114973797,0.02515309035720017,0.029597432362717432,0.0282098345924347,0.019904697582434877,1,three
0.00735887511336589,0.015011918888136036,0.0249249960945548,0.024644144903186463,0.004484660114871045,0.0011779857740625102,0.01414326823722175,0.01797675689199012,0.018953953354639518,0.016178913785682092,1,three
0.0070777022908147975,0.011258619379102231,0.025320943803676752,0.023994013642248294,0.0043896756125564075,0.0018814416306513879,0.025243645332552855,0.029618323893447433,0.028533651497502806,0.021075231471909997,1,three
0.006543410268506314,0.011301610305458828,0.02487839601584691,0.023875020492809762,0.0031330640832256985,0.002167322802638469,0.02558551351484556,0.02943293252303527,0.027639124493618255,0.01870193994460885,1,three
0.008562372071560612,0.012997310796992236,0.02638223978148914,0.025357414574287418,0.004145721079128251,0.001319770983599006,0.018028773113384095,0.02226095190727952,0.022206711345362194,0.017598116146050675,1,three
0.008178748507322305,0.011855580160947862,0.026180714667559814,0.024327654246319164,0.00407602738499491,0.0018208152191388836,0.025374777273324475,0.02939047110928986,0.028158518000024103,0.0208122140245748,1,three
0.009441584084727613,0.011219907516957422,0.02440175379417751,0.023197834916904362,0.005179799985683995,0.0015780433663946172,0.02583231639448292,0.03021260809538242,0.029135250295459224,0.022274396924454203,1,three
0.009491430111983237,0.012948387166099522,0.028455077984831392,0.02642553915293755,0.0037858181312924732,0.001132537052249378,0.019455351490005362,0.023655366919782112,0.023291834881392616,0.018075845149803565,1,three
0.009504638232894637,0.012406478453141996,0.026550769813836264,0.024379113068379758,0.0038469871553993423,0.0019108528258738294,0.025463090485873717,0.029532019776110262,0.028649961047295686,0.022065421670762083,1,three
0.00957198622692338,0.012791214279737305,0.02714509541461816,0.02481319975156983,0.002684821730502499,0.0020375213525903723,0.028971449772614382,0.03205525082719201,0.029769335968173608,0.020513755058875125,1,three
0.008846748075631433,0.015501788018169564,0.030827317464745044,0.028192524185413684,0.0024152727906558737,0.002095032566662355,0.02879782657542554,0.03251940104650672,0.030646598911350072,0.02150349609016505,1,three
0.009588713339344426,0.015337036700874255,0.028953075408554914,0.025889699447259495,0.002813731511889326,0.0020971368643549443,0.029319963009561682,0.03372735884309882,0.031825878872605816,0.022759392953249042,1,three
0.009792087465557875,0.01559526167377515,0.029374779069798865,0.027118666146492,0.002343583857755696,0.0021238974950386876,0.030086455393519798,0.03424693417327869,0.031822125481051435,0.021749486963312206,1,three
0.009432046904256301,0.01705828876116625,0.03373614219475253,0.030170400448905413,0.002520763314418615,0.0014532911706079126,0.02231885145608663,0.026224346457219747,0.024293054011368415,0.01742510527891951,1,three
0.009962482329003172,0.016269531870812756,0.03077888582663463,0.026921781319886044,0.0021701387626306273,0.0020771302029189078,0.03119263661138727,0.035165897580427194,0.03237287743532004,0.021776441766118773,1,three
0.00933335446839276,0.017055324926242413,0.03192681057517838,0.025705108047519368,0.000547139639240371,0.0005573625827243421,0.018224369849452093,0.022420488713979586,0.020697141492256082,0.014580885766377739,1,three
0.007254978599196882,0.01819351842087613,0.030444718755444092,0.02473738708105927,0.0022739770114386104,0.0011800053027870353,0.015311884117001415,0.01984685644253747,0.019350146154358528,0.015043458274222125,1,three
0.009915904437937231,0.01761908454419593,0.03369235530579168,0.01836816749900111,0.0012289791888889234,0.001548558592573125,0.024185763575752646,0.029098433393437772,0.025775790842277404,0.017167200802821376,1,three
0.011529409121308974,0.018460780624224016,0.03521543348868167,0.02790941425650395,0.00023854531394426962,0.0017643098400455825,0.029787239794448073,0.03591618959548204,0.03329190488277274,0.021689218810521896,1,three
0.011689257537561781,0.020753600341275616,0.0361085947779923,0.03180287846748245,0.00045028549942635956,0.0020114113887968106,0.028556267621910034,0.033492888941121395,0.03120579772134008,0.01985508011158258,1,three
0.011339236595394389,0.018620897735499096,0.033112294286442856,0.028166510410715277,0.0005281432940607879,0.001784891952039723,0.029200734356102435,0.034983579314317705,0.032790772876497135,0.022150947413556023,1,three
0.0126933664365774,0.020492081668927135,0.03412931291384759,0.028575283234762165,0.0006624175871502748,0.0016344518370605536,0.029471094005107886,0.03516169951470074,0.03273137686734193,0.02400681756505407,1,three
0.014409422945441466,0.01962189406567344,0.032888105490609,0.02709148665303207,0.0008859915805801699,0.001449068052105117,0.0307779115453556,0.03670348835945517,0.03414436065443347,0.025918096420129138,1,three
0.015066296879606478,0.019292820729976734,0.03124497513527219,0.024435870882608377,0.0008647934062284736,0.0013967752009146567,0.028929559090482896,0.03527717147713426,0.03290865864364351,0.02493561680978138,1,three
0.015494357804855089,0.02026650840925834,0.03191164767126242,0.024366800191649718,0.0005888440660924178,0.0016800302733588823,0.030585123525618464,0.03605879508734623,0.03330248890112499,0.025412944861299663,1,three
0.015575065289008486,0.019574209153228106,0.029614468015194576,0.02233353923071668,0.0004208157965597016,0.0016214999137873158,0.031179238816993908,0.03544903319734518,0.03256133275204571,0.024034881793991266,1,three
0.013799260923165888,0.01935486437711612,0.02740958722082998,0.021307277934596726,0.0005712424867566762,0.0017180879977132207,0.030948070047998426,0.03506925177749979,0.03175590722882578,0.023608993900200787,1,three
0.012997355027054139,0.018866791938192077,0.02516088437118548,0.020169476306464276,0.0006043949398467953,0.0015882650224356256,0.028542173627427038,0.03262903171216319,0.029592717303082494,0.02175689191850696,1,three
0.013037803453054723,0.018399706750428516,0.02463565893764916,0.01925417316324099,0.0005918486429653293,0.0016543181064040966,0.028848055315307167,0.032092839876589827,0.02897540788910676,0.02152791061862197,1,three
0.013939388016711587,0.01838826047942441,0.02363617775173399,0.01860926107504718,0.0007172158365358478,0.0015531783936773883,0.026858328909229186,0.029968140068450496,0.02742301805273712,0.020976628778864977,1,three
0.012210649265758464,0.017065890217206378,0.02209632603448343,0.01732514222006079,0.0006733831887681431,0.0014811373211123147,0.02570500675173923,0.02846100385918996,0.02559966020228039,0.019320290845981098,1,three
0.010742610769468506,0.01571816805794514,0.02045764031206199,0.01537599522098098,0.00039486754324437323,0.0012871919787481208,0.023374944245152483,0.025697978562745572,0.022843352418981153,0.01669465307840056,1,three
0.00904476634545132,0.015551039629190258,0.01953345799633891,0.015361511464442038,0.0004121022210354132,0.0011920507476766242,0.02317484486816489,0.025533430006697243,0.02260709076187873,0.016577673716611927,1,three
0.009201890902814123,0.015193452614054862,0.01946154000845418,0.013947772820358948,0.000515110527495255,0.0012868058523881655,0.022275774576722012,0.024627256622275183,0.02167480811296043,0.015936370779727368,1,three
0.009485275489786407,0.01523437906108388,0.01931902317058444,0.014226062917101382,0.0003844835455267953,0.0012117259798582237,0.022479655607948904,0.024355645107142537,0.021280046076448195,0.015456935222026463,1,three
0.009464121633660297,0.01601228347720682,0.01987243708188766,0.014325189130806718,0.00043598406359013353,0.001174443262949488,0.022337699611509422,0.024227965572455896,0.021298456131714966,0.015492233951722861,1,three
0.009757167722531688,0.01674122992864083,0.02127568762422584,0.014891349767442164,0.0004995549668997436,0.0011948179874792424,0.022307562693046953,0.024293948886627215,0.02145970271155733,0.01582964083745699,1,three
0.012018238295125772,0.020299594928415102,0.02339195293830891,0.016124422785381846,0.00046450250902287105,0.0015969475579317174,0.02815337490408107,0.030595112477565918,0.027200568143702794,0.019943398601772716,1,three
0.01555531441283223,0.028969196484739834,0.033891674716991074,0.02726858969417828,0.0007676185655258738,0.001673158594391102,0.03492607167756773,0.03801228410659344,0.033908209864740586,0.023962434180658052,1,three
0.021030602325139883,0.04188714586926946,0.04687662515412622,0.03751863076496531,0.0016779599212899537,0.0023914662003570036,0.046447848706414864,0.05075364790710903,0.044685960390732936,0.03194739529033149,1,three
0.023686812542690172,0.049762170201212985,0.06347712916641159,0.05088152581225393,0.0027607598759866875,0.002602949811626603,0.05356371898474915,0.05999921715445898,0.05188263911926269,0.03618231523408789,1,three
0.02822241298504924,0.05723921491731271,0.07887877466698329,0.05938878513803959,0.004085098532430109,0.003651665393030303,0.06236707568731636,0.06934098223952496,0.060695476268698506,0.04395221222554975,1,three
0.027981600338213453,0.05826506947655502,0.07427639680488758,0.059883997380375975,0.0019737886556949885,0.002907952820579966,0.06191324828348322,0.07179079787769814,0.06428874474961227,0.046296986291788154,1,three
0.029006290778862534,0.06091940237335841,0.0769063722309525,0.05855047488654397,0.002573749851150789,0.0035405109258600806,0.06340558791031642,0.0741254380286331,0.06760080073239584,0.05043059719435202,1,three
0.028622796012177,0.06294371731155136,0.08354637369751407,0.06422770601847873,0.002087982868512528,0.004177252623338882,0.07425046317186822,0.07881509853168622,0.06864312731977633,0.048937242917607475,1,three
0.026019802739446832,0.06675925828976771,0.0874197085197951,0.06760020388544265,0.0015300447578556892,0.005122741464061752,0.07538396800124969,0.08143413158200731,0.07170438184987094,0.051561214656345895,1,three
0.02317392800923436,0.06647802075905486,0.08736905261803474,0.06982181221981422,0.0011689669920862955,0.004818251548170228,0.07466550751239669,0.08074539762318046,0.07018073263172339,0.048904007032436095,1,three
0.024169028388843883,0.06844876058483675,0.08865840482982064,0.07172696969903791,0.0016969908755780083,0.004865109637861113,0.07541458636433915,0.08081301289882274,0.0701696612247073,0.0494315465354593,1,three
0.02157734818501128,0.0674363192374774,0.09150070766783415,0.07089784491998136,0.0013539090868859432,0.004331653022182483,0.07239132591080534,0.07780247479433777,0.06842445977733137,0.047543300548572316,1,three
0.022481540744840336,0.0665042396689755,0.09119778615450619,0.06757272516624813,0.0019678549084641284,0.004122592836434237,0.07087408162771411,0.07612045812234654,0.06677100102176893,0.047086901417729345,1,three
0.021570316080521637,0.06614706161007856,0.09083552283655895,0.0711515535567059,0.0012455177829156505,0.0041578361077287615,0.07086931626520661,0.07619951979324727,0.06662843055580309,0.04560389078581523,1,three
0.021156479956805863,0.06621825820047868,0.09169253724644949,0.07072914976505142,0.0017322257725555096,0.004453255859347249,0.07246895943887961,0.07740900812242928,0.06831663441101517,0.04741628338783449,1,three
0.02462697258776049,0.06966190711465631,0.09868024357213069,0.07714441517597116,0.0015155669554043905,0.004501196579623202,0.07673949367938485,0.08387189077521355,0.0735039166635903,0.05037068900738317,1,three
0.022595804652257537,0.07048733331588343,0.10043487467135583,0.0797707235101164,0.0010349706280533694,0.00510007661778835,0.08356276826396213,0.08860384927042342,0.07640515031100847,0.049045127294693985,1,three
0.025178743341251423,0.07537686718829328,0.10491220609377928,0.0740993602096916,0.018594739409469874,0.004913560538975736,0.08097313236221385,0.08891936320574977,0.08200388922431638,0.06218120275160531,1,three
0.019237026075321326,0.07906089232001251,0.11315056917201738,0.08638023764083608,0.00199326049975751,0.006358777234063492,0.08371089226036961,0.08699870375444026,0.07312504423663983,0.03870493848366859,1,three
0.018757971758313743,0.07649690862250204,0.10922039933034983,0.08934096926903724,0.004948504821491062,0.005602080288989686,0.0802768328263556,0.08367439982117111,0.07242482809140793,0.04490343084945577,1,three
0.021772993074242075,0.07949851915530788,0.10637388376648695,0.09017673614095423,0.011690819098671368,0.005155626216908609,0.08211203837442038,0.0882325135383992,0.07543003527241204,0.05285512298909201,1,three
0.017525908396069392,0.07518253474895431,0.11150218630568398,0.08208666214330168,0.018148860324787963,0.005245994531501139,0.07508855079886322,0.08400850126087973,0.07295079089372969,0.05195522167552112,1,three
0.014963689824230741,0.07020932473813758,0.1168916479617016,0.07118233608397834,0.029693454221496385,0.006620629537429,0.06861814217443045,0.07534726285102689,0.06433401800853936,0.0461997957426203,1,three
0.006347276349267475,0.06288697740810201,0.11912768558280412,0.06365325948694278,0.014032822393983402,0.004057552554851919,0.06536202802381406,0.06984270820693728,0.05768779639601322,0.038128446468978415,1,three
0.00951363383949927,0.06107074584248545,0.11267786828877041,0.04885890847429453,0.012546170102733678,0.0031985096767002366,0.052934826545299137,0.05809684795828853,0.047447039904529885,0.03133740853264097,1,three
0.007000225993052611,0.06958104172597797,0.12501152764789047,0.06083921715990148,0.010747893645046469,0.0033234970316419095,0.052539061875210846,0.05853114247050682,0.050045248221860794,0.03618821641663919,1,three
0.010023719605106729,0.06290542517702896,0.11358303910933731,0.06321000106852287,0.0038866505094535264,0.003165237088665036,0.058123519543477886,0.06609655349296964,0.05474600783640388,0.036245190377059644,1,three
0.014319252027876653,0.06049161401040887,0.11354114419565509,0.0655215602947854,0.004067326640921687,0.0027584947029151517,0.047295565519725885,0.053804967856006074,0.04419779521622534,0.029362416073771887,1,three
0.013986217101290901,0.061434657037326146,0.11924218874116677,0.07189923908446616,0.006407782503282888,0.0030195014280026914,0.046477917110149786,0.05364595560745954,0.04500904408939669,0.0316738043371403,1,three
0.013603841054214763,0.054170928379181194,0.11161618788117306,0.06058852064868786,0.013453428452086635,0.0036361783775637584,0.03363998012976775,0.03731825249312911,0.028986872667686254,0.020660813229213135,1,three
0.016230835362570917,0.059247473327085354,0.10929224339186305,0.0621726423563429,0.01299210882616647,0.0039001873387021968,0.04926082240237532,0.057255224909122035,0.044932249869470066,0.028447504012319786,1,three
0.016192789532155916,0.05924436111001996,0.09323205649707283,0.0503569898305154,0.012856841618794024,0.003733420908067102,0.05927239560346538,0.06891898987085388,0.05645054637128743,0.03732733617792742,1,three
0.016087140252825982,0.04793773133678064,0.07394070055479375,0.04094914817287165,0.0047354306643111604,0.0037471636273695586,0.06426130128431078,0.07050756641255526,0.0584475680804892,0.0386515656670707,1,three
0.01581037007316427,0.04354887181984424,0.06381003875798953,0.038687428514022015,0.004500762502865963,0.0033581426250960935,0.06200148593001675,0.06867061666640882,0.05804741809443729,0.03997177223746491,1,three
0.016460517774985084,0.04240770491168733,0.06447032951469756,0.03943514633148572,0.0022991064037220094,0.0030838140658416783,0.062145376551871065,0.06726257705240415,0.05651799815438187,0.03873256196809152,1,three
0.01761143556182511,0.03793388705907044,0.06092722683099172,0.035923841229682785,0.002254268923164174,0.003181141583434063,0.06361313377338158,0.06952010999146757,0.05898650849810587,0.04069301246524515,1,three
0.016243232393566745,0.03504156963662397,0.05456351047414021,0.03258131724020599,0.0015275857979277774,0.0027872219278479403,0.05933361939142183,0.06473643860999242,0.0554707592279682,0.03877344561520169,1,three
0.015926261637818018,0.034066953780931955,0.050755527465927736,0.029955165331227607,0.0016334574170558981,0.002385080242233707,0.052106198120393445,0.05841866753018476,0.05099724659524199,0.035601461210435226,1,three
0.017508290370681925,0.03209104417395038,0.049423363609666426,0.029598990449488563,0.0022200483438997477,0.002337244637627696,0.04990804269434748,0.056160575902586,0.04853937518693991,0.03411477419653703,1,three
0.017066384032657977,0.03057656293485024,0.04754513927847781,0.028757413182697436,0.0024565061440446102,0.002134711035143388,0.04841249172938009,0.05455443145575945,0.04644974829554955,0.031815278433540234,1,three
0.017506363761336532,0.03112527810774114,0.04752887972135608,0.027273671591508595,0.002558455324295217,0.001973145668468487,0.04737033317809782,0.05429279366738034,0.04692185405685424,0.03264911696666556,1,three
0.018854290194462386,0.030502023740945936,0.046486269369922784,0.02732945784122265,0.002310427725698061,0.0020014384569280565,0.04679874787252038,0.053471974856083605,0.045931243119491795,0.03168423440958359,1,three
0.01627199812718505,0.02975963762836301,0.04666601652649588,0.026557473363472004,0.002415570407664505,0.0018126544716986445,0.0450622616245656,0.05145679444638866,0.044082633853001534,0.030359366145080273,1,three
0.0149928199046835,0.03126543823796604,0.04659964610246892,0.026507311859501392,0.00216428221793398,0.0017937700380772107,0.043244690708337766,0.04946174269504674,0.04273573451978093,0.029608732831639,1,three
0.019555463041836876,0.031586137704454856,0.04740753699133826,0.02890676281446306,0.003102115667104291,0.0019757183112979375,0.04490857841250628,0.051515505476149095,0.04436319842001663,0.030721323518248682,1,three
0.01453028190969187,0.03016929863058916,0.044981972127072015,0.027715963715848516,0.003606079850706101,0.002023992181521321,0.04297033438445675,0.04872341379445353,0.04140902648353642,0.028731658028511183,1,three
0.01402925975070747,0.030331914230989965,0.046299645646244794,0.027230996381147288,0.004022930805806846,0.0019973939920062953,0.03948276146380485,0.04437498861765841,0.03793674977763236,0.026590838958877733,1,three
0.006886371874616284,0.026863710859951206,0.04763460200970565,0.026038252951906773,0.007478421771937305,0.002011375829648207,0.029120301623031645,0.02973070566634987,0.022029038322110086,0.013826014840149347,1,three
0.007477165702116442,0.025642564475437057,0.04680863601927587,0.023962164396765184,0.009125181405478744,0.0024846145139452974,0.025327110386102275,0.025508585331515458,0.019358416441833386,0.013345465880068809,1,three
0.01911565178032465,0.03382121001045335,0.06196376258713365,0.023341219849058348,0.014342995145242066,0.004737195793130456,0.033435109479764184,0.03156439242091123,0.02596943046823969,0.022117587656946144,1,three
0.011992403845226818,0.033770272655725686,0.048683106420868205,0.024530896056426776,0.013261415111725405,0.0034996588880458653,0.02780792707500247,0.03291485391613929,0.026971344481807023,0.018209011093045076,1,three
0.013644921776724842,0.03626763365758269,0.05255144355937902,0.029843291968052077,0.009551597867964681,0.0027442295486113056,0.04322263657208367,0.04970610260160926,0.042343217193228026,0.028784741996736633,1,three
0.016789539787424826,0.03689557763432706,0.05657857789537163,0.03214146356746751,0.00412721315626996,0.002243975236901047,0.05010999597783058,0.05624368461698045,0.047932812126440356,0.03264141852378055,1,three
0.018510083532182656,0.03681794864257237,0.05571874509789265,0.03250543719860974,0.002364337189889376,0.0023715039470041215,0.05802099467992196,0.06377300665783565,0.054327247818487766,0.037673124285712456,1,three
0.02002322222289643,0.038844896814406185,0.05741241534241248,0.0352635192455972,0.001989481175362698,0.0023558925535071213,0.05602599554382398,0.06276873566874891,0.05490088249198815,0.03893601693404107,1,three
0.020483036925072598,0.041356959118997116,0.061858371664715195,0.03816729268399688,0.0030680215787554227,0.0026704317230983963,0.05704478355947386,0.06393473317667758,0.055536814090779194,0.03892927442844514,1,three
0.020854027080453155,0.04399547308656354,0.06398444813925147,0.039582755240833406,0.0014865411970195336,0.0034594560721256324,0.064512093210468,0.07083146249776738,0.05947908678416005,0.039936855159294266,1,three
0.015658408777513913,0.046016528120229175,0.07073110841865393,0.044457845933766615,0.0040567076654488,0.003117409673257754,0.04316165786008593,0.04797924670472685,0.04025783480353182,0.027160778449831453,1,three
0.019301493379557125,0.044746931471942655,0.0661973492659172,0.03797242045829036,0.003890694237986436,0.003426488768084404,0.06643193579402686,0.07310596539564337,0.06361687948326966,0.04564172671495034,1,three
0.016135657797805847,0.043993628450529565,0.06760490734825132,0.04254283495927537,0.0013418885302332179,0.002788450337330252,0.057917874078446605,0.06318401813383002,0.053775943894325606,0.03598550449208149,1,three
0.03557685527795569,0.04728410994249789,0.06550524732991903,0.060545929751024075,0.007200742843199839,0.004699347196363852,0.05204568794105103,0.05485521620139294,0.04942283591030879,0.03750547722251137,0,three
0.037556170849762496,0.044414981859495786,0.06311746884653587,0.06267591848159887,0.008324391279506363,0.004850728213489102,0.0538140999400646,0.05704039642817859,0.05262987241802733,0.041675763847672506,0,three
0.03357858597870722,0.0431711463705199,0.06368832787443486,0.06134391782247772,0.005650465735639324,0.004499932935261106,0.053030588363283324,0.05677448380003237,0.052039923415172315,0.041018137057154076,0,three
0.033263148331578396,0.043035604419453324,0.06293370956480816,0.06047149518475116,0.005054514150966263,0.00418454792065079,0.053525224264811155,0.058011826620445656,0.052946826831101516,0.04059014337472421,0,three
0.032062218360074946,0.0432501142651876,0.05831564923089928,0.057272244447502854,0.004860364100371328,0.0037890850651368605,0.05237839005702108,0.05574119101846767,0.05192569989926567,0.04076086025097977,0,three
0.030124965395113057,0.04390334714101596,0.056436751641151264,0.051401899594338885,0.004071918092554638,0.0027690761344903933,0.0405352445550907,0.04579502410765467,0.04162378659408856,0.029876045349206924,0,three
0.03395437861406703,0.045956330163154535,0.05855976222163352,0.055465723562163116,0.003303802262566116,0.0032413657877614767,0.05333173868949269,0.05953866106441768,0.05566318568172734,0.042709758002970936,0,three
0.03419925415374525,0.04403956625820743,0.0574336446712323,0.05206418414912495,0.003608066152099857,0.0033495553062701552,0.05326781613284728,0.06011181967890597,0.05630091315221418,0.04264919637246052,0,three
0.0321215471061235,0.04048199248015251,0.05401683637226312,0.04905365655159713,0.003362087610062573,0.0028070731744206205,0.04979756013792737,0.0573347814316671,0.05417152566662198,0.04247202445737803,0,three
0.030135373074474572,0.03732250358173689,0.05470154363715986,0.048667459880228595,0.006170325532567356,0.0030754490174495198,0.029486255962199018,0.03666433909034796,0.035623686622697194,0.027342236075871724,0,three
0.033905912459974014,0.0366916151034581,0.05161419060468954,0.04752523554621593,0.004667327274780156,0.002663710632288454,0.04527276612764528,0.05379569319698771,0.05253089060529877,0.03982180385385938,0,three
0.03546083781478604,0.033538158873311366,0.04942229332206899,0.04745938588468679,0.005688453496563165,0.0023617937576869835,0.04041202149828153,0.04958508185228117,0.04973068127723691,0.041201319988537544,0,three
0.03281263673245173,0.034887770533530205,0.051502377881017275,0.04802515380865455,0.004033566170944525,0.0024203079377285294,0.03626460747357086,0.044035850664005644,0.043696722511156416,0.03686004711527912,0,three
0.03735087672562366,0.03729269545609157,0.052504703844029,0.04956681539634135,0.004920484571475845,0.0025341314035210675,0.03542344257410357,0.04268676628426893,0.04189660624570135,0.034450846105562295,0,three
0.03468903268734658,0.030980819574929944,0.050612004676493696,0.04785576157785443,0.005099031465389717,0.002791185744932284,0.03231330824494536,0.04063944310039859,0.0418018610675237,0.035081083339007536,0,three
0.04539668073842819,0.022794327061235253,0.03415792018900793,0.04367052825473171,0.006278026583322665,0.0037960789958781855,0.03891079255982399,0.04809977480114876,0.05308393872857774,0.0496005452445275,0,three
0.03453596102465818,0.03247217632598565,0.0498114335978484,0.04718527281766871,0.0061452451394654085,0.0028326068126014498,0.03931286341710716,0.04877303019348335,0.04993750500299393,0.042759333401541755,0,three
0.035881734660968334,0.03409534013957995,0.0528141865627801,0.049844967326040934,0.006335041499519481,0.0029554552787492325,0.0347562025410242,0.04348300680820979,0.044588208286227955,0.03800834758433193,0,three
0.03286571339933991,0.030145300140109202,0.04975150839019506,0.04838930069054331,0.0060610037823439905,0.002784580897090404,0.03556737241260482,0.04519832881827109,0.04633393705095283,0.03816807700815752,0,three
0.03074008064335189,0.029141142045691352,0.05013944826596384,0.04731990480968552,0.0072089403246164,0.002876990713412482,0.034313325967914324,0.043448284698559256,0.044359246897664024,0.037076752550150964,0,three
0.029396077955617286,0.027079940106126663,0.04669446361265783,0.04564667063838446,0.0103274361802983,0.002612681316489093,0.035802254506545464,0.04563499666852702,0.045672920646291866,0.03723320499071822,0,three
0.02418645525727212,0.02772080840557628,0.046371843098427734,0.04568566144790033,0.011424798834693398,0.0028366963565486457,0.03301709601383956,0.041902683617338045,0.04282586926761566,0.035498220711637885,0,three
0.02366486695481035,0.030078926712337504,0.048745838358027704,0.046315441612776134,0.005624670939815113,0.002530736495104484,0.03463815901428769,0.043518297046388404,0.04326073238835889,0.03591695000680093,0,three
0.021421780600672916,0.0316953538690018,0.048526748697908406,0.04723229871885254,0.004966950288771602,0.0026968181701952005,0.03591250320794876,0.044795954118837106,0.044262793264368404,0.035785643464056646,0,three
0.02177735502508195,0.030711143606262734,0.04570603734233514,0.04456391490401336,0.00414209769414331,0.0027991616649669935,0.03550804539798906,0.04409379664878311,0.043602039199488976,0.034714309271495936,0,three
0.020406642896890814,0.03013699993255606,0.043700574350253776,0.04226507012868776,0.006482065373322313,0.003016027648195105,0.03290653737626615,0.04157943966024247,0.041967750587319365,0.03499184615866449,0,three
0.019742253382562722,0.029677539614750784,0.0425715201931567,0.04066200053813464,0.00579935512227038,0.0030900399034484573,0.03163248589051415,0.04026086868434546,0.040608571403380464,0.03348834443504942,0,three
0.019923947769446004,0.028283886576011344,0.04335599365628581,0.0414346847485403,0.0056213861073289295,0.0024921115134797977,0.03475226306022326,0.04318239732692001,0.04249936379777606,0.03431854245398944,0,three
0.023745717472436534,0.02365862781181982,0.03538549083074295,0.03538128494630134,0.012142739580982609,0.005106333475085052,0.022237648141938605,0.028493943631963906,0.02988063853064033,0.026105510109339643,0,three
0.024336675195379718,0.031541690953588955,0.04574216891153339,0.04393845614360359,0.0046650106487620135,0.002966615284453791,0.03647148528379442,0.04426975232517136,0.042578253184318494,0.03371616124853604,0,three
0.024822901788781885,0.031413400840535094,0.04507816760897582,0.041788526675677895,0.003916574661027586,0.002947286933420547,0.035831891879045306,0.0433962590288238,0.04217032928894787,0.0330158014760827,0,three
0.022581684089659826,0.02151535553656686,0.02287300186832987,0.020400243118876907,0.0038066161473394727,0.0038723327195891617,0.014158244767162872,0.018355432441516863,0.020190068010139145,0.01885484275722718,0,three
0.026839412876343297,0.030658716287223844,0.0453250471419932,0.040546021869755366,0.006054628874731308,0.00277411461210399,0.03712041288129079,0.045973899639561173,0.0450882040844327,0.03651112453670593,0,three
0.025531269551956295,0.02708715943938801,0.03377336952802569,0.0329378891399848,0.006503705051637054,0.004456662415042162,0.018683590985358475,0.02449942635583023,0.02492480831830945,0.02101246611832755,0,three
0.02771404834314695,0.030599856854391237,0.04581600209704814,0.038393834018995376,0.002735033791183686,0.002733151727198493,0.03900579721276525,0.046627525667537764,0.043734655102347066,0.03303620539679754,0,three
0.03355057699968414,0.03302272008697939,0.04510824059751037,0.04437942264767353,0.0021450826169173848,0.002988348327415888,0.04341998141183958,0.05103415170037502,0.047908673014411186,0.03631658343822777,0,three
0.03285022186587652,0.03434421527314108,0.04920043727549851,0.0433515897505351,0.0013526703742590684,0.002731438666964509,0.04324001718770991,0.05108851317490941,0.048697166167331316,0.03825604984607346,0,three
0.023494176119458424,0.03196427945290431,0.04760373168996801,0.04338215328709982,0.0010080003565245167,0.002179277765346011,0.04162512677094699,0.049761413696374386,0.046776163125693104,0.03592924108411339,0,three
0.014391766488631622,0.029154823353953932,0.044331768705735186,0.03986940824777409,0.00677782522562477,0.0021255752469285364,0.027690679219166004,0.03484442435952987,0.03262639881221162,0.024094130336464528,0,three
0.01935823137106585,0.03161076662860385,0.04776469143210341,0.04458562778362937,0.007093649369186272,0.0018813476402066353,0.04136166954759338,0.04968234659047573,0.04721171279907494,0.03598533462102037,0,three
0.021833091659159035,0.030193432358289866,0.04487735010027771,0.041267952261171165,0.00602463033916667,0.0020686985497818037,0.04147000197589463,0.04918329684154322,0.04594004161750032,0.03413231209941114,0,three
0.020246416335253717,0.030124826320301282,0.04527246066701786,0.039343190697629815,0.002949564484509646,0.0022267534305079437,0.04265988153469799,0.04876585596959348,0.04491476047754286,0.032268543167866606,0,three
0.02082872641699042,0.03094944866716981,0.04467647424350757,0.03779869333969911,0.0037441085210534776,0.0019169900022165906,0.04195206471092135,0.04873661372375397,0.04499768876836482,0.0341846040354958,0,three
0.026971548378911817,0.03143768055162316,0.04510818678335632,0.0398000692639387,0.0019102836568736237,0.0023734962294950403,0.046522364676585,0.05259439106313314,0.04848706308471782,0.037010540919423476,0,three
0.02484122647189496,0.031445525823075554,0.04224097437732233,0.03513167483982477,0.0017122161792897939,0.0018812230516074536,0.040378324807805996,0.04608394234007626,0.04269883933360465,0.03269733584472169,0,three
0.025294256103547186,0.03247826590305947,0.04192679096990479,0.034733843648826035,0.0016494232327398106,0.0018484583719498243,0.04137628887348168,0.04582981910617575,0.04167924645676196,0.031732779041404154,0,three
0.025410103393390948,0.03126764601150013,0.04241462917662599,0.036132403339453,0.0025231184653511964,0.0016479831705334244,0.03958601277529044,0.04440681465222651,0.04073564143932707,0.03130519136721204,0,three
0.024099036357899284,0.031677697378841976,0.04197135138368996,0.03501576009433051,0.0030609996287342955,0.001685172765232193,0.03816818053883916,0.04403553393341264,0.040828162236767745,0.031283060772413204,0,three
0.026979559915457862,0.03388310335536926,0.04176461509759144,0.03446178825121954,0.002422528434551388,0.0018561291146056563,0.039659043181961486,0.04394067757339387,0.04014313071580486,0.030893140023834434,0,three
0.026712091718082365,0.0327266430200084,0.041180035692107486,0.03333417204471237,0.003274751400057261,0.0018031971305881853,0.03933767912760028,0.045022661826509894,0.04149042296314409,0.03225790760972485,0,three
0.026609364564273,0.033519594059695346,0.04197224518084153,0.03255027767460551,0.002939532370317424,0.0018153414765050213,0.03922352288605627,0.044473775307194305,0.04091972843943444,0.03171603455355063,0,three
0.02313309976643542,0.03273084354384849,0.04098497518029626,0.03150645818499928,0.001898753394496442,0.0018637130083881764,0.04081685229885783,0.04500423180971181,0.04040225714917802,0.030037287549146273,0,three
0.0206977735293033,0.03237756492524163,0.03920818076850516,0.03179526026344348,0.0020262587925581367,0.0019111857892662831,0.04064491455274669,0.04348888863117639,0.03820091409688547,0.028159553325195954,0,three
0.024996021692509543,0.03142887458418403,0.03775923106907264,0.030616661386030107,0.0036065133905378655,0.0029375716879704436,0.04760669314230747,0.05268081855107146,0.04839221283254057,0.03783599009613356,0,three
0.022373931816163428,0.03170898607906425,0.040033251834143316,0.03433291151221085,0.006223126184272412,0.0037937868677463222,0.03034124163273012,0.03131702876808538,0.02846614402239662,0.021984528012459308,0,three
0.024906275365017952,0.029579446508038235,0.03680899552790598,0.03316229972726005,0.002149075811318849,0.0020137046135405884,0.04004750905593814,0.04387994906443847,0.039608142710069016,0.03064029609290431,0,three
0.027103717454357593,0.03263524152315472,0.040535147574463165,0.03459666220836945,0.001998425194786827,0.002440410993799661,0.04296651793785127,0.048413579680406126,0.044962265487947996,0.03507546959324643,0,three
0.026541450600891428,0.03250666336907139,0.03979412132418536,0.033454040246592875,0.0019954210376877703,0.0022570679778476203,0.03950461826834255,0.04376655388989833,0.04068112627624812,0.03217982407545816,0,three
0.024612465713432785,0.03166021314051953,0.040128645325131385,0.035427917076829366,0.0026872837248383998,0.0022678634386036406,0.039012245503708416,0.04273118498033658,0.039187436867986335,0.030334734516103645,0,three
0.017189879748663595,0.029049673757080688,0.03591640347872328,0.03082108831010061,0.003490092611560469,0.0020348226988684656,0.028628989672624564,0.032988378017101506,0.030088959668837362,0.02190421314996029,0,three
0.015825082102354424,0.025800494262362028,0.03464144543348327,0.027202875373616323,0.003926726315999305,0.0018994589157122848,0.0310741825524938,0.03551477771611578,0.03279545875660886,0.024246103185735546,0,three
0.017030996286732825,0.024194500157386223,0.03550008985521126,0.027850014305161666,0.0063931392300247275,0.002404588497815328,0.02157489614177025,0.025723270827862913,0.024442807458841857,0.019721578711120267,0,three
0.01695114817597304,0.02324072506044278,0.03193173551306355,0.02676875021570803,0.00549315238573489,0.0017070057163338474,0.03110222213554652,0.03603009280065272,0.033800680060080454,0.02583710518453852,0,three
0.016796531946950386,0.023913367702125213,0.032918732299820466,0.029046993933728574,0.0038064771209649108,0.0015722893082648665,0.029102739996014326,0.03454624341124787,0.03314094547858434,0.026676576108022345,0,three
0.016488766234826844,0.022724522835371685,0.02696242831239104,0.02779043880802036,0.006676503556630756,0.0019432583373377797,0.019193269901100374,0.023775142649190173,0.023093577468802307,0.018997577775645712,0,three
0.016697181549726273,0.024134451856171156,0.03156474257316383,0.029412453387113572,0.0031031051484511664,0.0014370951159562973,0.028400947897538335,0.0340753277427279,0.03236944371479135,0.02546975481062438,0,three
0.015931768365138987,0.02022334689067211,0.028879338298386285,0.0282316536690832,0.0050658124174260966,0.0013902202539050456,0.028382565732963445,0.034966711753394365,0.03354159703771819,0.02624524515243468,0,three
0.016494698329111657,0.019846913597539442,0.02832685936934666,0.02596030256012473,0.006750856652179005,0.0023992199270067892,0.01831596158070945,0.023098119681845563,0.022797929777586573,0.0188418581427527,0,three
0.016869105962268042,0.018072663028899108,0.027352107536764335,0.024101767429522972,0.005669384579152725,0.0018391750159736057,0.02813938255370505,0.03414049881612795,0.0330646131654666,0.02675891905567794,0,three
0.017286501032117166,0.01801524696106755,0.02419950246136757,0.02288403177198041,0.006588341388037003,0.002067141290944807,0.022000133863128914,0.02732904484816698,0.027478506245514227,0.023071639514495552,0,three
0.014647531597025643,0.015726867805601178,0.02375611666995456,0.022442040677462444,0.0035745635494073592,0.0017217792611821927,0.02297309552869924,0.02789494500461919,0.027760206640826214,0.022726280612979984,0,three
0.013589368067057253,0.01619178218995515,0.022643956779445765,0.024675400535332806,0.007399622138212894,0.002957187768372747,0.012463924734708023,0.015495042953931249,0.01585217706121182,0.013934633470922227,0,three
0.016143239943485464,0.015405517156542037,0.024144975517276915,0.02383385666358019,0.005722842812413396,0.0018957495646806234,0.0208397730790142,0.025917404320779228,0.026304829685042518,0.02229471249842483,0,three
0.017285096755776528,0.01490104734576149,0.022442777098025113,0.02407965907435528,0.0055163734183918955,0.0021167424423315833,0.0196850296497954,0.02488977419209996,0.02608697607180329,0.023203178193512274,0,three
0.019065848424060283,0.01570681108024198,0.022298485911528002,0.024563256102226705,0.005874953813342108,0.0025827896300211458,0.013642877459267061,0.01784948546215489,0.01949818560494785,0.018207572946083547,0,three
0.01748253012501899,0.013177576998401871,0.020611067649511705,0.022336385877342657,0.004698155161724477,0.0020545353680871,0.020939481562518028,0.026768469108986028,0.028318024418030115,0.025398807350925135,0,three
0.019934245843193088,0.014252713287063571,0.022423919894377656,0.02584738735350309,0.005099614405974562,0.002202943836576315,0.01896455214011937,0.024650622849221406,0.026546369438328412,0.02412605047925899,0,three
0.021243747607896657,0.01560846971111756,0.023571595772561058,0.026464540446968922,0.003355272896267473,0.002371674343386659,0.02061992343075266,0.026341240837050393,0.02828449221943703,0.02552815885407515,0,three
0.02646306602876761,0.016968127890917187,0.02718714024066557,0.029574984803775052,0.004101323400398726,0.0023244445471064055,0.02453114865491305,0.03158623097153668,0.03314047859956594,0.02959382884126102,0,three
0.025787533236003638,0.019798015161181796,0.02877148333573965,0.030760379998487908,0.00470674777372496,0.0019104590520059948,0.01806536252938685,0.024397538616270174,0.02650633796770726,0.02426986610424769,0,three
0.028103486041356436,0.01980603887536222,0.02890865404616616,0.033053197245163896,0.0025224186528023385,0.0023325936920624304,0.02661614702003333,0.03364547975195495,0.03641768561790211,0.032528020754952924,0,three
0.03343700361828028,0.02076355220605223,0.029753843559045583,0.03164446823665201,0.0020702633443416074,0.002123356742023152,0.027712187455531823,0.03484540244587914,0.03631634547550117,0.032854472739660766,0,three
0.024739604941746016,0.019621302226430784,0.027112786760747635,0.030171176674433267,0.0033558344440093625,0.0018390407477080612,0.01677958120171762,0.022383154632337296,0.023762953084487545,0.02116008679008746,0,three
0.03035797343298025,0.019621586513671192,0.027567436564123003,0.029692404107948767,0.002530795157546742,0.00209649265305154,0.026456706731078538,0.033938643150151264,0.03563403072421093,0.03208207197466899,0,three
0.02760679854497955,0.02093386166907363,0.030753392412405073,0.032326506233972596,0.0017761260568969423,0.0018865784849822452,0.026650165123474914,0.03334406810158409,0.03480167652370172,0.03131267927273798,0,three
0.02484598815754999,0.020858253923280813,0.031235712070161625,0.030993682691797395,0.0015429668443911505,0.0018293459553594031,0.026071700262091334,0.032508246230132966,0.03381215705895416,0.029890131232473832,0,three
0.02237372052916964,0.019608901892559573,0.028663073905862257,0.02925394012307509,0.0019011537233789297,0.0020652863674404396,0.02845982442860997,0.033927625801754076,0.03398266496765936,0.028100951211378632,0,three
0.020909567759410885,0.02062047001720759,0.029602632600583743,0.026485081137390044,0.0022670451437142103,0.0018499757965495115,0.028076759676697764,0.03378009056085592,0.03420716671814167,0.029592008537501262,0,three
0.02699777116057546,0.02627900692041453,0.03593693979575735,0.03248863418391007,0.0016426720463847211,0.002680608869947245,0.03363559363881129,0.037111312338754136,0.0355411193045158,0.02957354514033185,0,three
0.022189085088794927,0.02589044183060242,0.03428080384213794,0.03120742733148671,0.002017230760972797,0.0027288462811396433,0.03373498981640333,0.03749668217728527,0.03635337801882777,0.030464222605635746,0,three
0.020536760223623496,0.027477442257437677,0.036637761157708226,0.03278993020686641,0.0022781036150572587,0.0028513210180421806,0.03660727098410118,0.03986914805401238,0.03763148867043281,0.030083397076696012,0,three
0.021241402010854202,0.028589832091520308,0.03570843065807902,0.03182696745620378,0.0014614252630711366,0.0025080768855291263,0.03664701761214856,0.040530108689450346,0.03790024753319624,0.03001738191405275,0,three
0.033213343282776156,0.03791923973533967,0.05370480149908542,0.04897560243235012,0.004706445427483455,0.0049302132519382005,0.04733756268498176,0.049217095947356196,0.044259883678064146,0.034538772484392036,0,three
0.03552039081525288,0.04174024005115379,0.061654991107689586,0.05904056347475052,0.009098907594334973,0.005619987238204247,0.04833229551067665,0.049784133292483074,0.04607124041058432,0.038885926486925036,0,three
0.04189662227015828,0.05281642882524573,0.08000716679500297,0.07448825827282507,0.010368723107088196,0.007949598066841406,0.056769809755376044,0.056383461285597916,0.05145213776544853,0.04297057036091084,0,three
0.044254567693518654,0.0555069852841486,0.08184309566489867,0.07727316749602986,0.014402355621727883,0.00762894431036404,0.05823174899660635,0.059199018408967255,0.05434546548093947,0.04498237014317348,0,three
0.03619490879078137,0.05364917932339308,0.07373304587757769,0.0627664289561079,0.005818537938732007,0.003655986558593201,0.06367696907760972,0.07032899445331003,0.06460316427002913,0.04855465382132591,0,three
0.038215102098168266,0.05713150122617584,0.0848313824181215,0.06982287579369663,0.006625793905927824,0.004196827513284936,0.06718320528891883,0.07472260314107346,0.0697779097000372,0.05071700749114839,0,three
0.03475245780130688,0.0579388835360697,0.08324094689369593,0.07462098780955584,0.004676229988261574,0.003011390252748945,0.060781845142655964,0.07218274209215168,0.0665829406181646,0.04965083800653523,0,three
0.03727863623643925,0.05879750043268252,0.08711332829493358,0.0673744399215262,0.00653828904642563,0.003751666250114462,0.06643098943166104,0.07779976681077877,0.0727060481344267,0.052771417398949735,0,three
0.03826502630989927,0.061529567201727975,0.08273933902653825,0.0757695333516436,0.005196827200639423,0.0035843357700733455,0.06710518460128978,0.07797914282892926,0.07258251918831793,0.05558676791347643,0,three
0.0385622221552504,0.057975599633169464,0.08495715447203184,0.07415128971254827,0.01399272435564737,0.004778754962183217,0.06644857342819294,0.07559568719989605,0.07174422741026036,0.05373616705877556,0,three
0.034835359411831135,0.06432998084586396,0.0916042256635411,0.08275363917601337,0.010693242692394522,0.004863975022521327,0.06321954027587964,0.07193187218627674,0.06703971657677961,0.049996418081389424,0,three
0.03328639472085228,0.06428888735033723,0.09088287807820722,0.08056636258196344,0.01135615208648938,0.0046385436530539505,0.06021040387533414,0.0690799359596772,0.06381485572515638,0.0482441266223676,0,three
0.045093585637555444,0.061815480715081084,0.08306979107226534,0.07544283021958842,0.014247026571223578,0.004775214837520757,0.07789698683526312,0.08900164651759984,0.08438973423702348,0.0648094979671494,0,three
0.03427997128989303,0.06193180225307639,0.08712646231834009,0.07989382238678523,0.011217440491937902,0.0039062326329597804,0.06807731556530638,0.07906799984132801,0.07305864207138893,0.055742698972732006,0,three
0.03408104173152024,0.05403256311648909,0.08465083871824476,0.07507908352050868,0.012978636445116598,0.003868454809311666,0.061363975978083,0.0733216836108187,0.06895284572601837,0.053023769304461316,0,three
0.029017585866154563,0.04924367487747855,0.08013247945552039,0.06884476841468334,0.011062533986760104,0.003922518707455132,0.057105897600404146,0.06816907677694817,0.0637389164835447,0.048000164906736593,0,three
0.02614354829213296,0.04892591876661184,0.07917408898292205,0.06690185064916682,0.01391290067517037,0.003600436799432972,0.05396630877276688,0.06617907089490405,0.06256744479465275,0.04812437618564349,0,three
0.023038019696431045,0.047779893798144527,0.07293886747309508,0.06151402992465954,0.014158973266323649,0.004523802935867671,0.046667067259218147,0.05694903737412755,0.053506221611183534,0.04159384366650342,0,three
0.022465246479006842,0.049214514629739595,0.07240668273243557,0.05893867748862136,0.020533762375002276,0.004425854946538217,0.0480539844573325,0.05921475724346451,0.05726901866017016,0.04598064466488204,0,three
0.022698607789468694,0.04502635259484823,0.06881704288944769,0.05817272829624355,0.015347211295534235,0.003928015309832048,0.04878350016512554,0.06046008814131406,0.057804203056409015,0.04540445283073962,0,three
0.020751689970383295,0.03825031050936424,0.06079534199152331,0.05300077483684268,0.012257233837388748,0.0044588592314142965,0.03951072201495965,0.05120126142652057,0.04758236914678994,0.03458912337040123,0,three
0.02801014730671382,0.04660992074968129,0.07213530372456672,0.04969775623943207,0.012638502663760542,0.00685127873519664,0.03565556902338148,0.04393120820201538,0.04355330077747209,0.037721932766289136,0,three
0.02207129025855914,0.04166578125704447,0.06610389764379332,0.060226011121944714,0.017138961850684767,0.0032112290817216207,0.04529659080120668,0.05847321244139326,0.05661662852831732,0.04417139572269799,0,three
0.024688052994442242,0.046336001765832316,0.06909231235983028,0.06242221191781373,0.018392542913869825,0.003185585685971057,0.044608705135249234,0.057838117742768314,0.05683738099497807,0.0448313276303677,0,three
0.02550653438072179,0.0415922450437375,0.064198217375265,0.06191481805408672,0.014716893684802793,0.0025774243846137146,0.05051205814063502,0.06388679447930448,0.05919058578461092,0.04373415248403879,0,three
0.025396391995761717,0.04992564487493856,0.07108062442041109,0.06409216424496039,0.01043299862719528,0.00339464647272454,0.0535496461624258,0.06669421361197203,0.061018388033710846,0.04336899046254676,0,three
0.021087323562553495,0.04647702781984353,0.06823101905078577,0.05596840155740512,0.009852321930599095,0.002631794917760892,0.05623999987498515,0.06725749478069928,0.061715274862082094,0.046168868278122235,0,three
0.025985368953926058,0.026742369243695663,0.06783244284511615,0.05593637396670882,0.00905958582912593,0.003780612249906429,0.03389379260705896,0.049341514189060236,0.051453278058023265,0.0402424169854675,0,three
0.03348974174428326,0.04367911800690383,0.06279895200026986,0.05433480465027812,0.011235377089486687,0.0027379947148914547,0.05347376926260481,0.06672283005925282,0.06224797046150289,0.04509208605337158,0,three
0.037090392253493365,0.05967305002326584,0.06558728840616834,0.05442314062920134,0.011875737061791028,0.0031489568450765687,0.04055038720448733,0.05556981860557602,0.054613563992310425,0.04205063424593572,0,three
0.032550192852185245,0.04494976265517675,0.05647704124163777,0.04949956450727738,0.011693199879405869,0.001983430165865838,0.04892177267930079,0.060884753657488765,0.05606124650356027,0.04155827370007734,0,three
0.03333545097848756,0.047599677571347476,0.062147065781635646,0.052091967370589964,0.012156517358846129,0.002520114804257969,0.04642811425362315,0.057555743218230475,0.05458065718020552,0.040932459035094154,0,three
0.040825687483958664,0.049292579082949387,0.061700317819842754,0.04926060540499205,0.006688659099234606,0.0029398239223881843,0.05179341373514663,0.062033859033192335,0.057706384365166195,0.04354527171860823,0,three
0.0387357332334875,0.04766992740273418,0.061656094553449683,0.05441584957829737,0.006677859479129036,0.002383458062816646,0.051222701216506995,0.06143039479805626,0.05715202263142787,0.0430150824881505,0,three
