0.039721999967978594,0.007710551414947661,0.009317662920275586,0.008370212517516032,0.0027845383473494943,0.005419554394941855,0.05493879528120346,0.05385553659245391,0.04862967751169853,0.03891630218593616,1,zero
0.03819993733320026,0.006783611565791801,0.00843342500149297,0.007261441100795437,0.002446828590802398,0.006220744629410349,0.05729303149476025,0.05695573682857613,0.05205400393262424,0.042753737077815476,1,zero
0.03990350978249821,0.007119987717551527,0.009386234510539326,0.0072832563571748644,0.0025821034065085426,0.006505840075911715,0.05932175792249751,0.059434023101547176,0.05355568149285872,0.04257966633134578,1,zero
0.03662271004638229,0.006372414559516374,0.00780182756193698,0.006670307372015833,0.0026949402239610128,0.005645961339206381,0.05484077544894367,0.05487126795830878,0.04972391151853127,0.039717236777539376,1,zero
0.03437442327548568,0.006066071274327026,0.007796905423123515,0.006816204488231673,0.0024296071668867218,0.005791180370580747,0.05258253733453937,0.053327112986186996,0.04889508513450266,0.039382752677328305,1,zero
0.03472182887750942,0.0063687560292846924,0.008112665817352163,0.006804896863990242,0.0025341753836008486,0.005636161147152401,0.05671686932973485,0.05686643727390767,0.052261245407409763,0.043229851662558216,1,zero
0.03587856318608486,0.006373962991779011,0.00855945797303194,0.0073385019640043484,0.002626388578326111,0.005336961117841228,0.05671242437254994,0.05784711583969948,0.05306408848207737,0.04335472013870411,1,zero
0.0388692549170955,0.006666962429800021,0.008440696589036867,0.007319257625718603,0.0031262098246273608,0.004700214935746496,0.05825479878307594,0.058965290887754936,0.054126131061104664,0.046527283609494326,1,zero
0.03773362618438392,0.005775372153317498,0.007041645788102456,0.006828932415663195,0.0031376563121687674,0.004367445836520034,0.05539868155304929,0.05495340257404636,0.05066818130475354,0.043639791286322366,1,zero
0.03235104674356887,0.007674319563371266,0.008813832572309735,0.0071495117268732195,0.0030101429763171065,0.005664494269949108,0.06074266219831628,0.05978090440855038,0.054328523210608014,0.045884538687623,1,zero
0.03434350431432277,0.0058470608693390515,0.006969928865168077,0.006160346413084197,0.0034698299599374574,0.0045810165418808,0.06194594603765089,0.06158222028095291,0.05706609438907805,0.05059592746229166,1,zero
0.027053374779113293,0.007874465684671643,0.01101327495313004,0.007990704124262008,0.004466420439277974,0.0036460006546596138,0.05286875478878432,0.052159961369724145,0.045964371171837305,0.03814631259239925,1,zero
0.028974835336892393,0.010686755483272192,0.00964178506841186,0.006371134963435308,0.0030977044161116934,0.004205178421574287,0.06549377778439004,0.06212910436803163,0.052328063976103865,0.03986229960226786,1,zero
0.028191098303262996,0.00980850180989232,0.009630510041894746,0.006131710941301247,0.00232335473260634,0.004841146040343078,0.07079222296759463,0.065337364103613,0.05595358734716536,0.04479479276046861,1,zero
0.027204605950952754,0.008902058997161344,0.009291751962034502,0.005633341673603792,0.001843100490354646,0.0055955011168211475,0.07084876395861796,0.06463407927155562,0.054576544336011806,0.0419819841867453,1,zero
0.0285401982702589,0.008243108808337011,0.009253248011224346,0.0061195724576364125,0.002356269684605592,0.00555690686747214,0.06856203000857942,0.06418219832030805,0.055729137368169354,0.044148206764513476,1,zero
0.029651986405075135,0.006701691655187206,0.007500705014971286,0.005454501402392829,0.0018949474713211324,0.005334448562437942,0.06715131321176714,0.062407358785398645,0.0538371749536489,0.04276400006399464,1,zero
0.03459475122392809,0.007054679960956476,0.007160164343154824,0.005035008592224166,0.0021302113036417852,0.006315783141959279,0.06298114798239113,0.059522229312159086,0.05330578715908955,0.04415145419771442,1,zero
0.04413868112099263,0.007031359399104619,0.007625647305618211,0.0067407547369997545,0.002912584241817631,0.004976185974161365,0.055698010980331725,0.053333498534641206,0.048312086462852025,0.04028994492736367,1,zero
0.038809135564101316,0.007373865499326782,0.007993077668028188,0.006318830219317059,0.002384449774525078,0.006960211129611548,0.06578635199312534,0.06499621825131635,0.0585742801410866,0.04791096889218598,1,zero
0.038731658618710085,0.006373560196218811,0.006826181547054234,0.004988526605496423,0.0021080585761811517,0.006116740221518761,0.057811618526173794,0.05626108016221192,0.05069340439055906,0.04135439221781762,1,zero
0.03609607384222603,0.00693481308227529,0.008607455918089882,0.006997403094311544,0.0022142179377497885,0.005498958385596818,0.05169560776649406,0.05164223083824513,0.046628942185683656,0.03740584710350007,1,zero
0.03473497479239024,0.005352039399712752,0.007111677119062813,0.0070009637690434424,0.003336983149041254,0.006959896577682167,0.05726030261284277,0.05691438159392255,0.051905546093166964,0.04391547198849707,1,zero
0.03218412303029497,0.005943883645008894,0.007711796963814441,0.0065691903646710745,0.0024705557952965397,0.007408235018830641,0.05645047289661692,0.0563613731641678,0.05160658559413567,0.04248541031749129,1,zero
0.037908818161496716,0.006839627716349211,0.00781543890459448,0.0073346542882297494,0.003253159959580151,0.005741037727998983,0.05563326855989884,0.05716215086322395,0.053293066561117174,0.04677371219736081,1,zero
0.036800841339031276,0.00699892050077691,0.008017171175425863,0.007136817355900816,0.003743754428018574,0.0048968126087277734,0.05444707655819978,0.05579853934900989,0.05293203592562746,0.04695889784110517,1,zero
0.03614910677440775,0.007557791315343857,0.009290624734994424,0.008656670060923898,0.004792176227363734,0.005293892481599194,0.055058277145742684,0.05697112692588511,0.05480589850314619,0.04968043269408128,1,zero
0.03572796757717761,0.006161440372116433,0.00735931391437255,0.00732311639819166,0.003953722887037354,0.004573996307424235,0.05145912506013643,0.05376745287498111,0.05243080597732732,0.048103526360567396,1,zero
0.03588417117472184,0.008274357421899334,0.009042391532017295,0.007932514018537118,0.004147859203620825,0.005515666600750763,0.05262702768748608,0.05561935648959502,0.055510964761973765,0.052289111343795255,1,zero
0.04249442758150536,0.008043115805799899,0.008206209165640743,0.008081945507264064,0.00491861377970352,0.004210866743700993,0.044959521105271134,0.0485145076984753,0.05037476015918061,0.05042435296298009,1,zero
0.04017778145465284,0.007574096900926201,0.008143504540358197,0.007923732023636791,0.004538890527507138,0.00457456644861981,0.0445047992125008,0.048768972530513904,0.0506782464090412,0.049948880862930284,1,zero
0.04198183519421067,0.009015414648850476,0.008913687401821982,0.007728571044988358,0.004111720981492047,0.006112065677879419,0.050830357372111806,0.05677965187396338,0.05899047604033116,0.05713869636129374,1,zero
0.03963240764840347,0.006890836465212102,0.00873567498412945,0.007707123365642339,0.003299588793346478,0.005371567438654735,0.042931478775594306,0.048769407339268156,0.050694753739296966,0.048710776886909585,1,zero
0.04199320482734642,0.007442828377378478,0.00835320081282006,0.0075742678619000435,0.004349332847049013,0.004439092398138594,0.041535358528664294,0.04630750190977754,0.048553086093384296,0.04782281114359182,1,zero
0.03822715627048279,0.007276679335867128,0.009559727547696576,0.007687532079538714,0.003288109553008947,0.005718542723476492,0.04643077873450257,0.0532348760703226,0.053910359565363566,0.049984169160124194,1,zero
0.03998077309075512,0.006948633944237739,0.008769424573551135,0.007173543428360935,0.0029663374108576954,0.005316619854467607,0.04436589225397968,0.05047666907046807,0.052104076524732666,0.049378983406034464,1,zero
0.042040544454201134,0.00918352883960033,0.009942047633977824,0.00885224541485723,0.004331947288729655,0.005104861712344587,0.05078691187468578,0.05550575690723905,0.055885821763537416,0.05284992678857435,1,zero
0.04537575879611508,0.009071274322584841,0.009990813158998524,0.009287620433780282,0.004700816893855622,0.00428322512404607,0.050310355817429576,0.053156609702978815,0.05245286918344668,0.049381307136288424,1,zero
0.03388420835942624,0.008031446108684797,0.009145413501961498,0.009217613895083425,0.0061512293356113,0.006258262434659137,0.05466010886674022,0.0520242350568547,0.04977513507286945,0.048369454222628,1,zero
0.043860750279631225,0.008755574207955145,0.008525923003968768,0.008607710970754575,0.005079995527930445,0.005012192438741195,0.053572909455811814,0.05329115063832394,0.052903256954715185,0.051891544160295754,1,zero
0.050919353704767856,0.008736245548381212,0.010872939270935616,0.011445449833030336,0.008540060319080223,0.0044890330243029415,0.06360391239101996,0.06424334815955428,0.061113370590940366,0.05995525374656305,1,zero
0.043169958975357164,0.009455956931920806,0.010608603536314112,0.01108373650280026,0.008255486600478418,0.0064141584010815106,0.06508673752700225,0.06356004119360462,0.06141425352386391,0.059769766514662405,1,zero
0.07671636000430018,0.023958753725322357,0.021731721002551843,0.019626768591046676,0.015943934634773005,0.007008020619988169,0.07868718886656152,0.0811315418077181,0.08200637709658194,0.08311614365877294,1,zero
0.10995881180967305,0.03621240456781097,0.029091533518016424,0.024729962383274354,0.021865523498167852,0.011638816642432251,0.10336083449608056,0.10709837123124928,0.10907575119460919,0.11507734777120376,1,zero
0.10316482773183157,0.03149408022440619,0.03092921210086075,0.029884160443097052,0.019558561303230748,0.010494661842276678,0.12793654819445982,0.13165389747312609,0.12982424815708074,0.12809959092787304,1,zero
0.10435152324258497,0.028487932560861743,0.02875838650273247,0.027906846880542766,0.01743773264209582,0.010955022862257241,0.1287697860306467,0.1302619063733793,0.1290671802887438,0.1273888116597123,1,zero
0.10259947221213617,0.024515728042399147,0.025970255095194576,0.02573907429628776,0.01600998846124181,0.010854302478172158,0.12323741668946367,0.12473845406377705,0.12559721840082183,0.12561416646669188,1,zero
0.0996814335774905,0.02347334401079631,0.027529156620932194,0.028633768488266462,0.01470727231393533,0.010976450807432854,0.1237507612241316,0.13074031522059604,0.13378899652245932,0.13491464932133382,1,zero
0.11103871279727097,0.02512777814892366,0.03172271592228293,0.03253460036692449,0.015972897927489352,0.01094667011653355,0.12624589214554452,0.13729956616656672,0.14035901041403603,0.13902756662772597,1,zero
0.11024986382424556,0.018360305846378613,0.02186649285562138,0.01886774832087057,0.005500097119994551,0.010497475362967098,0.09827743026179846,0.1160736903938576,0.12420227431790555,0.12301091058748566,1,zero
0.08765376638407842,0.02309067154590079,0.029840122520112086,0.020907318703031454,0.008911074177458126,0.01181189692109469,0.12334628162037359,0.13784801217546658,0.13991835132281588,0.12869203247190053,1,zero
0.07533669938698252,0.016086050441580495,0.021008753277593297,0.014704346374611352,0.0034795707289457115,0.012211653530427774,0.1246678240893455,0.13582326217389717,0.13517741901555783,0.12027743977620746,1,zero
0.07741771353132254,0.013908832265273272,0.019500037960622378,0.01527139150756756,0.005400745974644631,0.01094782942801213,0.11770232783947818,0.12815422684469668,0.12903916527741502,0.11678613058432558,1,zero
0.072905066970835,0.014375288920621246,0.01864119578709506,0.014560236939747506,0.004564669647603645,0.010046064910192175,0.11058937431987846,0.11769447214587914,0.1171186489353295,0.10572028284937544,1,zero
0.06665718325146487,0.012544003350105894,0.016233106338533226,0.011942032917306243,0.0034761500095409595,0.010284902737571657,0.10657898550801308,0.11112223658020316,0.10824162346326985,0.0958672790599149,1,zero
0.06677577825352855,0.01246436832581411,0.01315498954044843,0.010628552263719396,0.00370382225738761,0.009427373155704358,0.1032449351087852,0.10475624258686979,0.10304779508308405,0.09544906234089584,1,zero
0.05434348991187582,0.009203283975188162,0.009515485315110653,0.007737994969066131,0.0031003139947809767,0.007909749976997883,0.08889698182269687,0.08764329343097718,0.08460261514163024,0.07784568520891301,1,zero
0.049586722133343974,0.005671775630971065,0.005848694982608985,0.005327985248976632,0.0024995650269051956,0.005354206503126716,0.06521020303792416,0.06579461448702133,0.06466644896678699,0.06006559952290638,1,zero
0.02118557533011889,0.004684202817505883,0.005363188153846358,0.0044048324881232415,0.0016950778165703544,0.002896422590146933,0.032732298334805655,0.03391000287251401,0.033001027962800876,0.028763306827054348,1,zero
0.027094007002836294,0.003829653597923861,0.0035442185573289057,0.003438361889237065,0.001573798638491955,0.004344281197285896,0.04446065904189928,0.04533927393438072,0.04528229051713029,0.043428799031530324,1,zero
0.02335812458469823,0.0027252687450721493,0.002391403586018692,0.002533934569062425,0.001330665836638252,0.0033160891285339282,0.03323913506566437,0.03378192004297994,0.033822651042049935,0.03200278502644611,1,zero
0.0173721680242687,0.0026359392175049103,0.0027471026498120813,0.002935531565993387,0.0015448887169201289,0.0028747639779868757,0.027587346259945206,0.02765079713277444,0.027555628498406322,0.02572041024833777,1,zero
0.014354917732591291,0.0021973678566430833,0.002510161187641819,0.0020026025558923877,0.0008162096704979404,0.002113116323026957,0.022390856634257963,0.02288726437656664,0.022710204782988686,0.02134667237971032,1,zero
0.010488214470765679,0.002299607701456163,0.002783888186890125,0.0021547251758067265,0.0008057520638709094,0.0021009321880838014,0.020988553376695092,0.021189212754107446,0.020635228549435062,0.018275650665247955,1,zero
0.010288006168241881,0.0026539400014647394,0.002892365221036676,0.0023196675616330136,0.0008943636029929572,0.0016717629499698255,0.01954014941562437,0.020069014429038003,0.019088668506391036,0.016640746341031097,1,zero
0.008369027117573778,0.001925579451302637,0.0020140427209236495,0.001687430383783691,0.0006109189054591064,0.0014238263977748493,0.01582992875034546,0.016166019162700402,0.015587110416959617,0.013711555272897516,1,zero
0.008991367559640931,0.0016521911971053497,0.00190020830856415,0.0016133621801666422,0.0006348520100580603,0.0011510130094694764,0.01465837696711901,0.014585225364709298,0.013938221778643038,0.012454347267049729,1,zero
0.008560730460775788,0.0017568521601081188,0.0019551761563324638,0.0017083034504101586,0.00047847491598402084,0.0011602138242489503,0.014486891176960351,0.014318463232257786,0.013408323940939165,0.011516483462109251,1,zero
0.006232867770512698,0.0032327009342841212,0.0036492086155565963,0.0027032089168846397,0.001062808418669737,0.0008725922761620279,0.01220469348423303,0.01185823937894441,0.010426397758970824,0.008371289043637799,1,zero
0.009746468956765179,0.002222722785203468,0.0027719732020820087,0.0019284070948911653,0.0007368410059269146,0.001079882707034604,0.015595883431900288,0.015931084761436873,0.014987270059032113,0.012744198393462632,1,zero
0.009168616757874143,0.0023473522983734154,0.003027136436004096,0.0021686215392350064,0.0008054067264216673,0.0012771408594410506,0.01638868492597895,0.017064722685003805,0.016072138068213993,0.013864758323442396,1,zero
0.011291921892708112,0.0038062087063526293,0.003536031709050258,0.003330867590576228,0.0015568022450560548,0.0011868748425404258,0.017450159493891334,0.017704876190914504,0.01692173804208485,0.01563804298256254,1,zero
0.0103065219958548,0.0029779819869554733,0.0012646927271597577,0.0016619942979632177,0.0014163881506287352,0.0008444448966567396,0.012899392421451411,0.0137372127844395,0.013434995397786038,0.01180731537510387,1,zero
0.009535610319460628,0.0027224525816720337,0.0006604220677813169,0.0014930624254878644,0.001500181165498036,0.0013228324294764808,0.011161348270750616,0.011772813624916865,0.011994619074303802,0.012025275650106188,1,zero
0.010837841683255987,0.00404428077805908,0.004009065309359048,0.0036488452471173183,0.002011063120402671,0.0014460787531822379,0.01943461687536506,0.020024474013201614,0.01984695059942263,0.018459294295056817,1,zero
0.007804085518710666,0.002061524283148748,0.002775606952497547,0.0034370238631793205,0.002690527619845371,0.0011606134043287203,0.011896931794468726,0.013116519845519287,0.013937656241436905,0.013619799045320903,1,zero
0.012424385054843893,0.0041580478134467065,0.004252660393815197,0.004196142584766153,0.0024829670773391247,0.0014856854815469757,0.020754720931542174,0.02211918751140746,0.022397807502727473,0.021258880068448227,1,zero
0.0086076173901219,0.003941495395076567,0.005198993593920852,0.005573203560291439,0.0036225780985382015,0.0015735244243079921,0.016611895437907347,0.01769846912998297,0.017331815721147642,0.015606871620060985,1,zero
0.011791017399464008,0.004585433748239154,0.00534597291185606,0.005383957383991342,0.00367585408044658,0.0010864448860569646,0.017973964496300263,0.019275998006524492,0.0196200738862619,0.019165957424236647,1,zero
0.011093011560113941,0.004581446090162327,0.004864175987925356,0.004587790822911276,0.00283285942409875,0.0016395267639546004,0.020569941175851425,0.02205711454702571,0.022224896855872412,0.020902661957889642,1,zero
0.010595899154853046,0.004099448438344519,0.004578456796984293,0.004333749404293765,0.002871882292297734,0.0016843094839468192,0.01989812305981084,0.02178098979058306,0.022874781379250083,0.022529301294402018,1,zero
0.008091121877226335,0.0040560948874675574,0.003733518312295068,0.0035392233879117116,0.0025581826218459636,0.0017439882720775512,0.012835603710844879,0.0145281686847501,0.016600065111725293,0.019242949549906945,1,zero
0.008116017290145114,0.003671627693672024,0.0038786103605608713,0.0038305819634164018,0.002632892868116175,0.002452195851247086,0.01568531058263645,0.01769420575267977,0.020327440313315574,0.02211238102197039,1,zero
0.00718619596085022,0.0038496997789857997,0.0036612655333680966,0.003284491473851191,0.0022800834022149337,0.00261195758377435,0.014528547551468271,0.016163438256273806,0.018327699742658094,0.019958177465293696,1,zero
0.007405293238437553,0.0034838776630832947,0.0033980301046017958,0.003220513668577077,0.002401835472634139,0.0024779104750900197,0.012928048328362573,0.014918761653883329,0.017667258727312327,0.02037465946350863,1,zero
0.005899708715300482,0.0027427240689186306,0.002847955035180188,0.002243987870898122,0.0021331838119282827,0.0031589562640288904,0.008817169984051123,0.00966929524991979,0.01214462485956851,0.015824261995077783,1,zero
0.0065406538004759655,0.0018373709183928805,0.0024372028171323777,0.001993163243245996,0.0015402626189352673,0.0033444009820389623,0.011402697557869148,0.012479819231233988,0.015084953501266266,0.018706958210894648,1,zero
0.006194215590477081,0.0028252150587827624,0.0025570595741149027,0.0022902086924572775,0.0019313400573775863,0.0035746614967140794,0.008877226194074073,0.009272315386609158,0.011552992789520697,0.015240793321348088,1,zero
0.005659500396661635,0.002544321822511,0.002515682310169076,0.0018721565620754138,0.00158507945262468,0.005137372696711038,0.010493246186356083,0.010464971962693562,0.011746818602985576,0.014379551091577692,1,zero
0.00602251786102962,0.0030232325645464103,0.0024764940794055955,0.0020147334713927594,0.0018663621316979894,0.004307108346845509,0.00837262944493976,0.008393587798634453,0.01020348165381952,0.013640044823891575,1,zero
0.005669561524768223,0.0025612255123830807,0.0023121834218333493,0.0016636781392760458,0.0014439467048554203,0.004999642218808427,0.009121105505330103,0.008880461514043684,0.01007462540209955,0.012875284868145534,1,zero
0.005773108260762046,0.002719612352625426,0.002376617857458938,0.0018362826681937033,0.0017348342179827928,0.0046571861756862405,0.007983862815735805,0.007675830418976955,0.00899343240208031,0.012086685083856389,1,zero
0.0060025255845719775,0.0025931879144297267,0.0023261193500130374,0.0018249936083833,0.0017218440963655895,0.004405527727931831,0.0075585210922985945,0.007450691273387244,0.009015187980873383,0.012494324484896008,1,zero
0.007714292041807997,0.0033094259377955413,0.0030493225939576263,0.0030397621120094357,0.0025555413070599275,0.0016637587575589205,0.01002813771490934,0.011480198017436405,0.014696379923855054,0.019166791375209317,1,zero
0.008318640423921038,0.002321795120574356,0.0021908839168505168,0.0017815445306710277,0.0012404353916325652,0.0028424507907487194,0.012728573877452038,0.014271010967995986,0.01604118924538907,0.01834013919484595,1,zero
0.009675460034757485,0.006812808709081523,0.0072950218711175276,0.006579838800612734,0.0042381418213839495,0.00252480787638798,0.026574405678337402,0.029189434594828166,0.029520855438439013,0.02654488364313853,1,zero
0.008116513900298593,0.008771666069301957,0.009290246255418355,0.007848066656868671,0.004468668332868412,0.003000899546324669,0.03214915695363823,0.03385169335433767,0.03264051810528962,0.028435542299020955,1,zero
0.007622229064994401,0.009100423310708181,0.00948815039328524,0.007871968554287255,0.0046791507755083485,0.002725155639845216,0.03043833068796703,0.03233364666224974,0.030529616495734914,0.026226819329612103,1,zero
0.008140198119561985,0.0087851391809579,0.008950804251463822,0.007903604091371755,0.004854870732631925,0.002588307523005973,0.029313368318516112,0.03132317305778545,0.030010182491287396,0.026320189830478683,1,zero
0.007814984974092115,0.008920971027959877,0.00941204245840382,0.007997436442593129,0.004768593302271695,0.0026872270290765753,0.029444241450870046,0.03170438820442952,0.030365093051956463,0.026592882040731874,1,zero
0.007864523186128666,0.00905276786332282,0.009083764411036657,0.007774813978845955,0.0047280897323809384,0.002720949611539033,0.0298629986553338,0.031646792165669894,0.030077583934537352,0.026317019878222336,1,zero
0.007970833009174477,0.009005461575395737,0.009110133913901074,0.007723172593338337,0.0047377083450067005,0.0027177364064407197,0.030363671479231878,0.03216286644093206,0.030278615340523972,0.0261200884906032,1,zero
0.008014590397586023,0.00917676189404791,0.009298762949107434,0.007987152804045248,0.005028372436686777,0.0027040980658711478,0.0305107417073387,0.03214884112907574,0.030313018274237803,0.026229582100874227,1,zero
0.007737305362812155,0.008258637774385014,0.008182521899820947,0.006606189839681656,0.0043704351022257094,0.0030149810544929955,0.02981997879784607,0.031200310362435767,0.029513481372049594,0.026124039775015328,1,zero
0.007550836172302733,0.0071310255928163655,0.007036817730014878,0.006203274842764797,0.004046344325673753,0.0024694291720025437,0.025808456560523656,0.0280982395636647,0.028362236741542923,0.026002518408672938,1,zero
0.00842840340271717,0.004833029282587619,0.005225005554736073,0.00532737707788384,0.004575359108592428,0.0029876741048760844,0.012079166634193103,0.014304908194631991,0.018625048055958222,0.024008843856799925,1,zero
0.008985566580527897,0.003524348053707861,0.003614341034936538,0.0036412443524702666,0.0034675361150089956,0.003357729010981,0.011320183020936484,0.012365299809483478,0.015685920117687994,0.02121719455936945,1,zero
0.008967517939333064,0.0031224017864960353,0.003146929929218365,0.0031923440480787694,0.0032445052039762143,0.0036351236425932287,0.011083852876736789,0.01173862207077955,0.014678496572584285,0.019832820045649832,1,zero
0.009989805453079707,0.002904130378069144,0.003038625812162441,0.003400739014355411,0.003253765598036265,0.0037992347160771987,0.011323588360329843,0.01192301480640912,0.014926960135431936,0.020303081263546855,1,zero
0.010397652702853998,0.0033066053057347828,0.0035682778428947626,0.0034149016130671905,0.002935981486294806,0.0038893669336466127,0.013479297008639916,0.014303597871478092,0.01701777022728721,0.021584220451705383,1,zero
0.01100209509574571,0.003345291470114282,0.0033574838253435267,0.0035129110697162272,0.002841839490250079,0.003612804830206434,0.01297164814335437,0.014108497346342262,0.017211785730597912,0.022312787662810668,1,zero
0.011324973970866972,0.0032701886560700215,0.0036712694296601664,0.0038304078501755637,0.0030926818631616653,0.003778328610982618,0.01344113550414084,0.014684746727003966,0.017602007804275465,0.022190935094184704,1,zero
0.01265779497844221,0.003599705323330815,0.0035056799209844465,0.0038371794779634965,0.0031703523256991365,0.003258458657929562,0.014792872151928713,0.01689894594571404,0.020226391653965562,0.025008634962652158,1,zero
0.013129148056934832,0.0026905812938172536,0.0029954081062984854,0.0033416351911127427,0.00231083616607085,0.003280439027692141,0.01693370006428008,0.019043806825134277,0.02156750065235115,0.024840948079743092,1,zero
0.013288268775338844,0.001933886187399106,0.0020041844137268817,0.0014401691914698624,0.0004577024432708132,0.001097469632073506,0.01198464555402814,0.012852287550723797,0.012608954166690417,0.010479050526724484,1,zero
0.022620099909352463,0.007605148977550568,0.00751545618958499,0.007191652958090455,0.0036462250086922313,0.0027941594360253365,0.028181755473100607,0.031186473072844913,0.03227158366938995,0.03196933785022694,1,zero
0.025207235231841152,0.005160938298456293,0.005817169730614622,0.0058871235187699135,0.0027380056751665216,0.0025241907651496706,0.02589367876027711,0.02948883266616632,0.031215585477091794,0.03143381251737859,1,zero
0.023090437166540276,0.004596361163253134,0.005890550837519188,0.0061643582335486,0.003092352902099249,0.0022314585768973176,0.028876592673138756,0.0318878396384673,0.0330928755401163,0.03300337631391757,1,zero
0.021903611149439117,0.003846400899096856,0.005206348297415815,0.005478641856971948,0.002330188931517257,0.0027757950990923807,0.031889746873995296,0.03269825651726523,0.03249018939069756,0.0303832294379436,1,zero
0.022610392395974125,0.0028761864657800016,0.002788541413207949,0.0019472013633951152,0.0007366918238097299,0.0024750960142144213,0.02457466213468744,0.024761210066226825,0.02402678836953306,0.02202511533116062,1,zero
0.022058790330961454,0.004336599929486013,0.005591815452977414,0.00455419221608227,0.0018516489968956606,0.0028871074071084918,0.033272804644163274,0.03429074325453694,0.033805319218858966,0.03137519918451025,1,zero
0.023098113211719843,0.003881211031347481,0.005075603844675016,0.004266636895148505,0.0018995012591761819,0.0027381416032039954,0.03174032689880949,0.03275614730871246,0.03217293197400421,0.02977160177162007,1,zero
0.0238318070006186,0.003728011244264152,0.004497114314860181,0.004406358520005199,0.002017963020092526,0.0025837202870891557,0.03250715488345939,0.03308921578747889,0.03277172083031871,0.030630946383349456,1,zero
0.022406015220156065,0.003795874835603828,0.004570721662891599,0.004145480678690168,0.0017259490818538753,0.002964455345931597,0.034839268894301945,0.03425179854149776,0.033079288717145064,0.030250869824163706,1,zero
0.02353036766052555,0.003770636937899442,0.004693832496004645,0.00405554129940006,0.001444521985348309,0.003336722467552863,0.036723902942594734,0.036485171675746664,0.034460231590127295,0.03007430534477269,1,zero
0.015240471822887378,0.0019676849971029097,0.002152682472303143,0.0021590092462098233,0.000913379910558538,0.002791119888575887,0.02651818193324031,0.025364933418178633,0.02416569062754346,0.021803808849766602,1,zero
0.01363957814013778,0.0017816429001192785,0.0018270165209978715,0.0017228252846226424,0.0006478528669112138,0.002096346939619899,0.02106553250992107,0.01995061821722645,0.01874049351723345,0.016567658010932188,1,zero
0.01019415536911445,0.001901643646601595,0.0022124181513629377,0.001973672469197515,0.0007597699447465939,0.0017269583126525638,0.01821852601281428,0.017561382099718564,0.016128928558960465,0.01366244744449503,1,zero
0.008550402430224594,0.001834015438648703,0.0014345229568865777,0.0010291041597570627,0.00011817132070954776,0.0018571682789497773,0.01641568482805773,0.01533137783416566,0.013493127757212437,0.010901451607279424,1,zero
0.008025530614924385,0.001558435188793176,0.0012121571663641052,0.0012000134461964762,0.0004997054656380208,0.0014436481817825199,0.013149069101382442,0.012061215005638788,0.010805345693196718,0.009107653424624332,1,zero
0.007187415496480797,0.0017883473655012864,0.0016259692550314214,0.0013616069314088854,0.0004722435980485959,0.0014241013531631403,0.014130610708521141,0.013651132032852242,0.012906355747007171,0.011189913998256633,1,zero
0.00833738853514119,0.001498043096131823,0.0015977475438416905,0.0015867857684087362,0.0007300355303814518,0.0008875136617177551,0.011084190646493297,0.011203517716508467,0.011208447843208591,0.010760483074687672,1,zero
0.006927358531516986,0.000701901261258922,0.0013295441948652032,0.001412227083765897,0.0007270906625439283,0.000909384341967625,0.010369282117680848,0.011097866696039372,0.011396825067497247,0.01093353306588669,1,zero
0.006750210734215682,0.0012262548985153819,0.0016608159805691024,0.0016596254153079732,0.00079453065499891,0.0009846502490224545,0.01082633764981661,0.011371180530454803,0.01152527778206807,0.011283531713704255,1,zero
0.007857830249692103,0.0013888083260599519,0.0016514983913673948,0.0016108034305313693,0.0007398800118636961,0.0009242161330398551,0.010079199938425747,0.0110044851782943,0.011431069028035663,0.011319650342984815,1,zero
0.006512389036697667,0.001336216031631659,0.0017253585820592786,0.0016872403827452817,0.0009009014565454533,0.0011004900139296443,0.008325716990203505,0.009638159454896112,0.011073683221026457,0.011956115721658894,1,zero
0.0054355294943220205,0.00022278514981867448,0.00048790063713444274,0.0005941734577189633,0.0005003029400311243,0.0007942332659593935,0.007472231362375008,0.008997562069667927,0.010444944123309775,0.011053786269368588,1,zero
0.005245506889510068,0.001039163949406847,0.0019576318105225133,0.001776579537823563,0.0008073427981949745,0.0009784676647361787,0.007869158194721351,0.009238732260723253,0.010320479825952043,0.010877593675392512,1,zero
0.00614092584752897,0.0014505303542988494,0.0020452161399344697,0.001691820723535763,0.0007716119059358632,0.0010832208510976643,0.008693876022878341,0.010258251472665998,0.011424566639828552,0.011902981852572209,1,zero
0.00463845639075414,0.001918224395645863,0.002366325341465896,0.0018712637261979609,0.0008788880987039354,0.001026696477368602,0.008584768383309809,0.009725143663600546,0.010586757026204405,0.010880742794182816,1,zero
0.006353705677781042,0.0014868514037566167,0.0021155428476716254,0.001881933239251358,0.0009198796673208914,0.0009903303877544136,0.008825004578377708,0.010294364821674677,0.011434540479643965,0.012077890226747021,1,zero
0.006095657256075318,0.0020062390094932074,0.002583746387577991,0.002344656504359721,0.0012353801618370103,0.0010076178883688732,0.01061631533038296,0.01253371234138931,0.013885471232094132,0.014293720940273362,1,zero
0.006053052880800061,0.002894744227226468,0.003871455718547031,0.0035118673792586827,0.0020042608388403417,0.0010332676905426945,0.013254338812493355,0.016276253717902988,0.017409914282550804,0.017054467128625232,1,zero
0.0056437450994479355,0.0018928066778527985,0.002929976751793785,0.0026629436502254317,0.0014335261275324066,0.001117159535566175,0.01184810103538541,0.014372713279868672,0.015651959670679495,0.015531598587434636,1,zero
0.0068409160664779445,0.0019796097452862817,0.0023842200570120967,0.0021561291541042915,0.0011303585834010234,0.001194022231049289,0.010800120086579995,0.01233675564483336,0.013707396943891885,0.014508652875523081,1,zero
0.0073340959061042816,0.0007381985547083589,0.0009372179951734694,0.0008151302606851131,0.0005330675431703362,0.001540630360082209,0.010921287273111651,0.012769579547666582,0.014451314047291162,0.015079896048921272,1,zero
0.00734191823824669,0.0012713028134515314,0.00039910599170268814,0.0001105110160122656,0.0001579193950481148,0.0014386281704431912,0.004964377225629001,0.006198903489797445,0.008364963656079137,0.01115756857875018,1,zero
0.006715701882940021,0.001782792044748305,0.002204053079663073,0.0021035043752962246,0.0012629772973045655,0.0014412685768082504,0.009686617960426726,0.011323799220044931,0.013053857055930233,0.014472112283698189,1,zero
0.007256030634147204,0.0005323449385881438,0.0002332350910707751,0.0002714017258957852,0.00038991555018574203,0.0013343208598446924,0.005686268361481231,0.006929764834923609,0.008975702679385602,0.011533342035578223,1,zero
0.007055089255533942,0.0007716828850389858,0.0009139229265185825,0.0010643137689970996,0.0007633575564187126,0.0015746833911687568,0.007225340833202096,0.008725108285915741,0.01071556394601151,0.012875015355277434,1,zero
0.006606109984608255,0.0016370882682820809,0.0021390190428889145,0.002177550640400296,0.001444816388726739,0.0016670813381855943,0.008602994674412952,0.010103797727889751,0.012041336437044727,0.013977215070985762,1,zero
0.00682772199240378,0.00043362420328829036,0.0004577470862484862,0.0005615110135358849,0.000434044074112276,0.001821119931703856,0.007641658525776161,0.009251737412433188,0.011269040795809954,0.013190542423707227,1,zero
0.00953341677119074,0.0010504893084400148,0.0016157736327358232,0.001716103944893293,0.0009571669917646385,0.0022483836811741354,0.01059245603435924,0.012735393182206017,0.014659231430065325,0.015860775071003162,1,zero
0.01182174704735681,0.0019830728598986824,0.0025706945280977167,0.00244699033677293,0.0012431422537755067,0.0015526915889160857,0.013274728677816495,0.015311922155981705,0.016530886575014735,0.01678591759650735,1,zero
0.014329411352568232,0.0028768987467392504,0.002721875575312045,0.002741913920712623,0.001294682462118176,0.002177061452368163,0.02054814207256685,0.021287436970312913,0.02090293393085054,0.01949754716674512,1,zero
0.013944325220876908,0.0032968321331774634,0.003309012511549334,0.0032116886883559958,0.0017845800438165416,0.002472438618330269,0.023149402232198833,0.02309757866389172,0.022227429126095752,0.02061050413820938,1,zero
0.01333253669959622,0.0026612453955952528,0.003262255338606305,0.002861939796034754,0.0016913075486480384,0.0015370634423421908,0.011076871498587488,0.01247393780389244,0.012533071884781855,0.012245620108557601,1,zero
0.013494077434562005,0.002643274627992023,0.0027420768379373423,0.003117913710086632,0.002847245153881413,0.003397024037983109,0.021704267728196062,0.021264759169423848,0.021760288336731222,0.021908054982944028,1,zero
0.02287350645568792,0.003598829108471594,0.005211390461275371,0.004885805137327146,0.0018499944023978067,0.002001307530106276,0.020336933675889957,0.022404640614380224,0.022624756761288528,0.021516681671842626,1,zero
0.02070033293127392,0.003030447912943276,0.004357461383872789,0.004135168580075375,0.001622190660673103,0.0031349766457056762,0.027673105302232024,0.029017488439225445,0.027978892739427542,0.024208453743380053,1,zero
0.022813983847756073,0.0026890331042476717,0.004253488524868837,0.004272211107264139,0.0018342054134620352,0.0026493106621788046,0.02724135767587803,0.028364986560501595,0.02786761566581589,0.025219724115632537,1,zero
0.022971647461898535,0.0029073890738311953,0.0044196651186294116,0.003974045038256158,0.0017923099924240867,0.0028515260363911605,0.026873068726855277,0.027516659684340285,0.026452894250441186,0.023286972305624334,1,zero
0.02733378745375971,0.0022607024241049784,0.0024950682606493454,0.0019336711111654116,0.0006664693588025162,0.0022205326297114044,0.024350483328778864,0.023623739170490314,0.022146287381625097,0.01984279209235014,1,zero
0.0270882676620301,0.003154822193036252,0.0039917740417238145,0.0037216873011648643,0.001493520199049505,0.002751260937239999,0.02926593339620222,0.029236826714946478,0.028198248225531325,0.025429987198648005,1,zero
0.02537601880316218,0.002950943389012084,0.0031235675165850784,0.0028715427085705854,0.000939140332662618,0.0026491623208343834,0.024008305570983386,0.023783996549324428,0.02295783974592091,0.02063076828018733,1,zero
0.02581098901113027,0.0020412013708343262,0.0016924062602611154,0.0012456205592178244,0.0004534676815596411,0.002989222372218875,0.023566552241513418,0.022480236816712157,0.020729401925741634,0.017865638214953943,1,zero
0.022736887903102507,0.002823461212521916,0.0030833552443949724,0.0028095617035014853,0.0010779821695047719,0.0027442212841599822,0.0264335044799954,0.026676702022354296,0.0260183961732203,0.023722963342619797,1,zero
0.014169365107041813,0.0018885742252606494,0.0030434053501070604,0.0026670117601042542,0.0008232263950172926,0.002503283525287701,0.018477233305695926,0.021573032011206573,0.023217618973482124,0.022653309368945083,1,zero
0.011996227609367187,0.0025364939637689266,0.00361372087234882,0.0031353108688372856,0.0009982188206370595,0.0024533453399420988,0.018506242179666656,0.020806376620606276,0.021998336610622848,0.021134660291163104,1,zero
0.01487372500805112,0.0025484630182444562,0.0031370598058801363,0.0030435920901372734,0.0012992242179300445,0.0019609964080703497,0.01944207512304769,0.021341865647491423,0.022140887408833073,0.021590925149143906,1,zero
0.01664670840339999,0.0023962294988413273,0.0030477215063261544,0.0027453405108655415,0.0008385779183654818,0.0023074520087614054,0.02489954589079176,0.025833532927206526,0.024906301006538227,0.022502367285541454,1,zero
0.015345043044862203,0.0053825827115486025,0.006435294886885615,0.004647726181158971,0.0017509204624062448,0.0026620237167967386,0.03333749896863126,0.033149797082981866,0.02983889244157891,0.024476809790858835,1,zero
0.015107853802591234,0.005358524553918553,0.006997102007402612,0.005954344972857587,0.002715903256980825,0.0027071561553873515,0.0358048934813705,0.03640191754588784,0.03308533518336098,0.027377157702438377,1,zero
0.01572109422169539,0.005951218992806464,0.0074581695723643406,0.006977582568843135,0.0037170824326931418,0.0024619619880248923,0.035875479110022854,0.03782005777545841,0.03600420687609059,0.03140501489883125,1,zero
0.011901545652145906,0.0075842115367165406,0.011070232335121711,0.008516072839654533,0.003739595161375845,0.0022267765143844545,0.0341418600819548,0.03640144785370249,0.033504795997736835,0.02768116960187822,1,zero
0.016394360694561187,0.008193144216837693,0.010998290552570456,0.008992837893843489,0.004833150740026007,0.0025839673392863993,0.03857309296330035,0.043753800881064835,0.04221018737983842,0.03711772595542536,1,zero
0.015256148931178885,0.009666804780690666,0.013897396649060048,0.011468681442164688,0.005941415349058676,0.0025889832214961686,0.037020670484820155,0.04303126725008943,0.04164961763916205,0.036970806101329,1,zero
0.016881185177659217,0.00852092564581236,0.011700423829967832,0.010275277103504565,0.005449669060411098,0.0026626867834037156,0.0351447446096414,0.04058396855595998,0.03992294595427438,0.03596638164794084,1,zero
0.01594230718061551,0.007493992235674322,0.010681528966123528,0.009344324275586638,0.005069675828155825,0.002597058743850062,0.03430876978815393,0.03994792490313951,0.03975150522421113,0.0359570968263131,1,zero
0.01647178935423008,0.008488897711003425,0.012486789080610221,0.011022090562911473,0.006051751437686833,0.0028009090031580622,0.03439761342608558,0.040735358439005005,0.04085454644001314,0.038088779138764975,1,zero
0.01485695515707253,0.007852917809071928,0.011303030903996761,0.010255430694606944,0.006019941411271337,0.002633590441049277,0.03258952037113163,0.03852935841824268,0.03912990785869008,0.0367173007960051,1,zero
0.015150508303731828,0.006025375206912664,0.00650344279325267,0.007008180893048499,0.005347805033373874,0.0022399736988665507,0.01950322556249134,0.023288546322991842,0.025778572182928866,0.02836085520978047,1,zero
0.013825129531326807,0.0062873842885964055,0.009327953693826121,0.009196169469386383,0.0063964462889218865,0.002134127022838688,0.028262660707632756,0.03239188231201428,0.03354965432484077,0.033369733727692454,1,zero
0.01316321559758743,0.00597629373482822,0.007956437841125895,0.0077405206254251985,0.004828643278958799,0.0027799740903273126,0.02434207519499596,0.02855495013403667,0.03032721690557163,0.030311471537850396,1,zero
0.013470715395607711,0.004059858958025486,0.004614417273118255,0.004923572963073609,0.003392547985893204,0.001962004686836825,0.01599048880857137,0.01902032153415546,0.02107962683305882,0.024035020841726724,1,zero
0.011005624029385212,0.004362911757554878,0.006261990015149204,0.005786295758239476,0.003557075427131993,0.0024773901209024733,0.017098485859796342,0.019920244999971654,0.021805026315734798,0.022842216853197702,1,zero
0.013651386664775281,0.0044501763729759315,0.006194762644476191,0.005979882476573675,0.0036337959717264523,0.0020881203132658704,0.017826384467177592,0.020965757924291558,0.023014913057772958,0.025030768496436356,1,zero
0.013185665455265009,0.0034149927800033487,0.004787302898521643,0.0044149123275900185,0.002391893648674648,0.0017518671323290302,0.01811501383748383,0.02075257794341566,0.022039780134657138,0.02239981493022415,1,zero
0.01358937041964903,0.002770826124251163,0.004151831020190469,0.004314755892215336,0.0024773248768650592,0.0016555067437017041,0.01793779792920862,0.020978584087271233,0.022654931670164698,0.02311929281175343,1,zero
0.012935432613390196,0.003233597881481227,0.004454054207161832,0.004277628453764004,0.0024285691337038173,0.0016571090476865924,0.019468057296280393,0.022076498546784947,0.023265333264610524,0.02324984247572914,1,zero
0.011263977318318533,0.0035825271974499343,0.005509804956573155,0.005554810711727157,0.0033099763554447353,0.0017045496842046223,0.02060478605185141,0.023848207560331913,0.02540226659453388,0.024849582793902078,1,zero
0.011399399148265658,0.005285885949261857,0.007039605984648534,0.005984842347318723,0.0037714485979035463,0.0016833669088973332,0.02375976427289255,0.026389546652708377,0.026143795167460925,0.023672416319164016,1,zero
0.01107472856074929,0.005477314804857033,0.007159350354159381,0.007053679220442588,0.00449040290298576,0.0017835723405584527,0.025211143522858803,0.028757475745656118,0.02927325679814217,0.02701917018550737,1,zero
0.012191784127062403,0.004913647127204934,0.006930741880366187,0.006937759434678448,0.00476562631457135,0.0018025192109562549,0.025100961528976787,0.028180819832073534,0.028426162930444664,0.026332853184955745,1,zero
0.01287951272595457,0.004320993669020959,0.00610022845166839,0.006260847377108983,0.004318299175092355,0.0018079177386441238,0.024101072401619825,0.026971528023318442,0.027289118490025632,0.02552040096662284,1,zero
0.014375456642812035,0.004558854164460835,0.004235155008084371,0.0035120657676857856,0.0015827351352277787,0.002018093122799154,0.024979251702971383,0.024779245249400783,0.023474771893320864,0.020737982523869946,1,zero
0.015154879443102873,0.0046683377235591595,0.004251177030376454,0.004035556971356245,0.0021245250847817254,0.0019189998922251577,0.02573819390067301,0.02595228449595021,0.024569205244461434,0.021564837093073184,1,zero
0.015132906289455308,0.004755492861938302,0.004362975611953952,0.00398330752953615,0.0021410189296870025,0.0020266149629273138,0.02607852104451768,0.026348867562655143,0.024940270308456223,0.021980445682927015,1,zero
0.015942819853145027,0.0071161072774455075,0.005808943495194483,0.004734490828522342,0.0025018903548378463,0.0016983299490267042,0.027278354423167124,0.02974879842370153,0.028189016671828233,0.024330875063530405,1,zero
0.015110703432858807,0.006758927971521458,0.005511107893156897,0.004429795433820161,0.00276815782399956,0.0021304164751970917,0.026274717745440396,0.027378953588951354,0.026030117609375073,0.02308501037544781,1,zero
0.017227638780147773,0.0023673771217358613,0.0038297766446600302,0.0023997367380858593,0.0005910740255355646,0.0019539252942769123,0.020700008155731628,0.022822883371900592,0.022557133895469022,0.019878071455379,1,zero
0.017335655985574752,0.0022209087365948066,0.002847358205848371,0.002951034626847782,0.0020017603516473415,0.0012642080795186449,0.012712322210765977,0.014182720090856662,0.014859719400665997,0.015100763880543579,0,zero
0.016244583563094273,0.0018726313114752558,0.0021621556271628007,0.002375541285268465,0.0016377752035209728,0.0012039167021952728,0.012464679675450367,0.013300082201663767,0.01362877237296836,0.013854092361082454,0,zero
0.01723876119737203,0.0020854081782276136,0.0020749748571822707,0.002209622318222252,0.0015592714866398266,0.0012418386725239294,0.012945757042013707,0.013398085594552972,0.013547713396901731,0.013941212547319348,0,zero
0.011149453636840737,0.0025762267229380888,0.0032071083822702295,0.002991147378760905,0.002055015653756667,0.0010313265324617708,0.007963204388129409,0.009829772605163717,0.010356036189483444,0.00999937339689786,0,zero
0.015775241633933238,0.0024716254467676635,0.002382678060816438,0.0022016411058661135,0.0011553951464888248,0.001397853289078696,0.012233161924495603,0.013348966049824043,0.01423841051742739,0.014914754812424182,0,zero
0.005443087990392747,0.0012505353710884383,0.0016500255565033428,0.0016903152521746123,0.0024459522101083625,0.00039080652402677174,0.004231534164511016,0.004004318758660391,0.0034392414816630072,0.0028156329586972303,1,zero
0.016968932960142027,0.0034157194452977824,0.002864645265092034,0.0022104973855467704,0.0015838247001395073,0.002302873807322458,0.013391834714840718,0.014540334318568104,0.014711358610249277,0.015428872697018769,0,zero
0.017879748474559545,0.003503334277621964,0.0036032338247187247,0.0029824951878115874,0.0009168943812182121,0.002189667156356302,0.014443096040324052,0.015499395786654928,0.015119595143273084,0.014335801797603593,0,zero
0.020684152234849595,0.002431374699165767,0.0020729677151326877,0.0015660547699186686,0.0006002402882662817,0.0022901352912778113,0.0179281921203358,0.018557613902364125,0.01802050369159605,0.017765406295291494,0,zero
0.020589894534748743,0.0028487725387873475,0.0026186737692051078,0.0021297255998935505,0.0010253954897817977,0.0021558991708186797,0.019945334930138135,0.020924948678697736,0.020660947425123036,0.020295156030343247,0,zero
0.019850691795515477,0.0028743902047120885,0.0026606057922993623,0.0021134120543105104,0.000986163992791436,0.00200468364326314,0.019708331950342557,0.020849122711192734,0.02056463341109121,0.019938489393950598,0,zero
0.019334864892721973,0.0030645522845030304,0.0029192880115601373,0.0024204188848483445,0.0012594815165273311,0.002102745320433381,0.02082272009782965,0.021561329637955408,0.02094298068987256,0.02023257836529887,0,zero
0.020350823049582856,0.003243797937095408,0.0027012575203222734,0.002084417988126281,0.0011702996005584299,0.0025097314903690165,0.020575047534416017,0.021150747770744396,0.021012026506550475,0.02134633470859672,0,zero
0.01956562171442139,0.003908153495298619,0.002887839015462426,0.0022141371739482635,0.0013584357740605577,0.002762063757409553,0.020680108281849983,0.02051467375142447,0.019833730971865658,0.01983237020014438,0,zero
0.019430758615319954,0.003043436988492243,0.002515132072259854,0.002060132810313229,0.0012171197260360126,0.0027649080141230473,0.021937072078624106,0.021893887823318626,0.02057497004511783,0.020204099970948883,0,zero
0.017141797848911802,0.004977242998442103,0.00365603940036964,0.0029393887652048875,0.0020402550581789395,0.0021718773319347267,0.022433326969397437,0.022862379230542018,0.022298034559079524,0.021457133118953264,0,zero
0.004158152554093741,0.005773411196139833,0.005028590575392192,0.0040178075719888295,0.002532189229802473,0.001145054059717307,0.007019166661776216,0.006375922686854922,0.006143037664442992,0.006291236233459991,0,zero
0.006817025206573249,0.006292517259636435,0.004923293233481785,0.004435682550105749,0.002947615181932775,0.0014896449164718284,0.004025968337524392,0.0026529660354134674,0.0019865935549285953,0.0021190974385291786,1,zero
0.014550445448475061,0.0028348387300828476,0.0030125453308169356,0.002841627182412863,0.0017999641651191313,0.0015862940242826352,0.018166253483993644,0.020711363054006688,0.021013168835277152,0.020362884173452944,0,zero
0.012994290231223091,0.0035005698865378876,0.0036723174694047603,0.0036771796595055726,0.0027595578384293504,0.0012329804661580673,0.01769109502853361,0.021966983374336918,0.023593483716265188,0.023936969289501838,0,zero
0.012380090799693797,0.003543213481244375,0.003975818134090328,0.004106029091318722,0.002843912987714834,0.0013316402405271171,0.016713767665370673,0.02125385982509714,0.022949532111117086,0.023129973648452904,0,zero
0.011775227665833752,0.0034725732269203814,0.003778795094005757,0.0036669466194717924,0.0029174850861230653,0.0012559725573811106,0.017188981381719773,0.021581098293899263,0.023309150483072007,0.023823287773858066,0,zero
0.011189529536327462,0.003704607528675346,0.003860217679989496,0.0039443775464475745,0.003005042107648779,0.0013590684143473123,0.015665259548351206,0.0197222903137437,0.02152637266140825,0.02192244488150369,0,zero
0.010870812766932095,0.0029331725698697776,0.003485433890253478,0.003759504682341917,0.002836185546060506,0.0013119561842764766,0.018008329066284468,0.022851440134495193,0.02467372645995611,0.024803171064875094,0,zero
0.010570094723470272,0.0035478811695490034,0.00457363722201555,0.0039598212782196995,0.0028820083653957745,0.0014755687895666183,0.018105084121628853,0.021857732894960166,0.023068017324949702,0.023495687276230127,0,zero
0.010717348373961686,0.004514170946157473,0.006029675097311619,0.00595455272882656,0.004250575248257393,0.0015035844875258657,0.016547029199624714,0.02052063223717423,0.02200927937019347,0.02184621159601036,0,zero
0.012061287011033376,0.00021239979238433463,0.0005747157727218358,0.0011158030309406188,0.0012228324286603055,0.0016775301406071637,0.016108152050475735,0.020086829506477315,0.022580562222156247,0.023648686282034117,0,zero
0.015099627964932902,0.0016680516637569845,0.002643729536743397,0.002855768370158064,0.0023262385353287423,0.0016950217168964273,0.020759160334879855,0.025923268312632728,0.027722554197900817,0.027101586648800514,0,zero
0.014169584711223485,0.00623249315958821,0.008036982436621445,0.007133147233802487,0.004649736295176191,0.0016093247524049813,0.023028526581293986,0.026110115016299784,0.024885519772278465,0.021553691181856724,0,zero
0.017742791055444206,0.0018203679199034683,0.002977532589336588,0.0033685192664889407,0.002716571093337319,0.0020047632876471918,0.025314766487397125,0.029819905824857152,0.030362894995571973,0.02821025148053105,0,zero
0.0151633585662761,0.005669215768300825,0.007375562802192621,0.007151814836210222,0.004729911623626224,0.001985449564211944,0.02774276663112361,0.03078746650929548,0.02945878222859964,0.025283529188882506,0,zero
0.014265251029333195,0.00341761180362929,0.004589008487606503,0.004284426320832202,0.0036801495645299998,0.001431537285218266,0.0170235101056953,0.019489633599581994,0.020103978048083698,0.01982990487842067,0,zero
0.014528748378129785,0.0046774220795226746,0.00559411333704858,0.005258599463076803,0.003938901392022378,0.0023636752790637057,0.026487475592877355,0.02971979723661937,0.029255034844179125,0.026654792880896307,0,zero
0.013188311919866441,0.004313451657614448,0.005004186425194596,0.004604977278475867,0.003540842262308606,0.0017150686203851835,0.021227079922493237,0.024423096092537105,0.02496662866784893,0.024395220418891535,0,zero
0.010108047482017588,0.0030813485810921868,0.002939096867621841,0.002827320165661877,0.00234578296290897,0.0020999341975422234,0.014720005223781921,0.017769251638024182,0.020648615063832473,0.023636440952634303,0,zero
0.00842677102970818,0.001538433238313001,0.0013980666435745382,0.001085930655188807,0.0011654077283800536,0.003336727391617145,0.011414202125412925,0.010914359588247264,0.012276949812037053,0.015778129602405648,0,zero
0.007448560361772785,0.0016863769015121885,0.001684341031996544,0.001099986976826853,0.0012253623110717847,0.004258827422590158,0.011369612730335675,0.009075988060895062,0.008719654526571533,0.01085945238455391,0,zero
0.006996845631674995,0.0016388067421642327,0.0014000081973486822,0.0009677759637344819,0.0011055070811580223,0.0043000643068904516,0.011015810266971147,0.00854552038955836,0.008025795162938762,0.010096376614152379,0,zero
0.007178720034385799,0.0017206258710042196,0.0015685517514671047,0.0011209572653971501,0.00124089596365665,0.004084744009794022,0.009988531251434184,0.007500208323227618,0.006984796823319641,0.009167622405420859,0,zero
0.0074108149793667985,0.0016029313350962747,0.0014193833360227376,0.0012094802026145093,0.00133583089502494,0.003455251750482439,0.009827568681318203,0.007374887656195304,0.00711093653327453,0.009620654128238803,0,zero
0.007238709948936554,0.0018575969684549443,0.001528851334015565,0.0013227184436532813,0.0014346101597982523,0.003490749973822409,0.009123213076989063,0.007354903181556753,0.007619358329768688,0.010766144241920125,0,zero
0.007659590660697235,0.0022964784664189514,0.0022516499042752078,0.002449359060042733,0.002180001403735343,0.002374012457120174,0.010293911915884918,0.01187777633465848,0.01406346434963713,0.017444569652790787,0,zero
0.0076059483674756345,0.0003317253515975338,0.00047398523597456336,0.00045259668124478583,0.0007444927277418046,0.004367794543250815,0.008812393000794887,0.008064846532165807,0.008798787445387068,0.01154365019174323,0,zero
0.009402096127785989,0.0019791994797888216,0.0025009765155092414,0.002335388584764315,0.0020758545884680957,0.002209566700064915,0.009963093318540246,0.011811635372616274,0.01428359855529118,0.018127430959563946,0,zero
0.009596637420953017,0.0022334760565148287,0.0023571184745109497,0.0022515787846828644,0.0019845134061129734,0.001709691873536302,0.009984111012841052,0.011937091783868646,0.014457802112400024,0.018393060709677368,0,zero
0.015495190380959145,0.0024010902237294966,0.0026749902492513855,0.0024705812746039094,0.001866728183679908,0.0017665063416626304,0.014973151096513846,0.01675061837941443,0.01790278792671617,0.020030654365887295,0,zero
0.01671882170675293,0.002401434875387942,0.0029359072366938396,0.0029011275156829754,0.0023880060264983164,0.0014687802015753621,0.017025874027423227,0.018796672032924004,0.019633422271109403,0.02067034561092466,0,zero
0.016652263120031263,0.0026649443335613194,0.00333458263649273,0.003210909481318417,0.0025865753083402533,0.001417647963681987,0.018582644179477404,0.02044185337561414,0.020952257216074497,0.020986238144364053,0,zero
0.016771232497766096,0.003621167002489501,0.004568321320187092,0.004353399289399159,0.003697823356685781,0.0014919787335890583,0.022232656778183597,0.025022472471739284,0.02544859048647541,0.02435662015050812,0,zero
0.01604388505000726,0.0043263511661613616,0.004974751391797705,0.004813087273065863,0.00402437510041949,0.0015595898841695194,0.02349415528238783,0.0262182947473197,0.02631540340481283,0.024605458234491877,0,zero
0.016471557676937035,0.004871402985698218,0.005941978428898636,0.005734296013922718,0.004659783630038814,0.0019383603188413343,0.024810077670056063,0.028217698745639737,0.028563158198798393,0.027031812223779726,0,zero
0.01723877325358664,0.005252465288708417,0.006206408975620692,0.006161461408664041,0.0048805471452446625,0.0019765765284894586,0.024728811730590914,0.0288345425048728,0.029787501276620245,0.029277084271231376,0,zero
0.01972269517727722,0.00529367017669092,0.005973475352571981,0.005913290430719174,0.0046648154506776516,0.0023703158934702843,0.02535415550150977,0.029365990396987854,0.03021066013172524,0.030203769332157644,0,zero
0.023577262338681973,0.0031054830653499815,0.0033143348246876016,0.003568038436123109,0.0030318768402227136,0.0023516128725858737,0.01902185510453753,0.021660517016590344,0.02353276911109208,0.026354205273070516,0,zero
0.024845258181094624,0.002675062381610308,0.0034027444438670153,0.003073179999057627,0.0025193276974894985,0.002508184664528083,0.018444779661908304,0.02057657367776956,0.021929867577218442,0.024876403469712614,0,zero
0.024664366841344446,0.0025567415864895743,0.003341768220650968,0.003347120668236534,0.0025394765099931724,0.0024510497674053544,0.018380702444752872,0.020492071081398725,0.022236262974015167,0.024656519331107577,0,zero
0.024111622505539235,0.002558897515448668,0.0028675489662087503,0.0031606677426541325,0.0027973502272367065,0.002258181708236916,0.018967061281978156,0.021130029622211936,0.022880153901059453,0.025834409137799143,0,zero
0.023509371035458637,0.001941495538320251,0.002702695605711323,0.002638771296710301,0.002516730498201095,0.0023749569097463673,0.01861816908779536,0.020583935434663858,0.021616391243884345,0.024281800196350806,0,zero
0.024950079049657962,0.0029930575395150866,0.003793072100167016,0.003829472458304916,0.0027986495707366327,0.0022124048970967964,0.019658814336316544,0.021877997959903795,0.022679898256189848,0.024223405833125294,0,zero
0.026866348138076538,0.0028484397378131113,0.0034896732018005203,0.003517642941602333,0.002278898251913273,0.0020665777211048442,0.01929704904738592,0.021544814786264896,0.022221673226383822,0.02337331457609133,0,zero
0.02765105148936821,0.0028260814908955822,0.0038325234212035243,0.00378356629877483,0.0028979393650170916,0.0021542013477337347,0.02036766472438821,0.02224882433260786,0.022745333778560813,0.024076304314158224,0,zero
0.02709178280886654,0.002459948702901619,0.0034059168580115465,0.003432310874576968,0.0022825171696606522,0.0019012719719326727,0.02075946200076348,0.022986571783365172,0.02340969904988082,0.024523650586915344,0,zero
0.026805060281572826,0.002293332415323272,0.0031411013210461075,0.003088935002278228,0.0022419055722941944,0.0019182534928150752,0.019920859806114802,0.021982219697467994,0.022394202934235875,0.023863586402973556,0,zero
0.03077283132095711,0.00347403234420108,0.003922571874009354,0.003863149937595959,0.0024243252414111183,0.0020334439871460006,0.024728427900687803,0.026083346338330315,0.025450085745787592,0.02485686665720625,0,zero
0.030692944209232867,0.0015548989959730483,0.0024258752875401116,0.0030058878538745644,0.0021862952625258236,0.0032124043349157946,0.026328725863584274,0.029277676932377025,0.029248045570857768,0.028598433545679636,0,zero
0.029685962274089598,0.0028938333290837847,0.0038531840402895173,0.0035271548634124303,0.0022933237134378816,0.0022014487147969993,0.025524044909173076,0.02697855823229038,0.026124006732310988,0.025237499425206974,0,zero
0.03153267789589176,0.003061414755845899,0.004500274634806626,0.004063964178968441,0.0023757250643967756,0.002253746715447727,0.02686908673508566,0.027628098498925953,0.02628496775028424,0.024826365874762477,0,zero
0.026540750689859692,0.00073086191704963,0.00024960606295365356,0.0002545831228884833,0.00022177823179297105,0.002131274793020006,0.01625818621622685,0.01672734533621126,0.01633612901744073,0.016081723334292516,0,zero
0.029363954359975936,0.0018464150301340518,0.002278756911430824,0.0018219456457551182,0.0008654301372537096,0.0020188595173913676,0.022916463931153735,0.022196324069899534,0.020205751327583475,0.01866984014056863,0,zero
0.03236535372590911,0.002360212423754428,0.0032721119713416936,0.003815982721286637,0.0025705888579487628,0.0015118034158851284,0.020915648102131982,0.02097937252677348,0.019992334631048585,0.01898986360221779,0,zero
0.026404111834172697,0.0013646041388105173,0.0006502902402163247,0.00029080967292455587,0.00038803931901344735,0.0018206349158526175,0.015005787188965367,0.014262843225457029,0.013061142077700986,0.012090136653336523,0,zero
0.023367778100719137,0.002873843701034509,0.0038846144729834907,0.0034711044626044166,0.0023448148403285574,0.0013158424946021214,0.016226355579979788,0.01630962183868626,0.015171402049309649,0.013497703135380007,0,zero
0.024688145261651875,0.001851610748441681,0.003175387140364431,0.0033738883466510362,0.002170874724149039,0.001305069848682435,0.014176432084576196,0.015701310136146698,0.015967884369340622,0.015483417300424658,0,zero
0.020964719363962995,0.004013244438009409,0.006247036595318809,0.005257413532881797,0.0032845972457699636,0.0014100610971356353,0.012111453360276242,0.01327034569436894,0.013368386953900167,0.012666624998300858,0,zero
0.025813449045602153,0.0030864723757117497,0.004239854005345379,0.004422163381692457,0.00269497014974103,0.001649297293562402,0.01579228500209795,0.01686590255442682,0.0170163713293794,0.016018440582143516,0,zero
0.026705411208223687,0.0026109798980853173,0.0030976790874089844,0.003300029742880147,0.0022384277761822538,0.0014770421681749722,0.017642274335491804,0.018994217869607248,0.019087544939816105,0.018731886738549877,0,zero
0.025994592227517557,0.0034053710640506996,0.004032284904176012,0.0037702418828048957,0.0026616617521551013,0.0016762840466579892,0.01732807799511298,0.01789646046289843,0.01772073502772092,0.017259844127076436,0,zero
0.02717183194199899,0.0028243199222799534,0.0030774100372891276,0.003333159739400322,0.0020341566849164574,0.0016050341132447716,0.019700246042280125,0.02057691614848628,0.020272036773602682,0.01969084323555233,0,zero
0.025512174807653835,0.0025826043777335134,0.0033930050073190388,0.0033637496901233683,0.0018628283223138956,0.0016086874777934037,0.017485317974505647,0.018374954690764996,0.018228593127659645,0.016917521100930075,0,zero
0.02667432064931087,0.004330745724098209,0.0038926501818830834,0.00332734886379825,0.001946303736386712,0.0020465946825931622,0.021224330261870795,0.021261240158754947,0.02014543137357105,0.0191277855581167,0,zero
0.027719227578184347,0.0029651135947315055,0.002841091265900703,0.0030490097322118694,0.0017437693978321867,0.0018814006907459258,0.022765702088672662,0.02352328109087606,0.02283585021986259,0.021755062358102636,0,zero
0.021426835143633086,0.0026252776159144987,0.0026912573335882923,0.0029001634013380937,0.0018341508232303178,0.0015227796846597743,0.01701014564427642,0.018658423891318675,0.01919243547169905,0.01924912748296127,0,zero
0.011536181431187235,0.0047762524430530195,0.004972837294039693,0.004633859664002329,0.0033590475628054173,0.00123866435949336,0.011822151164028174,0.012422469630749906,0.012766490110830057,0.013366853721108523,0,zero
0.018202114304501558,0.003317745331284653,0.0035167500527247264,0.003659167459333368,0.0026157844415914955,0.0018044309263488194,0.014174708934294795,0.015189158903922034,0.01573041455018956,0.015838452653133033,0,zero
0.02104148335539283,0.0029121564413318902,0.0028455175404873767,0.0027480954873289757,0.0016809879372525899,0.0014067178634467482,0.016378070457694825,0.01765046467367793,0.018033232938555962,0.017909084173052398,0,zero
0.025722913954434615,0.003360659013962739,0.0031991185133248973,0.0032678537226527166,0.0018138577823595542,0.001759386485106681,0.019916147773630172,0.021214413112963956,0.021521882622510525,0.020999920170955408,0,zero
0.0199781684363885,0.003379023991402788,0.0035469924956919585,0.002956215148138819,0.0019087917043878607,0.0017857070422475842,0.013642079756621584,0.015659906314763123,0.016460549002877946,0.016897848249599175,0,zero
0.01883152721918524,0.002305858365984792,0.0011446022737167322,0.0005289315821906874,0.0003118490501564519,0.001981749572743946,0.010581041839382618,0.010194445674133572,0.01039835154885242,0.011967280720888943,0,zero
0.03528669619973912,0.0059387112820528665,0.0041987598187572285,0.003380895445422861,0.002306188617700448,0.003242259954951693,0.036503435958092155,0.03742620741885166,0.03699202420607926,0.03536817459268254,0,zero
0.04926501028157827,0.006002134397546044,0.005007135610298308,0.004249362311786742,0.0023317001769787016,0.004823511391904789,0.046890161503438436,0.046412470597806586,0.044757582919863544,0.043058691307659505,0,zero
0.04602618552332351,0.007023929662032705,0.0056670923480739745,0.004231422267370669,0.002508388896111935,0.004328455637443527,0.04946673959653262,0.04904923272466856,0.04704791143847871,0.044480262692550086,0,zero
0.04657241932718993,0.006312285917712102,0.005536308107657071,0.004154330735932608,0.0018671508341025073,0.004455814269354592,0.05011728632688363,0.05025084802201267,0.04803905016187318,0.04485644039997451,0,zero
0.04921126097498131,0.007176242117052936,0.0060903877282187935,0.00494581572286271,0.0030396637367037273,0.005097866452977655,0.05147902734697622,0.051173015394210375,0.04913565481159575,0.047428059172210345,0,zero
0.05021399780390934,0.0072140033374373,0.006927177614496696,0.005154868984844199,0.002714572047154932,0.004479049128468778,0.051531848303923565,0.05290055307799577,0.05062121673045059,0.046039781757645705,0,zero
0.05108452467336712,0.008198296550865042,0.00742098390946025,0.00622787048070847,0.0037676278458334484,0.003781403473334913,0.05557794148840794,0.0564512974898274,0.053584824991914005,0.048461016474967845,0,zero
0.05496919457155541,0.01073245950778845,0.00961026878898709,0.006413660852016501,0.004216048097515204,0.005982817053137993,0.043396285807922486,0.041887271371145104,0.039616587410918544,0.03824807042398393,0,zero
0.04966752691200606,0.007791078165196433,0.006561443427378522,0.005355281013111097,0.0034307048367783755,0.003861592872410457,0.053792340126295565,0.056171155006648286,0.05434698303296113,0.05051401940354569,0,zero
0.051361570922768954,0.006895630554649563,0.006324733003416905,0.005495905528939474,0.0039514075922129945,0.0034043539594179498,0.049752179909858835,0.0525144233887304,0.05117658766125334,0.048820698461466056,0,zero
0.05104173834057525,0.005706518763660462,0.005588949848504624,0.005103933970940875,0.0039052369687722077,0.00307038667899025,0.044898335221026195,0.04744495787850693,0.046610178711239944,0.044986256045819246,0,zero
0.03962200051500059,0.006246464289776432,0.004952068841937107,0.003138245976179857,0.0034129796906349347,0.0029893164155448057,0.024898209539316582,0.028295606202930416,0.0309722165806636,0.03423798980399271,0,zero
0.047486894163578375,0.004932800108831851,0.0055556402990356284,0.00505625525897602,0.003970076245843227,0.002745789409289917,0.04519325791014821,0.049171940678903944,0.04845599937098901,0.04734780587775486,0,zero
0.04952893215431531,0.005957498692990574,0.006031163819640542,0.004932734285268359,0.0034840531965895935,0.0033390202775927707,0.04242789232355852,0.04466584579743613,0.04307534086227692,0.04118484258927198,0,zero
0.044512875396494817,0.005218550894471877,0.0057471796976454196,0.005473168037414566,0.004019343791458915,0.003119516813105276,0.03932557404147398,0.04138935441623455,0.0404486799094777,0.03947946106982141,0,zero
0.04377164400668988,0.005580482286174884,0.006786914155685622,0.006299217018147856,0.004555004430192696,0.0030187901016083857,0.04284376965017615,0.04599555586455509,0.044919779782207875,0.04326575348153916,0,zero
0.04320473301701852,0.005862148048203633,0.0069336482416802216,0.00543916659247504,0.0036612889426855255,0.002989524831311859,0.03360335761899248,0.03491185351238822,0.03377488856537895,0.03320612121223661,0,zero
0.04346834307773495,0.005459537630895545,0.0060895496121548594,0.0052664830408481545,0.003880093398484361,0.0033931641141592577,0.043113941413212516,0.046108000414615886,0.04434383119933648,0.0417652281803149,0,zero
0.04306801412280087,0.0034854371712019876,0.004889235399294121,0.004441199723898747,0.0036700265174572817,0.0034841458777689575,0.043785398915149196,0.04690584986571211,0.04530471527343124,0.04260654042930704,0,zero
0.04347974210555,0.0033579457659650303,0.005214751479017115,0.005279940111824124,0.0034956779464259203,0.0027755362411966368,0.036452314724502194,0.03875678252585028,0.037004820323781364,0.03443301127823579,0,zero
0.04192189121115365,0.003927065113480264,0.004651240873340071,0.004668986451950217,0.0032064168087517254,0.0029382899249988438,0.03386954070615957,0.0348415974327566,0.033704086828327824,0.03257860415280141,0,zero
0.03835179747223125,0.004989341691408467,0.0062201290194788955,0.005905034989443923,0.0042709293647237336,0.002672287646315125,0.032826476161695275,0.034614708997106086,0.03380380668065999,0.03308401109534607,0,zero
0.03114817892645806,0.005819353037464073,0.007155568994439868,0.0070644387318290515,0.005500161430368369,0.0032745952437090013,0.02699151229932885,0.031328244538075825,0.032957432321498226,0.03394522289068441,0,zero
0.0167266545627085,0.009237929609945683,0.013969033777936568,0.012750499353618494,0.009433175624945278,0.0025805310411019695,0.02348065313357654,0.02883604188112265,0.030036656288162676,0.029670751365010326,0,zero
0.026953179166270047,0.007061435661118734,0.008740723564451967,0.009347351903748555,0.0073988159152753585,0.0035902695218735037,0.029632291549356413,0.03699013508467793,0.04002253049391327,0.04064224872445203,0,zero
0.02654007244706992,0.0059829189158281705,0.009577546599300893,0.00980437337742052,0.007112175194447415,0.0035311019612093365,0.034777332162805125,0.043139410613561135,0.04521145172831127,0.043848503049482665,0,zero
0.028028020352952654,0.006279776071617702,0.00847144006715048,0.008551517576521853,0.007038485836337094,0.0035947109162203926,0.0346273901123591,0.04270136655764527,0.04493885436847409,0.04421445460136133,0,zero
0.028014741771372784,0.005952116192594201,0.007662279718588575,0.0077457049585101,0.00628503314946828,0.0034538065641996772,0.03474371052824751,0.04257948184988958,0.044713400162578854,0.044121019279801825,0,zero
0.026553185877407213,0.004576963437781467,0.0064579593853162365,0.005646570271303011,0.004366941886832079,0.0033396399613683713,0.02651000746251675,0.03090085868481984,0.03206501390748101,0.03231803641862284,0,zero
0.02546180974277462,0.005166782961460371,0.007048897213028869,0.007223583925834165,0.0050027693686913325,0.003302005888903223,0.02780714122319059,0.032952601564586265,0.03469681296524519,0.03478550967193049,0,zero
0.024392825790275994,0.002233833100342841,0.003039056357905392,0.002678355678393753,0.0026837939087870502,0.002701522506221491,0.021800352106328854,0.024970239890581867,0.02637864767639319,0.02848956844353378,0,zero
0.022740154165550364,0.0032385728113257933,0.004120241387843802,0.004193410713648108,0.0036463273381094627,0.0025126028818180813,0.023105341885121207,0.02706344425926624,0.02875993953018159,0.02979796255959398,0,zero
0.0248050199348035,0.0016984426530298447,0.002513309036205146,0.0014571028555569706,0.0014103370683079825,0.0025258397623773186,0.020737229220419096,0.023626351621024506,0.02400938014150075,0.024908197126033364,0,zero
0.024247497206882716,0.003933972188476922,0.004496107428087094,0.003923150715489182,0.0036258154224607037,0.002849248891683908,0.024761232821990282,0.02944331230432219,0.03129092237854244,0.032183087504395136,0,zero
0.02293778450435996,0.004819567159590324,0.005531813225526949,0.00444572714146211,0.004007379783269163,0.00236487243930548,0.024346860274552906,0.030156777192234495,0.03186515025410625,0.03206731069926415,0,zero
0.023307103364267365,0.004949556920441203,0.006697220464368395,0.006721214976813454,0.0052718190744816575,0.0021248327220518446,0.026196026773336628,0.03318935892773129,0.03574312156465445,0.03552071245923323,0,zero
0.024575178981920312,0.004631145562608241,0.0052851159030653655,0.004490823509010742,0.0031333561742197267,0.0026110925600213745,0.023744793506784625,0.027963405053471745,0.028692576908258178,0.027000727007590663,0,zero
0.02684684304525399,0.00506312105282317,0.00557205172201819,0.004978444823152816,0.0035442765733436016,0.002478810715083481,0.02832786060542944,0.03288577123322767,0.03274528089251028,0.030716300206045693,0,zero
0.022919639898690614,0.004770224639843449,0.005389858316643237,0.004771231393445854,0.003206819877941816,0.0021081665475263314,0.02191096676736387,0.027103203451056292,0.028355715617549643,0.027335245110294063,0,zero
0.023652640140133033,0.004545524757219255,0.004223724701314949,0.0031485094845798423,0.001936704593432815,0.002787327103545971,0.0192067022112465,0.021985287323889168,0.022684802447782947,0.023526453002283395,0,zero
0.025808981308695966,0.004767043346688482,0.004759721557097807,0.0040534745882719325,0.004240532175782408,0.00532166229787695,0.02324176814757529,0.021532109522833413,0.02068388186498918,0.02153938034224607,0,zero
0.02872591617145881,0.006015095456054276,0.004825834504408114,0.004064411248707018,0.0023819167039204094,0.0029332698532943064,0.03462876525487659,0.03569775517848843,0.034245396403993114,0.03142371663426376,0,zero
0.027296957392847876,0.003376740551308599,0.0032081884141208494,0.0029652407163470174,0.002552207764813297,0.004975760692734125,0.02614104403623731,0.02232845669285271,0.019131652965645143,0.017978412262106027,0,zero
0.03085362288685034,0.003873758458269594,0.0033983685487574272,0.0028094756197373366,0.001919552164394267,0.004489048043302475,0.0293009352588427,0.027562534393599875,0.02463977839304105,0.022961652955344154,0,zero
0.030564308036706858,0.004031916446350606,0.0035340074150314177,0.0027697291014856518,0.0014344962931536337,0.0033276630000561385,0.03135035440841501,0.0319467140148782,0.029935361422623992,0.027224875572061113,0,zero
0.02799084361411576,0.003974613443542163,0.0035951700176868467,0.002582133285809477,0.0015515533915058666,0.003047575087483663,0.03164592140408314,0.031950125179233194,0.029518667176601527,0.026400838057160588,0,zero
0.027350481079101444,0.004158257650336339,0.0036701120285348755,0.0028501826775496975,0.0016760011470775835,0.0028406530337738837,0.03161555088707892,0.032133714748643044,0.029876723322590337,0.02679608528237965,0,zero
0.02724686387040287,0.003836379214555541,0.0034795739147706617,0.002752609299312883,0.0017874629283432747,0.0030578379611068862,0.03201543882081622,0.03239867762567035,0.030479816462344402,0.027758711296033384,0,zero
0.027265748743424703,0.003901491279280425,0.003719465968070188,0.0031975866271769654,0.0023394428930936526,0.0029613304888292703,0.0332047692185663,0.03441516838946448,0.03256974918805695,0.02987885857577802,0,zero
0.025265431873538483,0.004570099221623325,0.005104453116603139,0.004532519949131189,0.0031279111876454935,0.0028222253432887054,0.032853281540163246,0.0343236787937469,0.03210084552625036,0.028697169637752144,0,zero
0.022118599249225213,0.004852264725302036,0.00471776109984158,0.003871771481604034,0.0026287840781496485,0.002509308784226536,0.03186439589636189,0.0338761796195987,0.03204220765282127,0.02866032430595751,0,zero
0.02241542352567444,0.004564313888844276,0.005342660050150914,0.004858049488534022,0.003699768044758814,0.002535758603315463,0.032924379015126286,0.03610478164019892,0.03463695396977667,0.03137380001968435,0,zero
0.022711015528882328,0.004356594466234046,0.006079391382395025,0.005632718342357099,0.004144651944834391,0.0021910768615069566,0.031363140199764744,0.03707949180842516,0.03636135120765731,0.03280829149153723,0,zero
0.014830085291698394,0.0065151329880787125,0.008049856511781504,0.007377498303441199,0.005019515173674525,0.001702922955422032,0.022189527971836372,0.026165081845143476,0.025423782812752142,0.02240930657170802,0,zero
0.017725462211565738,0.005266809518284635,0.007764536893917765,0.007267433940637755,0.005518219841241603,0.0013386909852162055,0.030228589605327264,0.037127442093626874,0.03650678052845122,0.03269899791522987,0,zero
0.020345929317660216,0.006415533324585235,0.007486635998543268,0.007056751588546206,0.005560797120947898,0.0017660844777808125,0.032916506904871995,0.03954582166924895,0.038610680029161445,0.03432700489053538,0,zero
0.019878099669747854,0.006263222367448342,0.007541398629473278,0.006856271231118996,0.005422259695859757,0.001760020269708527,0.033146239385715356,0.0400345755148174,0.03950996746245394,0.035443852619936184,0,zero
0.01539389121259466,0.007157085721627352,0.00845556656003588,0.007976302295166913,0.006083586482023371,0.0017643340266242059,0.023658499367222124,0.02851515529040525,0.028147669639739335,0.025146580526387886,0,zero
0.020587411064443784,0.006024200766114738,0.008538673343265225,0.008150087417863647,0.0060266801875075715,0.0016662480377584452,0.034229434843649695,0.041481029845242476,0.04085049556256985,0.0362704009164054,0,zero
0.01682638460053465,0.005004350238418924,0.007808923995693922,0.007482797393270326,0.005991729315583574,0.0021214450351659487,0.03126967443764932,0.03902874476565482,0.039448569806693506,0.03589635837193584,0,zero
0.013096523270672403,0.007831666927801302,0.008865147396846641,0.007914576307502903,0.006224872792793352,0.002862154009407892,0.028521275609659218,0.034254559514635984,0.03480968689757012,0.03232058028734573,0,zero
0.010828118980168014,0.004166408095254429,0.005388082778010416,0.004752989661451914,0.0035369504926051377,0.002629565828643624,0.01235067796849604,0.016073614385478417,0.018799260172509207,0.021224483871804305,0,zero
0.01365901734127345,0.0031527271460148132,0.0032359365814760227,0.0028754975932941997,0.002603965695475941,0.0028226621977975727,0.01986621599465586,0.024947735306394575,0.027810476098789068,0.02939110981727393,0,zero
0.01605720544666772,0.006978654477724892,0.008890087365355213,0.007930663900912824,0.006370496823309493,0.0029676429817679767,0.024125694920183086,0.030077170072517017,0.031641556180734665,0.031091032801173535,0,zero
0.014983437445407009,0.008482739046309227,0.011141961892970911,0.010361661596104868,0.007714678716776169,0.002859579791660549,0.028948413973792372,0.03649510420059201,0.03809992857661155,0.03655867266484824,0,zero
0.014870266229348453,0.008056653119472623,0.009877933106060569,0.008974375805667525,0.007205880328533035,0.003154987115580179,0.026012460822809096,0.03372542214780891,0.03619325676616214,0.03619024855836776,0,zero
0.01543577908805728,0.007530970981247345,0.008510930591684007,0.007259454356206455,0.0059110924165342894,0.004180569664115914,0.02183870438712608,0.02802379071871146,0.03093344511889131,0.03241260543459137,0,zero
0.016538133668365877,0.004866400556476927,0.00627823170908562,0.006020194544637678,0.005240106279828662,0.0031512954500930177,0.025671602320993133,0.03458764111014961,0.038173241755971817,0.03899323449075787,0,zero
0.016571177269804064,0.005071330712445258,0.006736661297537392,0.006730579984069118,0.005574247059110374,0.0031151263887433693,0.023557456011772355,0.0315065801926213,0.03530906670585819,0.037029267433582536,0,zero
0.01761832275604859,0.004127856658321497,0.004261250118051705,0.004598865876563472,0.004594826086045171,0.0034765405559564113,0.016446529352622783,0.021048621209846206,0.025334070508572885,0.029589203365720126,0,zero
0.020066684549038385,0.0018900002432122526,0.0030186899253252736,0.003525189230472443,0.0031413106477542786,0.0034591800766410083,0.022662457365968964,0.029618974958682404,0.03372518889299837,0.03637768418618663,0,zero
0.01829530575726879,0.003388651023433234,0.004108720681288578,0.004466397601230965,0.004340046588906524,0.0032040767001757695,0.019870137313328592,0.024348746291815243,0.027420767890578422,0.030979965604306846,0,zero
0.016990865782437584,0.0036006185517485495,0.004984809352207063,0.0053045013343651784,0.004925652740333186,0.0034212627712354522,0.02212537841807483,0.027768608824358092,0.03084235895145469,0.0333288063661273,0,zero
0.017168893463899774,0.0035260351000610014,0.00448584960719406,0.004986941140723344,0.0045356995701614534,0.0032481989601721357,0.021294595551518813,0.026163179009324838,0.02913231727566036,0.032062639641782305,0,zero
0.018794238273405206,0.003432985600329022,0.004167414825199389,0.004013732376780158,0.00376441491128102,0.0029661250866046675,0.018714047727032036,0.02242896344472721,0.025203543286987654,0.02839419880647739,0,zero
0.018227599124715402,0.003328588820282052,0.004066555942389987,0.004589959845904623,0.0039657751690699026,0.0032624257519124297,0.021025449953625343,0.025322130492460702,0.02766859196938372,0.029851607337492377,0,zero
0.019308603307080743,0.0025777166432532916,0.003588799925834177,0.003779216192621692,0.003423963789795704,0.002873713901378832,0.019954417046536544,0.02345662140304119,0.02594195419698133,0.029010155823572095,0,zero
0.022975563114602693,0.0030345988552679427,0.0032944600550509073,0.0033123407092082177,0.002552348299692756,0.002757737369636662,0.0192869132952599,0.021102783373537843,0.022562294216650975,0.02475577867510864,0,zero
0.022863642690934563,0.001234362675206165,0.0005947806569323738,0.0004446919150560421,0.0005058539217172799,0.0027922425801025093,0.011695176342762494,0.0130341122974989,0.014597854517375658,0.016702174341630315,0,zero
0.02463874538695844,0.00396487125817108,0.004677572592564086,0.003852240529099729,0.0029048470587514953,0.0024993317286539527,0.02038429994013575,0.023719269834907682,0.02502478226205719,0.026384584767827964,0,zero
0.01911201487967771,0.002509485560371381,0.002872544977961399,0.0030974109574661048,0.0024844355579834027,0.0023322415973800873,0.01543500111746139,0.017142355488559562,0.018553139216497025,0.020440166159673544,0,zero
0.01845712631892634,0.002318842597471963,0.0026592793872702936,0.0028754412359372067,0.0024696728485554204,0.002010936082143663,0.014800649599135204,0.016838681454418893,0.018560091784519877,0.020900274432230238,0,zero
0.016786451816998702,0.002437014397733554,0.0027073883497795654,0.002514124762106445,0.001814224375623872,0.001429373763672961,0.012041838082673239,0.014349359661094867,0.01619894112612022,0.01838847981020255,0,zero
0.014126559009048967,0.0021822118765570143,0.003138763673501691,0.002004270449895291,0.0010670960663790524,0.001607869903509228,0.010581559009061957,0.01281221224483433,0.013469650103190147,0.0136605445796572,0,zero
0.01010251721931811,0.0015035854117355675,0.0015959361191612157,0.001171342914045589,0.0006335980710325817,0.0008572088959414618,0.004905419368206791,0.007567483630316062,0.009671137299147942,0.010806804598061288,0,zero
0.014680708320879657,0.003822361874088718,0.004582033378828402,0.005036150112649698,0.0036566764201602098,0.0013433385070275538,0.013236165262470503,0.017781681979616302,0.020425720243745893,0.021795586638892462,0,zero
0.012047973435877823,0.0040668886104004015,0.005041368543565419,0.004332721938854603,0.00342667177076518,0.0019399133547103827,0.011449615263826544,0.015609770728901804,0.01754134536071983,0.017703238072555354,0,zero
0.011622147459572796,0.0052749567921319684,0.006440668975900232,0.005557815913548706,0.0033365175496777866,0.0017199572875542131,0.011735055928006435,0.01666718302610289,0.018629885616007542,0.017891140592289082,0,zero
0.0124420295422807,0.004886128389800293,0.007102791657255025,0.006355902861281296,0.0040190263496164835,0.0018959285978324997,0.01307217029613034,0.018243917370103637,0.020099095128330524,0.01894866311337951,0,zero
0.01943291862690534,0.00489153169790181,0.006444715573791504,0.007014389817812161,0.0048142201324528205,0.0029208963698873847,0.018960630134955928,0.023094608210188706,0.02459386352346564,0.023329545184612686,0,zero
0.02259785360618695,0.005616631253604912,0.006846473466350936,0.006015011567028342,0.0044536426760339864,0.0029851287391210084,0.024212341781782127,0.02841834900140302,0.028586929729335263,0.027744955407091865,0,zero
0.021810734809044177,0.005521549033112416,0.006100589233602936,0.00651810634496397,0.004719146604940525,0.0029444482649353385,0.027433175985338308,0.033050441819440425,0.034553072994123746,0.033483985898422906,0,zero
0.023207277698716236,0.004977098475679412,0.006114308193681837,0.006088631777074641,0.004719049891397823,0.002990448491308026,0.02824218572647471,0.034156353354193064,0.03573130573200463,0.03495212319800913,0,zero
0.02445223261343711,0.006039980468285633,0.006577872794173448,0.005691821217202575,0.0036610520997432255,0.003522868901820501,0.02833897865254677,0.03303948607683179,0.033207286548206115,0.03156032619906964,0,zero
0.02421833337432494,0.0061991125705466305,0.006609185647952265,0.006032980513051511,0.0037201079852681312,0.003338107306711357,0.02973691204002149,0.03463544444730663,0.034798803455006105,0.03275303688602699,0,zero
0.025447320810938978,0.0062914162470140145,0.006670417668747319,0.005944209288294176,0.00397588211265024,0.003515294431117041,0.0322591263736232,0.0365937730269396,0.03630272266910051,0.0340818942550405,0,zero
0.026598987789455464,0.008999825406509787,0.006671709448988997,0.005311541348631099,0.0031577953629870065,0.004605925652058413,0.033326846114918374,0.03561435981309912,0.03401514714394774,0.03179260023755186,0,zero
0.028792606903683807,0.008410669776262703,0.006090903840694439,0.00459026260540675,0.00268752176986653,0.004671848679862692,0.03527880603922696,0.03603781319463715,0.03373522719593246,0.031277708654955924,0,zero
0.02918423891561256,0.008101797853371284,0.006377675121787718,0.005315840385634166,0.0031923752099815156,0.004038940377816654,0.03643362751078425,0.03841302139190661,0.036280022452014546,0.03303680946630565,0,zero
0.029021844458804902,0.004379373918687049,0.003752360967221924,0.0032340369871860265,0.0029567164885716014,0.004784068228617737,0.03475875976783237,0.03410311306155588,0.032432565875301834,0.031001701491250762,0,zero
0.029160719485979217,0.004692907540784344,0.004282177190334205,0.003536557968803703,0.003362790555093531,0.004309057978911962,0.03423652170408542,0.03499819221291589,0.03425242199334969,0.033763646799719514,0,zero
0.03032060275951766,0.00516004843992196,0.004461579792637175,0.0027973613878032356,0.001631034249700577,0.004049724500716452,0.0296082460808552,0.029249063203715717,0.027003818558947075,0.026256812258823783,0,zero
0.03218299033330442,0.00461566417132088,0.003306368761780698,0.002268491926729066,0.0024052885776982835,0.004041862179657445,0.03273804939879522,0.03186581243228173,0.030280718851658762,0.0313206607233363,0,zero
0.02958169890197304,0.004717521823556725,0.003607319040025425,0.0023571769998413927,0.002210781455350545,0.003158514362342801,0.031098578919070956,0.03191921363632557,0.03125929907728541,0.03192656260379627,0,zero
0.028575610456595568,0.006763758393068701,0.004514111854064092,0.0030218622374081775,0.0026579087170541674,0.0038029688614046897,0.030955878693663896,0.03132716117856054,0.031915549881327304,0.03364532366196028,0,zero
0.030222208203716214,0.0026431350570419393,0.0018540277984565765,0.0005052379196827553,0.0011165708218015564,0.004495607506039726,0.028365399555587544,0.03082511931573251,0.03309490026281407,0.03761354398106797,0,zero
0.03175408466037301,0.0056521035322489865,0.004571794247545725,0.002970437704949273,0.002676245847018175,0.004175129109353782,0.03205649909301181,0.0334000088169897,0.03431664602989488,0.03808062536215703,0,zero
0.03151882235818437,0.004793326834545156,0.003912169519383904,0.0031237235439124456,0.002621392726723821,0.00332475307244493,0.02907929371441143,0.03052130958094821,0.03136331063466519,0.033730085972967054,0,zero
0.029319410184487638,0.004748350525252479,0.003774952251801301,0.0027630290228123494,0.002040375422787678,0.0036387104045480616,0.03033311195947713,0.03136565593292856,0.031634947571864344,0.032246920596892895,0,zero
0.03114642714800331,0.0053023719029408195,0.00461076848443355,0.003061662481260747,0.002355599019617991,0.0033578434721429984,0.029780464210236,0.03065956875693938,0.03073946571758598,0.03188613509701174,0,zero
0.03400394060395939,0.006815529979799964,0.0047559647574480085,0.0029226190068836234,0.0030195947098763526,0.0057426236293170166,0.03492606242848847,0.03277903746625993,0.03109031971283819,0.03292625001453103,0,zero
0.035492959328358734,0.007679945297996552,0.004723396497480881,0.003007149345546134,0.002610905968283117,0.005247704072979739,0.03534973143053646,0.033196590594754403,0.03176754646075282,0.033771448356872034,0,zero
0.01604811007803443,0.009771381874313381,0.013268568988170415,0.011565518667869538,0.00883735487534855,0.0022126207897702754,0.03510443749175425,0.042067846040168305,0.040103593293980895,0.03508691932454192,0,zero
0.016418890024640698,0.01359022184873876,0.01695922987042936,0.016314373275137406,0.013391118573951602,0.003668739831485784,0.04061432150435878,0.04619017397237454,0.04348130939897629,0.037934879163503514,0,zero
0.020288747897288018,0.007446164930227109,0.007711961379188146,0.006771401444857661,0.005344860914587583,0.003465901614207515,0.024162116450584727,0.03055470845102718,0.03353507698835604,0.034905400597339015,0,zero
0.009089698656488177,0.00740514680539928,0.01034178675219594,0.008707492913327855,0.007037796685445855,0.0019480824826055277,0.026736197699974408,0.034089440918824064,0.03474774686866387,0.033200003093421776,0,zero
0.012582476109121641,0.004665619190132268,0.006334996225737535,0.005217497654885384,0.004163333107675863,0.001486396198201154,0.019755484082188295,0.0256700958646216,0.028608286857278984,0.03022771296558382,0,zero
0.011698807745025519,0.003971342209535114,0.004502260086618595,0.003898219980810469,0.0028539626604242724,0.0026028721477091344,0.011323938487082715,0.0122103617822782,0.013939423565526396,0.015597706448334319,0,zero
0.01726749548516171,0.0011888674375162417,0.0016257302395485849,0.0018734814404011372,0.0016730653914706847,0.0016327490027887989,0.01746053337255082,0.021953364072130277,0.02579161649562706,0.029919117165547224,0,zero
0.023624697899930394,0.002248768488148164,0.0024986455409068613,0.0023004949596814057,0.0020258780958865388,0.002551361466920031,0.017944476732899863,0.021727434229644932,0.024760204163932813,0.028773003511899303,0,zero
0.021766482646782135,0.002772725936886822,0.0032892871052153105,0.0026710011405904083,0.001998436575835761,0.0024617772259996422,0.017137136156687674,0.020245949617775927,0.022738912890013962,0.026328370803173833,0,zero
0.029275192728887234,0.004281724801974696,0.003618666886866309,0.0026989014205203166,0.0029071439980015296,0.0039693929332178905,0.019166291776142232,0.019970618334278146,0.02292642542933364,0.02778141912606755,0,zero
0.029371519262385584,0.0025098577566325143,0.0031915043816289103,0.0029046025920912225,0.0022367288812959536,0.0025100605620163915,0.02389094107000173,0.02759569167469734,0.029785825353920412,0.03332031322795093,0,zero
0.024639446802968715,0.0033468756566811192,0.0037018826643225537,0.003014951094734944,0.002326635665626589,0.002358273143848807,0.021648626903175427,0.024527461702609093,0.025794491738266822,0.027810069345186414,0,zero
0.028271931158439487,0.0029980624703177883,0.003233803768556743,0.002748519860045041,0.0022078377109789084,0.0022114799211711365,0.023418805427057154,0.02625068869774518,0.02715746988249477,0.028501271184416893,0,zero
0.02750012412244152,0.0036086547000270955,0.003903690185316111,0.0031960741051464906,0.0026505250285917183,0.002053279899831647,0.023306530896895838,0.025837143919482327,0.02644175981557536,0.027552608817404015,0,zero
0.029281785937453897,0.0036068091019544474,0.003972334368395893,0.0034528995878941116,0.002437304317718653,0.0020660685551249936,0.025594476475665293,0.028516729002130637,0.028468440215440503,0.02824014223347232,0,zero
0.030528836178400687,0.0036150165501459353,0.0037383534965810296,0.0032566556853350116,0.0027665173268110405,0.002018169609350014,0.02510415802427859,0.02727099016864716,0.027445921486262105,0.027764342579256314,0,zero
0.03277090990483017,0.0037695835110648094,0.004326320440930933,0.003562403620597892,0.0027855569577848217,0.0019287933451775246,0.02413805485598841,0.026447872055635195,0.026504136057726106,0.026823517668011984,0,zero
0.03227020568025897,0.004161613595753125,0.00497893045178445,0.0041349243468101204,0.0026240186427987583,0.0021672475878911726,0.025775290933803513,0.02785747005307066,0.027366596847071822,0.026694198250761154,0,zero
0.0336793345684937,0.0040524954471949926,0.004743234510893771,0.0035421420965164076,0.0024424091686481852,0.0022745123635001187,0.025739569106928505,0.027235456251848672,0.02658592562990015,0.0256062446736993,0,zero
0.03409662369639957,0.003666023119045452,0.005216952783848245,0.00498660755677849,0.003436589333958643,0.0017549031269002819,0.02914549348212398,0.03229774471123571,0.032288857947458366,0.031136275265390805,0,zero
0.03667020707095198,0.004046377663330749,0.004297270841099446,0.003961217092343539,0.003018281177420757,0.00218450813360475,0.02593633076785022,0.028062282375174212,0.02793575719527341,0.02784069925267755,0,zero
0.03772339947806699,0.004270769253085727,0.0043651002681459605,0.003952976236775166,0.0029956651560591047,0.0027050835455070055,0.02791667280960265,0.028845792229884246,0.027937494950636896,0.027743581739133206,0,zero
0.040855421552426,0.002580459734247821,0.004061008885376527,0.004619959585768517,0.003655300930785324,0.002500895107806837,0.031320756155494366,0.03566366610128198,0.036351710386775045,0.03583186725099329,0,zero
0.037195032641201414,0.0037958131077962844,0.004592779255349955,0.004532731121059994,0.0033583861908358416,0.0024766894379481532,0.027477291766630062,0.029469767160021785,0.028952334373067563,0.029010204424611233,0,zero
0.03813418811964665,0.003450064044338688,0.004333131039284208,0.00432404963484229,0.0033795595340190034,0.0025082825426637114,0.02840633753219479,0.029929652234124603,0.029363583584709727,0.029191324924076466,0,zero
0.04043165323243458,0.0032998125906042036,0.004296718894403367,0.0043347846987128215,0.0031544777858150764,0.0024820881368857947,0.02697286323955988,0.02793067629885288,0.02715220748517217,0.026950992623672898,0,zero
0.040143058446965335,0.003303877170679926,0.00379627014537487,0.0043262661387244794,0.0032584154922186146,0.0025599853137869086,0.02827265168013994,0.030001552080391267,0.02990417431626847,0.02984889454704301,0,zero
0.038997356360127924,0.0038895713114469634,0.004173265822673609,0.0040598359789467625,0.0031932455024307133,0.0026826421221391944,0.028206299210581227,0.02903586449012244,0.028472376642908533,0.028562805650817126,0,zero
0.03855266577327818,0.004200641231730199,0.004470691738352691,0.004186898403493886,0.0029565714664977795,0.002510869421356021,0.028865171007919237,0.030366078149127514,0.02952892651476303,0.029131568506800126,0,zero
0.024116096976585736,0.0034718038645773636,0.004414688758763761,0.004071452343849178,0.002628477635176499,0.001999997705402886,0.015215408738335892,0.018348827389766162,0.020092556694169757,0.020994529377585006,0,zero
0.011248306485609705,0.004543968880344598,0.004267435388820463,0.003682777131722048,0.0024480968869872036,0.0014690713608232543,0.009724543296572885,0.011715262827271712,0.01215755840620682,0.011579074781633687,0,zero
0.028031754801479295,0.0035996739285863756,0.004489863302131948,0.004044430703646962,0.0027675472518885825,0.002099012250670496,0.019647824925499432,0.022039523395890877,0.023278541390110298,0.02434778962936755,0,zero
0.011506240877033891,0.004755414508360454,0.005421290754886288,0.004485379765107669,0.0016081530288141743,0.0009783056112253003,0.01135113614038185,0.014635658806059335,0.015313980814530025,0.013536925663437288,0,zero
0.033438633775951326,0.0036268902385216163,0.004821033105859698,0.004762602697410274,0.003172385867813668,0.0023916282438280726,0.02334870315134431,0.02636164853757868,0.02775434036215653,0.028825141047962365,0,zero
0.0023357101756261746,0.004750433514088215,0.0034902685252227172,0.001537820648417565,0.0008324344524446858,0.0008669177704334864,0.012705148158707893,0.010260993243772065,0.006196058518832409,0.0037071685749813527,0,zero
0.03514678004369626,0.0048685994848275,0.007738109787297087,0.0076398283908906,0.005475992394788163,0.0021826733685380434,0.034017737647974916,0.040526173475338885,0.04405258739797035,0.04591052343221034,0,zero
0.0009272790761840632,0.0015127524757634911,0.002233100534180103,0.002011430201359632,0.002080883904952424,0.0003718007549841664,0.006695051223127032,0.008297838798652363,0.008717263076429494,0.008513358223534188,0,zero
0.05035455286105685,0.005579452838331642,0.0072895859275405326,0.007886916888850157,0.0062930915791894505,0.0030994186254593267,0.039461101898047225,0.04534551117074533,0.04808942011116134,0.04985387931478527,0,zero
0.05872893533798609,0.0041951667888464085,0.006796349578180774,0.006561399994905293,0.006318722473701188,0.00541201949498857,0.040940170187379075,0.044983342702158716,0.04624515981489532,0.05114912060839182,0,zero
0.05661537068144985,0.00657688958305697,0.00850784667219551,0.007968962922894188,0.006397418522780876,0.005318318539781682,0.045181696011076765,0.04960485590838859,0.05101284220101622,0.05400963005739892,0,zero
0.05630610761351851,0.007794326290272713,0.008585864314948014,0.007293690220148256,0.006343310482736456,0.0047200219121625,0.048922909263984016,0.05470019195964204,0.05627393154238031,0.05821676111715393,0,zero
0.05831717819504423,0.009298056300732382,0.010434598538743432,0.009393385717808622,0.007808647423086526,0.005073883650494745,0.05299715252688152,0.060001058456425484,0.061617407274980315,0.06190610535145411,0,zero
0.05183795774605472,0.0061255485448443725,0.0066315568107255946,0.006191475711787912,0.0043787268404757995,0.005375225102587863,0.04259590984058921,0.04591472307247272,0.045068763287473064,0.04209107435095631,0,zero
0.05924236190183502,0.010027923509407302,0.010417973916027959,0.008304115378557943,0.006250144510192738,0.004718009085697314,0.05432597425051137,0.059466178627063215,0.05828104375289523,0.05678582541618191,0,zero
0.05478423267106304,0.007180957083159148,0.006525806035082824,0.004839787212550965,0.0036805669210617925,0.004473010157621229,0.047293745387530096,0.05144208201829396,0.05096013940299483,0.05055101312876992,0,zero
0.056352358810911385,0.007514323534721954,0.006643599391014562,0.005307510492954353,0.0043855055961695985,0.004463720949017667,0.05513556547832893,0.05941797928241467,0.059554065384970996,0.058847894955555126,0,zero
0.05579276983379357,0.008022916649834733,0.007291806020246164,0.0059311412011001105,0.003557243607793436,0.004888272222017624,0.05873843324983941,0.06370065424420925,0.06326278427756327,0.061133862850810815,0,zero
0.05311426925435138,0.01029658952910785,0.008933862013098995,0.007064801128645524,0.004018697220437739,0.006341164754272601,0.06314317322194135,0.06700576446503423,0.06488872197286522,0.060887333247610684,0,zero
0.05387168419298338,0.008660160113759696,0.00826188617442819,0.006484046662708107,0.0037838921447486684,0.005648995371366431,0.06552140070590302,0.06824782767552967,0.06596776058285239,0.061634399421157296,0,zero
0.05644768163678937,0.007499764583137072,0.006984631269170847,0.004736065765206021,0.0030744346718666465,0.005638648819485224,0.06708452783886884,0.06724612084295521,0.06334988112885123,0.05877606057887536,0,zero
0.0523679423796828,0.00884397124393256,0.008155446217937845,0.0060905952089256865,0.003516921299549145,0.004735059089024611,0.06311428397967916,0.06406864894714735,0.060012186146467104,0.053339353175324934,0,zero
0.05318234285655367,0.008905557471915824,0.007874999394159674,0.00515105979831354,0.0029000648616194363,0.004432138953547866,0.06271265484909286,0.06319068323473351,0.05855038127406782,0.052334606801996836,0,zero
0.05539447226127159,0.008601049366891156,0.006696816545530868,0.0047753008834647975,0.003624776126460505,0.004903134376014568,0.06397406069973557,0.06295084881306721,0.05821010900127863,0.053329457340843975,0,zero
0.05745131416436357,0.007663571255427826,0.006060854758204393,0.004753856952095972,0.004025835128148116,0.004299552963509957,0.06333290958078086,0.06181877444002164,0.05664808545729951,0.051284392890644834,0,zero
