0.22930621542036533,0.10437810979783535,0.09501194022595885,0.07700049877166748,0.05828752554953105,0.08201684167337922,0.2547722060020021,0.22206276392293486,0.1928065355653814,0.21819004339826611,1,primary_select
0.2244622558355331,0.10893844347447151,0.09291145484894514,0.07568549923598768,0.05505164526402952,0.08432164518362126,0.25361919598853433,0.22393711107051212,0.20020185513621405,0.2238894096595629,1,primary_select
0.19762357324361796,0.1092890594154597,0.11203328799456366,0.09339180774986748,0.08156013023108244,0.09510654749584545,0.27260092625630244,0.25184210276466945,0.21938341835749492,0.23214600214970454,1,primary_select
0.19774292595684534,0.1121130501851439,0.10290889814496047,0.0724483476951718,0.04016739688813681,0.07743117281358983,0.2427403887094215,0.2161807555065706,0.18656742361497433,0.18608480760019575,1,primary_select
0.18608900904655462,0.1270538978278637,0.1106030931696296,0.08972275815904139,0.053160693496465766,0.1009426210998469,0.26692068027247723,0.2275800696565681,0.21378808477808772,0.21558206165124705,1,primary_select
0.181130824610591,0.11685650423169142,0.0978506226092577,0.06066506449133165,0.024625431746244424,0.08757240538551506,0.2484902257944554,0.21705906306459608,0.1811877743254512,0.1797414340923637,1,primary_select
0.18437781929969793,0.10988898668438199,0.09596183523535728,0.07611906807869669,0.04122522845864303,0.09309739759078177,0.2396062170143977,0.2047694674681679,0.20292935194333947,0.21436753636112366,1,primary_select
0.219088738784194,0.14646365167573094,0.1323101376183331,0.10379880294203755,0.08992980234324935,0.08984628519380058,0.2825888950783905,0.26620233398267595,0.23650708621704547,0.24338126754724954,1,primary_select
0.2195488680154085,0.1244048019871116,0.1210810751654208,0.09831096045672894,0.08765358664095403,0.09021177838457103,0.2815401390836882,0.26507053055701124,0.23597726455790272,0.23881700585496898,1,primary_select
0.21756065636873245,0.12522693630307916,0.1207696087658406,0.09861394390463826,0.0855661630630493,0.08695182453320172,0.2774948102183713,0.26025470222757,0.23169616579488658,0.23953820455298563,1,primary_select
0.21936376765370375,0.11331630405038592,0.10608898429200055,0.08818419929593808,0.08017160836607223,0.07971774739004892,0.2610534210575394,0.24406876786403583,0.21778882619716447,0.2326598218528204,1,primary_select
0.21382574550807482,0.0935349008068442,0.0848544156178832,0.0740915769711137,0.06217295490205289,0.06697489770454006,0.24272957055222827,0.2188490515793546,0.19366994483721098,0.2063970778356178,1,primary_select
0.2135033085942269,0.10036126803606749,0.0883417725563049,0.07513235602527858,0.06602639146149164,0.0629153782017226,0.24405259820443345,0.22235582857203434,0.19843635889512254,0.21477099596333457,1,primary_select
0.2200959045439958,0.10009602364152673,0.09335778560489419,0.0796441957354545,0.07305576652288436,0.068216140534048,0.24185078420049427,0.22008135743743643,0.19459761135584586,0.21244177703118788,1,primary_select
0.23203337192535398,0.10919032292440527,0.09940114337950938,0.08431410789489742,0.07570776343345641,0.06920971657967806,0.2472226198937619,0.2259000710386658,0.20317325957006455,0.2140365646395707,1,primary_select
0.2297203149646521,0.10841591004282243,0.10131445713341244,0.08085647691041227,0.06801749579608446,0.0675054601121587,0.24322453967369026,0.2221526912141484,0.19755112088358823,0.2153559996474428,1,primary_select
0.2307677380740643,0.10447078105062257,0.09997598733752971,0.08577335067093375,0.07016286067664618,0.07097302795759211,0.24335486953518168,0.2196740261223055,0.19596912944129477,0.21259102643838892,1,primary_select
0.22522053308784964,0.10637674387544392,0.10194441769272089,0.07891641557216653,0.05288895033299921,0.07328111232584429,0.24720368367945864,0.22488188390946104,0.1981324955946774,0.20629335494106724,1,primary_select
0.213182259351015,0.09593199612572786,0.09314512321725485,0.0763035649433732,0.05899892933666704,0.06642790458997183,0.2434938093078642,0.21886961249535372,0.1936196167384594,0.20621063694258612,1,primary_select
0.21479058079421512,0.10107892984524366,0.09604310942813753,0.07344635762274272,0.039768338203430204,0.07435131459064337,0.2455780242060825,0.22230461486182662,0.19625172963864648,0.20184632963068339,1,primary_select
0.2440046183764934,0.11821245495229957,0.11270730011165138,0.08871588762849571,0.05493804626166819,0.11602391376149511,0.2976928910146341,0.2635713059360967,0.23051652292710392,0.24536319895636888,1,primary_select
0.2289342656731606,0.12093883473426112,0.1141875237226487,0.09015759266912933,0.05996685102581977,0.10294756676569247,0.2873942210482028,0.25525701801791456,0.22446276817038324,0.24556380707338116,1,primary_select
0.23828817345201966,0.11676265764981503,0.11310522444546225,0.09150779619812975,0.06395875290036201,0.10467141500413386,0.2839196297034618,0.25400537631213643,0.21897570795118781,0.24100591993629905,1,primary_select
0.23494324460625646,0.1155563490465284,0.11368900537490845,0.08825257979333401,0.06611430644989015,0.0994881715252518,0.2806143814324855,0.25181575749064683,0.2171020421757817,0.24219136383379686,1,primary_select
0.24249794706702238,0.11895990092307329,0.11007245536893612,0.08801144268363716,0.06548596732318399,0.09166901941145503,0.2799533261984095,0.2505782405912384,0.21774075655932285,0.23880342590356912,1,primary_select
0.2457392159849405,0.11940863449126479,0.11473577190190558,0.08738729543983945,0.06728904508054259,0.09177487913279944,0.28240995399414714,0.255284394246928,0.22184645395486768,0.2400997356673997,1,primary_select
0.2711006104946137,0.13092373125255113,0.11651325784623626,0.09303813055157659,0.0658899918198585,0.10640507213690849,0.3159921413652,0.2862790471307335,0.25363656900742626,0.26993198342540836,1,primary_select
0.24633370712399477,0.08236396592110383,0.08830755297094572,0.06441222433932124,0.05369180609704939,0.12812942567929042,0.30864967383728015,0.2900104185222147,0.2561275453893899,0.24171230006082564,1,primary_select
0.2493992429226638,0.14143034117296346,0.13781230431050062,0.09884953312575825,0.07259385101497164,0.10936067676860256,0.3037364278430062,0.2791680912928598,0.24989093518573205,0.2594283340008871,1,primary_select
0.24985106661915782,0.14194611459970477,0.13797654956579197,0.09623078256845473,0.06441441923379905,0.10777795476917608,0.31054781166915274,0.28201317204241144,0.2487539702475486,0.2651306555986821,1,primary_select
0.24171020090579984,0.1424087528139354,0.13880703784525406,0.10169158689677718,0.05730271711945535,0.10135543738360296,0.3114986663764227,0.27795611527616876,0.2457903867667426,0.26989245992953675,1,primary_select
0.24831273220479494,0.13070430886000384,0.1263585947453975,0.08613705169409519,0.04718262888491153,0.10262175596474772,0.29786783683269386,0.27302150189100866,0.24295531998544098,0.24488655052303435,1,primary_select
0.2385983616113663,0.1249650605022907,0.12484384886920455,0.09028961975127453,0.06062268838286401,0.10036446404112093,0.2923653411532711,0.2641297845954965,0.23394506581527705,0.2578272136713337,1,primary_select
0.23093722574412828,0.1312247095629573,0.13176610041409725,0.0916476314887404,0.05958144553005688,0.10166393180617198,0.2949781143782388,0.2645186787215721,0.23152167403378593,0.25388123614021646,1,primary_select
0.2237636484205724,0.13469229917973274,0.1307411622256041,0.08943019248545171,0.05297709815204144,0.10053907721834315,0.292295803460945,0.2613036764373078,0.22815378024773736,0.25409578360216756,1,primary_select
0.22236067242920401,0.12565319053828716,0.12387753464281548,0.0880207549780607,0.05686197616159917,0.10053403502615758,0.28777081718953923,0.25558635046991174,0.2274737992725021,0.25267386263521985,1,primary_select
0.22426664084196085,0.1248451750725507,0.12519733794033536,0.08980767801404001,0.0577921010553838,0.10250492335114805,0.2946955499872956,0.262720634572247,0.2319140353873763,0.2544463252351079,1,primary_select
0.22406630218029014,0.12114794366061689,0.12067926302552223,0.08956214413046838,0.057619132101535846,0.10073549978704935,0.2919038248089122,0.2597828910526801,0.2268841706988382,0.2496003185239601,1,primary_select
0.21987489983439445,0.11896606162190447,0.11681933514773843,0.08739622868597513,0.05466415174305439,0.09719179107568718,0.28086269183776835,0.250976954612355,0.22139025947771526,0.2461554846050546,1,primary_select
0.2102638259530068,0.1236607898026704,0.1212783372029662,0.08604509755969054,0.0530129577964545,0.09956457553201396,0.27633476903432097,0.245685117261047,0.219543342420394,0.24318937299543114,1,primary_select
0.19084353186190126,0.08821409381926046,0.10945205809548494,0.10000859148567537,0.09272353025153268,0.100726238228475,0.24307771515091758,0.21712212147181734,0.18451256189504764,0.20324469149122132,1,primary_select
0.20161471888422966,0.10059320740401732,0.09802748568472464,0.08361685369163743,0.08224805817008018,0.09050773625443745,0.2396351976208847,0.2128125899757264,0.19179696013401318,0.21481782552967835,1,primary_select
0.20531323924660672,0.09704285522457201,0.09166151494719092,0.0772303892299533,0.07583064213395123,0.07899578363449675,0.2293620794704054,0.20695475727134735,0.18504843191058726,0.21462724433095554,1,primary_select
0.19617191702127468,0.08745532203465699,0.08173136413097376,0.06702333781868218,0.0700258687138558,0.058652130302448244,0.20851126534159903,0.19724430830444822,0.18260179680999042,0.18986101203825004,1,primary_select
0.19641106808558106,0.09542930545285333,0.09902501665055755,0.09151763189584022,0.09250222286209457,0.08484431645354108,0.22844272190252465,0.2101548347667403,0.19953571409439522,0.20059237033581206,1,primary_select
0.19749582279473535,0.09158721100538972,0.08558739302679896,0.06817124411463736,0.06965427845716472,0.06904079852981225,0.21706501668674597,0.205757888447323,0.19313187891972908,0.18993112439645188,1,primary_select
0.14678693190217024,0.12482490763068196,0.14801742509007465,0.13317286595702177,0.10440158843994143,0.08459061920485303,0.18779091328224948,0.19526469498715215,0.18696837663492968,0.1801105046256524,1,primary_select
0.1804496943950653,0.10851021483540538,0.110470775514841,0.09527124837040893,0.06961381807923321,0.06656021887454244,0.22197038570436683,0.23047906795534345,0.2309720654228613,0.2239225197771475,1,primary_select
0.17345151305198675,0.1101015321910382,0.11729508638381958,0.09077224507927904,0.058400671929121004,0.07414895393935686,0.22075327583638674,0.234737568581977,0.23391283773867133,0.2204794856259013,1,primary_select
0.17506146803498268,0.1306151207536458,0.13333891704678535,0.11244392395019537,0.08008224517107011,0.09035237923531263,0.21730795361368394,0.23611740812926021,0.2413016338673088,0.2345384233471605,1,primary_select
0.17607715912163258,0.12176922149956226,0.12885454483330253,0.11090987361967566,0.08462736196815972,0.08353210481490689,0.218940185929199,0.23899185153331357,0.2443231629082163,0.23750037940826013,1,primary_select
0.1773304007947445,0.13978699408471587,0.14684290066361422,0.12444782815873623,0.08882109448313713,0.08773655338045216,0.21825106894429774,0.2405001175200567,0.247015268409811,0.24086299059744928,1,primary_select
0.1762085855007172,0.14752177521586415,0.15835318248718971,0.13040400855243214,0.09458064846694471,0.06569853428797498,0.2506766952951409,0.26442751757846844,0.25862500820355183,0.24075021226005328,1,primary_select
0.17299673520028594,0.13920288812369108,0.14930732641369104,0.12297974154353142,0.0862332470715046,0.07595573165662015,0.23901007776356664,0.2528626870850416,0.2484184334541055,0.23023517229802334,1,primary_select
0.17608253657817843,0.13629220984876161,0.1578345457091928,0.12302185222506523,0.08427497465163467,0.07370614445758852,0.25445771961463487,0.26489165517492086,0.25244721210552246,0.22501097339196005,1,primary_select
0.18532828241586685,0.1519512236118317,0.15366134885698554,0.11744507122784857,0.08494722004979846,0.07182126582827655,0.26760417686071486,0.2693615443747887,0.24922435914393753,0.2207035841163644,1,primary_select
0.18821462988853455,0.14186490280553704,0.14352022437378764,0.1118474910035729,0.0910639185458421,0.07404231482968263,0.2668333041280561,0.268118885046249,0.24892011580840287,0.22481374459192685,1,primary_select
0.1904687844216824,0.14289350714534524,0.14415615750476726,0.11102187819778918,0.10097360424697405,0.06987526774020125,0.2753275692796818,0.27359376469240704,0.25003276154012605,0.23422361112744736,1,primary_select
0.18112657032907012,0.1258417405188083,0.12925468198955056,0.10535632073879239,0.08994765952229501,0.07938932407770943,0.22554706003640487,0.20161688108120757,0.1668445073453028,0.17241288501892876,1,primary_select
0.20049789827317,0.1342914775013923,0.1298450370086356,0.12194932799320679,0.1117829596623778,0.09857871406751424,0.2788886211342856,0.2652938930546611,0.2360762541651979,0.23704873048740174,1,primary_select
0.2096864171326161,0.14995075017213821,0.1492689794395119,0.12367167975753543,0.10937671549618244,0.08914619521087266,0.26840305165237055,0.25127840414492647,0.2240813190568076,0.23214975953882794,1,primary_select
0.20543385669589048,0.08937113732099536,0.09944848250597707,0.0821758285164834,0.052733363583683884,0.08854996232324192,0.1842238288932379,0.1957973829098875,0.19724642304711903,0.1885796413385208,1,primary_select
0.20164405368268493,0.08885471057146789,0.0990142547525465,0.0857074297964572,0.055591614916920634,0.09033757725546818,0.18412957524697046,0.19984156124110097,0.20659320147524335,0.20230500118623246,1,primary_select
0.20684695057570932,0.08648637775331729,0.10152145568281418,0.08918661531060941,0.053309921175241505,0.08450159253015956,0.18911896934196196,0.20659919371291838,0.21414484371825898,0.20941206076577137,1,primary_select
0.2075206134468317,0.08857462508603933,0.09903126955032353,0.08648095186799756,0.051768545061349897,0.08172180380935855,0.18871595448146652,0.20507960085089397,0.21258472435440018,0.20791157771165564,1,primary_select
0.20291758887469769,0.08465232700109482,0.0950492643751205,0.08222687803208835,0.05022694729268545,0.07730158728301721,0.18741228555083467,0.20016199241146637,0.20458985429942794,0.19817217563033301,1,primary_select
0.19982142932713026,0.08191222138702861,0.09540085337357582,0.0819501332007348,0.04949248302727937,0.0711250870933213,0.19138862122991887,0.19798356812890458,0.19801695761060487,0.18852993449917213,1,primary_select
0.19544660858809942,0.09296689368784426,0.09574275545310221,0.07544040679931642,0.05532755702733995,0.06004033179758036,0.20173086097659626,0.1974305747981191,0.18947319162813872,0.17460892570940695,1,primary_select
0.1961366385221482,0.09746220521628848,0.0971904259640721,0.07374562695622458,0.06156407855451111,0.054477578855625125,0.20270927167726427,0.19476236995538432,0.18149599888133142,0.17804365315245718,1,primary_select
0.18006633501499889,0.08576769847422817,0.08453300315886735,0.06560298707336198,0.06653431197628387,0.055981512941940516,0.19952860864199803,0.18440515565075094,0.16851369414158054,0.1802464619433124,1,primary_select
0.18193356972187763,0.0856560496613383,0.0821355758234858,0.07165984890889376,0.06941298581659797,0.06321695557977582,0.20262420997772781,0.18726641760025595,0.16575244797110145,0.1828607089742604,1,primary_select
0.15196472965180863,0.07677075825631605,0.07332033757120363,0.05824679252691574,0.061462293379008576,0.08058991199578704,0.19237850802238646,0.17599506778861945,0.1611326412319726,0.18338786056045808,1,primary_select
0.1613288247026504,0.07797388359904267,0.08054613880813116,0.06313327327370646,0.060095140244811864,0.046704303226761154,0.16234911025003373,0.15636429168716853,0.13965637677847545,0.1557448778630714,1,primary_select
0.1645209052367135,0.06996673159301267,0.06653201486915342,0.05789762630593015,0.06508602161193269,0.07090208252054701,0.19794109653309985,0.1836380893699924,0.16639100018517175,0.1660928772427041,1,primary_select
0.17437556339427834,0.07689371891319749,0.07211274188011879,0.057550894620362655,0.058170682750642355,0.05285904794149581,0.18507018494270255,0.17579846824369838,0.1584655158120256,0.16090347063877164,1,primary_select
0.21623868681490416,0.09937178902328009,0.11153016518801442,0.09432629682123665,0.06911537796258928,0.09484388572111868,0.18041063365474486,0.19375921958074122,0.19776387405529772,0.19215418477490678,1,primary_select
0.17423151712864637,0.04229531693272279,0.06280404835706568,0.06400194438174367,0.057732893154025064,0.037607510220595795,0.15543244325522204,0.16335430724279812,0.17129258543286582,0.17219773551482823,1,primary_select
0.18453032616525894,0.0584723299252798,0.0783077632659114,0.08207271434366699,0.07098378147929908,0.048428559046641215,0.1589425614691037,0.16195321433426094,0.16332894593890032,0.15566931415762036,1,primary_select
0.1889502834528685,0.10728105995804066,0.11261044163256881,0.09566796012222759,0.060537077486515,0.06829019547257066,0.1995204985589111,0.20880857859555135,0.20900022708627825,0.19992938549074774,1,primary_select
0.2050162870436907,0.1061475314199925,0.11368724890053283,0.09201241843402391,0.061957128345966284,0.09069629111363038,0.2072529858447467,0.22066407376004807,0.2241913089997922,0.21744662062300787,1,primary_select
0.1778387781232596,0.10076718870550397,0.12372329179197551,0.10645243898034099,0.06704575382173053,0.09607782055832098,0.18295798757321782,0.20725819402582596,0.21640405086077405,0.21207236339546393,1,primary_select
0.09643034823238855,0.14211054891347885,0.1820309236645699,0.1697226427495479,0.14348991215229037,0.0454968583021865,0.10979451017422547,0.12027065979285105,0.12366280855579243,0.12319523619456149,1,primary_select
0.19558480568230158,0.1138982214033604,0.12573044374585146,0.10492064617574216,0.06918463297188278,0.08956368246271032,0.2051055783142033,0.22584724591268918,0.23174868130280402,0.2255228345949831,1,primary_select
0.20497487857937824,0.12416545441374179,0.13292613439261908,0.10953160282224417,0.07112438976764679,0.08272851268796434,0.212561065899564,0.22990375581233016,0.23057424753008599,0.21878100755660052,1,primary_select
0.19238081201910973,0.11369813985947978,0.11633543955394994,0.08687044447287914,0.06732070911675689,0.06717891518619004,0.21856792536399888,0.21840656722324064,0.2072231354437405,0.19346780229952285,1,primary_select
0.1786922635510564,0.10087386658415187,0.09228482810431167,0.08336064685136076,0.0811281092464924,0.0557899790128431,0.21310982915929338,0.20061990168869662,0.19146745822035885,0.19824937807970844,1,primary_select
0.16683458955958486,0.1112182128708808,0.10771165904588995,0.09320926107466218,0.08656490035355086,0.06087888292591961,0.2111082258206238,0.19777914327193,0.1860086594670633,0.2017993417530874,1,primary_select
0.1516299266368151,0.11792099708691228,0.11631550011225042,0.10371714271605026,0.08194654807448376,0.06699689229634488,0.19776892397868545,0.18064083523432828,0.18984625985530093,0.19644913946893885,1,primary_select
0.14192912401631474,0.13235138892196108,0.13058133702725178,0.10894896835088731,0.07767680101096636,0.0783998001696488,0.18207343371082624,0.1901368479574046,0.19744310428890802,0.19132836995217412,1,primary_select
0.2026862911880016,0.09882556053344156,0.10942818992771217,0.09357061795890337,0.0667154006659985,0.08018916401539398,0.2170393221172731,0.22374001050826572,0.22090990770135485,0.20675237778101524,1,primary_select
0.10697433969471591,0.09549070126377031,0.07641742215491824,0.06807675026357185,0.06250699982047077,0.04838590988877192,0.12208818622386977,0.1169543608418948,0.10803444030241138,0.09112441258982786,0,primary_select
0.20339032821357253,0.09120423241984095,0.10420496796723464,0.09002471156418326,0.06175413168966764,0.08232898970771882,0.20681691663168073,0.21513992287390238,0.21491492686499217,0.20331191790927497,1,primary_select
0.221066802740097,0.09131068596616389,0.11485366756096478,0.0976735642179847,0.06150495819747448,0.09430338584996892,0.20817351623617245,0.22247577740989752,0.22561149534948305,0.21520378210760785,1,primary_select
0.11807329283328724,0.09868626110255718,0.07263610698282726,0.05868473276495928,0.06084705144166946,0.04854249692573375,0.1254837419866135,0.11800668575153846,0.10185494274185199,0.08009425178454413,0,primary_select
0.22571776248514652,0.09066692739725113,0.10368696739897124,0.09364094305783512,0.05839963071048248,0.09451896553790107,0.2029402409300758,0.21940022610058918,0.22531806627219447,0.2188107003078414,1,primary_select
0.11039471742697055,0.09052544739097358,0.060089817270636454,0.05636560916900643,0.05259320326149453,0.043146676961310214,0.10435914608647666,0.09591929695566741,0.08084998919626324,0.06140826723536101,0,primary_select
0.23622040264308464,0.1002176622860135,0.1121365218423308,0.10212802886962893,0.06566324457526203,0.09905346362626227,0.20581062623074334,0.22421270907631202,0.23269193126594695,0.22837258755004095,1,primary_select
0.08925492968410248,0.08824134338647123,0.058274744078516946,0.06307086907327179,0.03524355776607991,0.03995069540685131,0.09288522839194255,0.079897945333478,0.06025211471712313,0.04027195792293273,0,primary_select
0.2387720998376608,0.09563580853864553,0.10703087877482176,0.09925189800560467,0.0642014238983393,0.09722354078553508,0.20292963880933715,0.2219219999562938,0.23301608675978974,0.23089630344770745,1,primary_select
0.06257479428313677,0.06352791469544175,0.06971876230090843,0.06038761138916013,0.03116842545568944,0.02970719882082298,0.06608299221638693,0.05289585571531319,0.035667737571337454,0.05452807023916505,0,primary_select
0.24126512929797167,0.0922189343255015,0.10862193070352076,0.09759311191737652,0.06298862025141719,0.09169146142494355,0.2008477694221256,0.22139400526475578,0.2329464452673165,0.23000730111789378,1,primary_select
0.08209471730515355,0.06701743230223657,0.060047941282391534,0.05124579928815373,0.03494871221482766,0.031119651831158272,0.08883830459735623,0.07373091505787595,0.05239513816259135,0.029563934746601434,0,primary_select
0.23366187885403628,0.08375702612102022,0.09351151157170527,0.0859326329082251,0.05503662303090087,0.08504172771978338,0.20123725555646382,0.21527993943351478,0.22436101719546292,0.2209377138297555,1,primary_select
0.09124588873237371,0.07077770214527856,0.06571070663630965,0.05323110893368728,0.03487071581184868,0.033292606370807214,0.08854810883319421,0.07745861717528146,0.05846758642262266,0.03687929072445684,0,primary_select
0.2398578319698572,0.09065432962961487,0.10453049186617133,0.0939524592831731,0.061042539775371565,0.08817457368854786,0.2039976719140667,0.21645679006610408,0.22315969931219115,0.216954551248591,1,primary_select
0.2352286577224732,0.09215906600002209,0.0940886582247912,0.08747651055455227,0.054502749815583285,0.08089703666604457,0.20359848074707534,0.2140298524927288,0.22033025669492187,0.21515738377905785,1,primary_select
0.2415079735219479,0.10198756121098994,0.11893835663795471,0.10282033495604992,0.08610634785145518,0.11439095521127735,0.20088525013780142,0.2086284876779273,0.20692218737458742,0.19611966600423594,1,primary_select
0.2375155910849571,0.09558282466605308,0.09930817177519209,0.08868510928004991,0.05417818576097495,0.08013317132795798,0.2096265154374635,0.21896881986836542,0.2236481407141184,0.21668816874230848,1,primary_select
0.2373749352991581,0.09767078212462356,0.09961644560098648,0.08873544260859503,0.05685970187187184,0.08119150240906942,0.21238915635274222,0.2212590089906142,0.2251813131291555,0.21730016534218055,1,primary_select
0.24002490937709803,0.09539250098168853,0.1126554748043417,0.101585103198886,0.08062941953539847,0.10591198482914876,0.20798444168075028,0.2162766165788383,0.21314350122018758,0.19875024424298707,1,primary_select
0.23315004073083392,0.09260248288046566,0.10040893708355728,0.08981874026358118,0.05204543471336372,0.07941041710827793,0.2154390674414513,0.22449290832545893,0.2271260620192094,0.21729257899377774,1,primary_select
0.23526098765432824,0.0924001978710294,0.09461385896429417,0.08466838113963611,0.052827019244432394,0.07848004134550021,0.2144036290626161,0.2210684523376755,0.22448814356877722,0.2172987840528718,1,primary_select
0.2311614472419024,0.09710373356938361,0.11028066277503962,0.09898753557354217,0.07912375591695311,0.10213336935838407,0.20280202879210657,0.21136783464451975,0.20904437201669165,0.19530359497865385,1,primary_select
0.14098343253135676,0.07041838113218546,0.055436553433537455,0.05168854165822265,0.04689507000148307,0.08696901426171522,0.1846794066995904,0.17562930100118368,0.1560813775331303,0.12671400793349,0,primary_select
0.23378941230475905,0.09471038077026597,0.0986270890571178,0.08718456048518419,0.05411216057837005,0.07984011857794814,0.2142363186462433,0.22197851729603718,0.22604355546670268,0.2188506727574975,1,primary_select
0.22058856301009647,0.09642176236957317,0.10288414917886259,0.09334879089146852,0.059895824640989165,0.07791229524124786,0.22406279761750628,0.22921934165466934,0.22625087108869463,0.21044478938389938,1,primary_select
0.2144148815423251,0.09417438658420008,0.11129806190729152,0.08890573028475042,0.05651072785258296,0.06517761368436932,0.22989901730457518,0.22728971373422271,0.21579814776910675,0.1925720328478348,1,primary_select
0.2069159634411335,0.10397828463464968,0.10081361094489687,0.07304711639881127,0.06668354570865638,0.07083585641856875,0.23449423473749678,0.22267641981642336,0.20668113480832054,0.19195916845973213,1,primary_select
0.2047182507812976,0.0968867377378046,0.09460573922842741,0.07483969442546366,0.07204422354698178,0.06432577747000323,0.22855854860426905,0.21670134424311974,0.20195849857373094,0.19380408863617044,1,primary_select
0.19559749681502586,0.08694864762946962,0.08399311301764101,0.07010467816144234,0.07194418087601673,0.06243138545775648,0.2202191993629015,0.20604351379094513,0.19501710747951503,0.19013571990305422,1,primary_select
0.20481864549219614,0.0981018247548491,0.0969096626504326,0.07782474160194404,0.058931381441652816,0.05803788676533357,0.21298033357922466,0.20814437461925195,0.20147364344123278,0.18381238765689986,1,primary_select
0.22071418166160586,0.0762677646707742,0.09653501538559797,0.08488313388079423,0.056441606953740175,0.07857378099433278,0.19718211314321363,0.20436878742330583,0.19955568939766982,0.1878109825061926,1,primary_select
0.20948829315602796,0.08932522777467956,0.10817307513207199,0.09652002900838849,0.07725050579756505,0.09137074245369088,0.18119496168797855,0.18648272255664708,0.18479665151095045,0.1770415461272563,1,primary_select
0.21264588553458447,0.07204526755958796,0.08569363527931256,0.07823749561794108,0.047836638987064445,0.07381838944803573,0.1955026237939706,0.19767728552159272,0.19280007656726642,0.18530319922666652,1,primary_select
0.21639224700629717,0.07442656531929961,0.08772312616929412,0.07529765740036967,0.04816007707267997,0.07022530013847456,0.19179891062748314,0.19174260798689605,0.1900629493050587,0.18310143971967813,1,primary_select
0.19688930641859775,0.0892513522412627,0.0899683521529369,0.07203787844628094,0.06091813743114462,0.06188325410647616,0.20843851250657514,0.20128802824427808,0.19474273560507524,0.1801026455493116,1,primary_select
0.19699661433696752,0.0869662526529281,0.09311332044308056,0.07661384856328368,0.06041309051215644,0.06795312952428384,0.20081293350838786,0.19996957228457285,0.19726452021106414,0.18403684091001074,1,primary_select
0.1965203834697605,0.09050144767388688,0.10263649588887348,0.08269043266773221,0.05305073224008081,0.06767879861652658,0.19941552898600892,0.19835682713235775,0.19533933948039817,0.18183211392968707,1,primary_select
0.19345786236226561,0.03658069437369692,0.09209656936582168,0.08381290454417462,0.05652051977813248,0.07237315002058158,0.18509630615662329,0.19187498254396473,0.1922771261182844,0.1815354955491842,1,primary_select
0.2037014234811067,0.06795910466462379,0.09593701688572764,0.09008053690195092,0.06482561677694317,0.08434092190736922,0.16764781654501348,0.18814750185856619,0.1976914678948561,0.1954351284789482,1,primary_select
0.19971419125795364,0.06091885000932963,0.09788027562899523,0.09111465094611049,0.06417268887162209,0.08542507798446762,0.16237049743031665,0.18398461990327064,0.1982464469507193,0.200592755386964,1,primary_select
0.19851245358586317,0.06781285512261083,0.10223549586953591,0.09134494606405502,0.06646871659904718,0.08776928872154599,0.16192041578418068,0.1835892290337427,0.1967045750124896,0.1991337753488268,1,primary_select
0.19345798343420031,0.07044337433762832,0.10909781315422162,0.09515402931720024,0.0691634286195041,0.08165500437988266,0.17049310347849192,0.18932187599219222,0.20004926281197302,0.19923837421609394,1,primary_select
0.19185256492346517,0.10105803702026606,0.10502881603315488,0.07805456407368175,0.07120019011199474,0.06398346718995634,0.2227281581297403,0.22002503207548335,0.20707285941242046,0.18756924547849954,1,primary_select
0.18006536364555373,0.10229958774289125,0.08832508325576789,0.0808621644973756,0.08433077856898319,0.06289399401595108,0.22160881004839436,0.21286676065375335,0.19607974947740553,0.20666158371915344,1,primary_select
0.17812081892043352,0.11772664674208501,0.11396373622119427,0.09736530575901263,0.09088664315640922,0.06075130050868446,0.2255301259572775,0.2130369313234155,0.19331001417577912,0.21416806170583405,1,primary_select
0.18324964400380855,0.12585076679533813,0.12226151372306056,0.10458800289779899,0.09834655933082109,0.06606248964595797,0.23703813437390403,0.22539277223910392,0.20667175681370498,0.21839701303321132,1,primary_select
0.18351637478917843,0.11460604146122944,0.11340847006067636,0.09680486284196375,0.08886954747140412,0.06476484857589064,0.23851973343730024,0.22769767059102702,0.2112234315285092,0.21612186510205333,1,primary_select
0.18911775667220354,0.10888838476967075,0.09969952702522278,0.08897266816347844,0.08908060006797318,0.06105560848342847,0.2403582823867224,0.2298105297781773,0.21535613426792097,0.20831813609081004,1,primary_select
0.19436048157513147,0.1134721206035466,0.10383387794718149,0.08569032046943913,0.08932829834520806,0.06540644395258254,0.24047953512612708,0.2377725214986128,0.22706788166519232,0.2122143846293908,1,primary_select
0.2092116549611091,0.12529034074395906,0.11644000187516215,0.09822543337941174,0.09051691927015783,0.07914626690799764,0.24827896989191345,0.2485162028973775,0.2379730790784435,0.21797200012261442,1,primary_select
0.2042975798249245,0.12910102820023894,0.12091158144176005,0.10023089312016957,0.08964049629867066,0.0801605659487449,0.2516083147327207,0.255386023125311,0.24737288644041644,0.22937300828721155,1,primary_select
0.2089731693267823,0.09026596555486327,0.11838759202510118,0.08776940219104302,0.07729747379198669,0.0992848451860055,0.28920160631237474,0.26699043229741903,0.24222173240555372,0.26597322781158533,0,primary_select
0.22328527830541126,0.08810575352981678,0.08808877086266866,0.059820304624736434,0.040562428534030956,0.1026315421053426,0.24804984338570077,0.24938630152482227,0.27337686365481767,0.2890315532871739,0,primary_select
0.2321026101708413,0.12094929511658833,0.1200510971248149,0.09005725290626279,0.08728923229500643,0.12098058128145792,0.3044044834223883,0.2769535984971867,0.2604888593905911,0.28029997834352105,0,primary_select
0.23981778323650355,0.13141565956175327,0.12924544420093292,0.10715199355036029,0.06623261608183388,0.08837373338640468,0.2427727092802598,0.2339509005472137,0.21606279600412387,0.19804338335991645,1,primary_select
0.2233095131814479,0.10739588749129325,0.11938657006248833,0.09507854562252756,0.06570832245051869,0.06830446073354324,0.23790306982618853,0.23223633203224378,0.21607096423895192,0.2076400539422139,1,primary_select
0.22909280657768244,0.115744687296683,0.11584243900142599,0.09081474784761662,0.06273651495575903,0.07089790984477412,0.24618957133802147,0.23771585829976502,0.2204512190395178,0.2072934164055767,1,primary_select
0.22225374728441244,0.11593196238391099,0.11165129859000444,0.084653465077281,0.06561199948191651,0.0717766006601436,0.24433571227206122,0.2335025454995616,0.21467130082970695,0.213217903034149,1,primary_select
0.21344165038317428,0.09369641868397588,0.0994108722079543,0.0829279744066299,0.053864763118326685,0.07105904718423528,0.20453044359078376,0.20192896883440867,0.19538019731203352,0.1798869231113258,1,primary_select
0.22264506574720153,0.04601828940212709,0.03940534032881259,0.03478786069899797,0.03491584956645963,0.09417273481398063,0.25249610743463785,0.251673619216092,0.2367544462436512,0.2083922726565674,1,primary_select
0.21220234315842382,0.06044299062341453,0.08593856170773503,0.07231780636357152,0.04852763935923577,0.06242253836829546,0.22236230950217364,0.21459983176897876,0.19658582182022144,0.18325475343156936,1,primary_select
0.2063509346917271,0.07781865075230597,0.08732138550840313,0.07211832888424403,0.0474188048392534,0.06319630753313261,0.2079815850400451,0.20122505932050666,0.19219338849251252,0.17735703896795493,1,primary_select
0.2020699456334115,0.04903195457882245,0.0907875660341233,0.0818211454898119,0.04908444359898577,0.06362161360802072,0.19628341039414457,0.19941407133946146,0.1948547823739233,0.1786206694704475,1,primary_select
0.1952515076845885,0.0876029226928948,0.09135647816583517,0.07114297896623611,0.04719939455389972,0.06582931959957244,0.20265573793977865,0.20018568281039964,0.19095144020349156,0.17183310696810855,1,primary_select
0.18539491854608053,0.10222900728695089,0.10271738260053097,0.07507914770394557,0.05638135876506572,0.06565867610939341,0.2176816164489139,0.2042479393045653,0.18473954838432863,0.1799660759485562,1,primary_select
0.18506559357047087,0.10392257251078253,0.10277713561663403,0.07684357324615111,0.05998862534761442,0.07158144438230345,0.21727382196755227,0.20425926483525822,0.1871222128678199,0.18580202260577047,1,primary_select
0.18983373045921328,0.0983966104104185,0.0909892823547125,0.0664514545351266,0.06300040334463125,0.061335692351263994,0.21287202299018296,0.20165301876286887,0.18614567181239744,0.18889225291232484,1,primary_select
0.1712094908580184,0.06992411566898232,0.07177318236790593,0.052252263762056925,0.0318170823156835,0.05705885530883842,0.19165032065907892,0.18330236023726337,0.1718370824816305,0.1528147313507873,1,primary_select
0.16957247816026205,0.07972767343744644,0.08207786409184345,0.06287619099020955,0.032768265344202484,0.060799786006981486,0.19005715625914368,0.1774635330084208,0.16058369365143219,0.15143327519851368,1,primary_select
0.17065144516527642,0.0811713999137282,0.07994498312473294,0.060595396906137355,0.05244105681776996,0.05378727236586646,0.19303239410567127,0.17813860805529194,0.15869937831359948,0.17068961443203534,1,primary_select
0.16363418940454724,0.08976991730742152,0.07872529001906518,0.07160523254424332,0.06472610123455529,0.056220996731383366,0.19139617479169144,0.17700718536735846,0.1610782719938583,0.18689326064423994,1,primary_select
0.16061917692422858,0.08585464768111711,0.07546939514577385,0.06808069162070757,0.05748583190143114,0.05323659754211006,0.18842401108557283,0.1699531500678688,0.15293699907923033,0.1774470353018671,1,primary_select
0.14606633037328723,0.07682542165275659,0.06962130265310401,0.06545165274292218,0.04018949624150984,0.07341456125503493,0.18229749935200337,0.1691374551410404,0.14809500620687277,0.1357663498165635,1,primary_select
0.14096269197762007,0.10497948294505477,0.09480286692269146,0.07485683169215923,0.050251115113496836,0.082054071641636,0.1768909943745313,0.178701059379506,0.17215950549476128,0.16224254802696697,1,primary_select
0.16211839020252228,0.0715503804385661,0.06578916357830158,0.054467733018100234,0.03625813499093057,0.068395336402375,0.1784427438506668,0.15672749724404864,0.1485723613405412,0.16366633704097922,1,primary_select
0.1564402226358653,0.06945580430328846,0.06661832740064709,0.05877579841762767,0.03893454652279622,0.07027212444353369,0.170390016470435,0.1495547003125352,0.13503536961633236,0.14869917936283616,1,primary_select
0.149938054382801,0.07738409936428065,0.06468872260302307,0.05892246915027491,0.03515112120658156,0.06529042254618393,0.1784950656764863,0.15882567539296127,0.13937493776387555,0.13299267682663174,1,primary_select
0.1307604797184467,0.07397099630907181,0.06808477267622937,0.05866397684440029,0.03688590414822096,0.05260718497137877,0.16576566942657675,0.15285671944420184,0.13989863288279022,0.13080931896965353,1,primary_select
0.1280449200421573,0.06416503852233285,0.0639442191459237,0.0562871217262,0.04548978852108125,0.04867090446509777,0.14605035238332673,0.13644556027270469,0.12480935453072556,0.11569726535685732,1,primary_select
0.12238884391263123,0.05476436438038941,0.058418216649442724,0.04989792383275933,0.03624999057501556,0.047075193548494085,0.14376867172688887,0.1346527783331338,0.1259222803040528,0.11825844243719524,1,primary_select
0.14495411049574622,0.07159981923177841,0.06384893250651652,0.05489609763026236,0.031192845664918548,0.05466475028052284,0.16931367216139384,0.1595472660145844,0.14868218607708172,0.13103269848480179,1,primary_select
0.14606662280857574,0.06554652471095326,0.06646328046917918,0.05638890434056522,0.034409212879836525,0.047797965674618484,0.16300836936287044,0.15414909538529273,0.14209059239081503,0.12525251866034623,1,primary_select
0.15456274524331104,0.05937306326814,0.06497447774745527,0.05653542326763271,0.03924969304352992,0.04981903381656133,0.15278832706633239,0.14879125355753334,0.14249492226178972,0.12866013798873155,1,primary_select
0.15434366464614863,0.0611417526379227,0.07087722001597269,0.058492876065429286,0.03998127439990642,0.055980380471027005,0.1735180087059973,0.17013533568459127,0.15550707829899568,0.1406715063705803,1,primary_select
0.1511418409645557,0.060956933768466094,0.06736684101633719,0.0573485218919814,0.04164761584252111,0.04826050750436655,0.1603867671406788,0.15445972849140321,0.14705594429271665,0.1316337421116457,1,primary_select
0.1556609626859428,0.08722727745771401,0.0849480903707445,0.06373783163144253,0.05045532574877132,0.05820541594783881,0.18177234615524182,0.16531017982725868,0.13669503283944087,0.14322604004900066,1,primary_select
0.175653944723308,0.09696021536365138,0.090504165040329,0.0713087799958885,0.05444486811757087,0.06857089360200065,0.18981413648508297,0.175999861099271,0.15149022254117034,0.16227364481382262,1,primary_select
0.26189209520816814,0.1463836808688938,0.13614759955089523,0.09813134931027911,0.08793820254504688,0.09102104027709854,0.2776015127920459,0.25581621198494986,0.23079752345523727,0.23334102128586673,1,primary_select
0.1898362084757537,0.0783049389719963,0.0742142768576741,0.0732098668813706,0.07874063681811097,0.06091926423013649,0.19548479268215144,0.18204609038420466,0.17056391121931827,0.19286836138107338,1,primary_select
0.24401324987411513,0.09494557324796907,0.10448405891656888,0.08376023545861247,0.07962678745388985,0.05504236095239884,0.22756420452734005,0.21545999222090007,0.19269467428912873,0.21761152990748658,1,primary_select
0.30985255539417267,0.18033040128648292,0.1577004082500935,0.10177108459174632,0.08766850456595418,0.0921825475678304,0.30368647236977603,0.2849996655866959,0.2569088030294039,0.27258788493131186,1,primary_select
0.2900259736925364,0.15626312314998353,0.15571631543571138,0.11601913999766111,0.09315943904221057,0.08938720895628191,0.3077011705264567,0.28636269106016243,0.255312224651675,0.2657383724925921,1,primary_select
0.29764891788363457,0.14984867442399263,0.16049173753708612,0.13094494119286526,0.09428002126514921,0.11072815254846083,0.33904115435251464,0.3107831603712724,0.2708066296628998,0.286079572965889,1,primary_select
0.27482105046510696,0.14118177816271787,0.1275414638221265,0.09266582131385803,0.05240825191140167,0.09373112634656881,0.2361119562470719,0.24234894902346582,0.2521654503130719,0.2526392737114237,1,primary_select
0.2844211645424365,0.14909753669053308,0.1565701039507985,0.13123098202049727,0.08983469568192963,0.11337671994942869,0.3409521142743869,0.3115508231126114,0.2725452315785332,0.294097440389578,1,primary_select
0.2548607513308525,0.14965881034731876,0.13192234374582767,0.1306950487196445,0.1058456003665924,0.09295483105837825,0.25514755942880624,0.25353943542599194,0.2379449250644398,0.20743279703914638,1,primary_select
0.28779755719006067,0.1316367014660499,0.15171945339534448,0.1316703893244267,0.09181623160839089,0.12014071950687823,0.33889681719011827,0.30952915798405906,0.270652850437898,0.29317373717202594,1,primary_select
0.24684971198439595,0.1304605025798081,0.1316026770509779,0.1041783252730966,0.08192965574562548,0.1028042272348556,0.28809801532520385,0.26849557828722925,0.23867034489853708,0.22893759279145334,1,primary_select
0.28476133197546,0.08570668660104283,0.15683080442249775,0.1230049394071101,0.09182181768119335,0.08890310702599896,0.32125505646445157,0.29250060980893977,0.2548752876905382,0.28855736022569545,1,primary_select
0.3012994080781937,0.1555231325328351,0.1438746228814125,0.12399103119969376,0.07698091492056847,0.13855416875827584,0.36628625717509067,0.32525862183916837,0.29504602950561315,0.32143976714957034,1,primary_select
0.2820939347147942,0.1336142234504223,0.10247115371748808,0.07235672138631345,0.06695968843996536,0.11883052993525203,0.2525013479958885,0.1945825651842767,0.18783072572242068,0.18529308032285025,1,primary_select
0.3093677647411825,0.16425104718655342,0.1533719273284077,0.12831703014671794,0.08108966611325745,0.14243140601678297,0.37958134588910747,0.3417094952346247,0.30713793606622625,0.3351172541187566,1,primary_select
0.31343226879835134,0.1626506019383669,0.14761575032025576,0.11077950708568096,0.06404998525977143,0.15573899204088085,0.3799395294691407,0.3340675163845503,0.3166990572418057,0.3425720905716503,1,primary_select
0.2972694635391236,0.1528018219396472,0.14394682273268697,0.11624393798410898,0.07695616967976088,0.15823836778804434,0.37489786618903054,0.31900158306166304,0.3300672729085364,0.35040163775488514,1,primary_select
0.3003856092691421,0.14033238589763647,0.13857523258775478,0.11512150801718238,0.07378089800477029,0.15205122018056724,0.3629109361191354,0.30779806850301833,0.3251661271770559,0.3440690585394464,1,primary_select
0.2848365493118763,0.16496904939413068,0.14171676710247996,0.11335284635424611,0.08648606017231933,0.1528125940370727,0.4071666053044964,0.3390639065313507,0.3476432016599346,0.3680446906495262,1,primary_select
0.1934609655290843,0.2133926078677177,0.30166537314653397,0.25446072965860367,0.17670002579689031,0.08921685881733761,0.13507382824838024,0.10339333370149001,0.1269815663975464,0.15214609607875218,1,primary_select
0.27462215721607214,0.15599080175161367,0.13582615926861769,0.10428799316287038,0.08659427240490902,0.15108157946886527,0.4016200776320885,0.3352930086773824,0.3440567243021917,0.3700199934762905,1,primary_select
0.15159282460808746,0.20022482424974442,0.19099656492471695,0.13785390555858612,0.1279197484254837,0.09645211944643961,0.2869893896049688,0.24947725111906038,0.2596728789276312,0.2597758235997389,1,primary_select
0.237340297549963,0.16680140048265463,0.15515430271625524,0.11469488590955734,0.09019591286778456,0.12918054206991764,0.3503623556973991,0.29386303840900035,0.3078588721039352,0.32328566430831523,1,primary_select
0.2680076025426388,0.1845848504453897,0.1509442869573832,0.1064841002225876,0.08486646413803098,0.14652966579916432,0.4089687621456619,0.3519468238812919,0.34821175655844167,0.374928059638762,1,primary_select
0.27798258140683174,0.15296610444784167,0.13999336026608947,0.10525140166282652,0.09138384088873869,0.15065743674222162,0.42112123493734527,0.3684438363898151,0.3454897281962984,0.3743961853224389,1,primary_select
0.2942488566040993,0.1533475369215011,0.15782276913523674,0.12328634597361088,0.10221694409847262,0.14240240854661562,0.4234384800259362,0.37511058328192337,0.3398351891849528,0.3735756258432159,1,primary_select
0.31151770055294037,0.15409934334456923,0.1564537342637777,0.11805333383381371,0.09715646877884866,0.13391411063309974,0.42614436839755837,0.3776447469466574,0.32858553473886315,0.3679858645522243,1,primary_select
0.3525965064764024,0.17790038324892526,0.1568104382604361,0.12102866172790522,0.09953679889440531,0.13560770000330527,0.4401656548958215,0.3926070380490216,0.34325830186716644,0.3846464558970126,1,primary_select
0.35553813353180885,0.16169335320591927,0.14967110194265842,0.12279529683291912,0.10280099511146543,0.1251066858816898,0.4329324151325976,0.3904042421776807,0.3398094802100217,0.3797035711754119,1,primary_select
0.3600545562803747,0.16853932291269308,0.15497114136815068,0.11935572139918796,0.09542576968669897,0.12238813344967499,0.44385445643794685,0.402393700225474,0.3481913056654945,0.373462313456656,1,primary_select
0.3482374176383019,0.15079438872635365,0.14536014944314957,0.1146251801401377,0.09266879782080649,0.11907498301655989,0.4256754326233362,0.38645215468199,0.3356577972480748,0.36823069812447773,1,primary_select
0.33102468028664583,0.17301137931644922,0.16532297432422632,0.12319371849298474,0.09751127287745481,0.12267805826309082,0.4203740843051945,0.3834064249360835,0.33494208198430897,0.35469819795730473,1,primary_select
0.32542091608047485,0.17242196202278132,0.16195964068174365,0.11968558840453629,0.09797294065356257,0.11957543714783019,0.41346820070288004,0.37693581356546696,0.3294678907736283,0.35801449789545353,1,primary_select
0.3228226788341999,0.1717731505632401,0.16590540297329429,0.1195168569684029,0.09446188807487496,0.11181211713125092,0.408718159975308,0.37474879677762374,0.33096259515156135,0.35603689643909314,1,primary_select
0.3379085659980774,0.19143878668546682,0.1850337572395802,0.1311570629477501,0.10496782511472696,0.11689020229999866,0.4159886641663773,0.3898871643704638,0.3484227014941439,0.35904421194021546,1,primary_select
0.33883542940020567,0.18493725731968874,0.17503498960286382,0.13042322918772697,0.10574764013290402,0.11834746157887813,0.4045389921045625,0.3798067739805901,0.3395169910616004,0.34331344185534357,1,primary_select
0.33505501970648766,0.16715889796614655,0.16777955647557974,0.12796253152191642,0.09820132702589049,0.1296206099227674,0.395423842711807,0.3761579088181861,0.3423279785797604,0.32761869218802536,1,primary_select
0.24487012811005107,0.1400630590505898,0.13625334389507776,0.08414973784238096,0.07916933577507726,0.14581518129563156,0.38002693674644655,0.33718263984775376,0.3346739497326894,0.3465659690380675,0,primary_select
0.24373350664973262,0.14008569158613693,0.11827636882662763,0.09497395809739827,0.10277663636952628,0.12902490422442262,0.3921421673180133,0.34610372409537143,0.2916535753788025,0.31028222479238815,0,primary_select
0.2706252671778202,0.1560635175555945,0.125627089291811,0.0906912218779326,0.09746028669178486,0.11831870836562067,0.38306751077419665,0.34718491671031865,0.3026375805342808,0.3093310871476547,0,primary_select
0.2615991830825806,0.1550011290237308,0.14289285428822046,0.10588216036558148,0.10986632155254479,0.11536356338291383,0.3794261514860295,0.35133583934037904,0.3089870521518491,0.3173536685946487,0,primary_select
0.26269855536520476,0.1582017857581377,0.14669643901288498,0.11273640766739841,0.11989491991698747,0.10695064702420606,0.3836988274136103,0.36036401504068744,0.31679138430743586,0.3209013704338588,0,primary_select
0.2704508900642395,0.18481347709894175,0.18334143608808517,0.13755995407700541,0.12394854798912996,0.10143323574158097,0.3968183058867112,0.37994373921247865,0.33602242875787164,0.3367242324719086,0,primary_select
0.2894966974854469,0.17822502553462982,0.1730787139385939,0.133589057251811,0.13534115254879006,0.10785080055538297,0.4076525003725635,0.39512981223705884,0.3512570907438147,0.32768380950037124,0,primary_select
0.2975245453417302,0.20415305346250534,0.18728796765208242,0.13204278424382215,0.11711361259222028,0.13146075216235423,0.39590252918304714,0.38869903591574934,0.34984578547181394,0.324478402557986,0,primary_select
0.28384017944335926,0.1800527423620224,0.18313943408429623,0.14775401726365092,0.13608753681182859,0.10893563762567735,0.41191632136963097,0.4168643357630798,0.3819339389380046,0.32985457986853794,0,primary_select
0.28647684678435337,0.18088887818157673,0.1819192040711642,0.13934453204274178,0.12568468414247036,0.11659050874072835,0.3939641523327281,0.39365165263075125,0.35830521724778897,0.30897428981620556,0,primary_select
0.2884581387042998,0.16994317434728143,0.1727492939680815,0.12670809030532834,0.11860221438109876,0.12238742253182962,0.38251880584655845,0.3813022899478539,0.3499925940334663,0.30536103463171566,0,primary_select
0.2940009161829949,0.16234855726361275,0.1636429894715547,0.1160052735358477,0.11598237790167333,0.1227841671556575,0.38584871925417014,0.3803995974362237,0.3478490017354829,0.30116225369278027,0,primary_select
0.30606957152485853,0.15197301656007767,0.15721123851835722,0.09935224428772922,0.09191887080669403,0.11073226927506138,0.34606025441276245,0.3403175014882009,0.31388184687780546,0.2741809159396808,0,primary_select
0.2949646078050137,0.12913981080055237,0.13757867924869058,0.08824183978140349,0.0893749231472612,0.10226327005503316,0.3320585807013287,0.3245571703809276,0.2988490631031766,0.26095766957578803,0,primary_select
0.29771365225315094,0.139437148347497,0.14783432148396966,0.09943364933133123,0.09025028906762604,0.10677781949158308,0.3353775857609093,0.3263368165713132,0.2990782527845681,0.2591577420603812,0,primary_select
0.30072617530822765,0.14326807111501688,0.14991906099021438,0.101897269487381,0.0904434965923429,0.1047683256617801,0.3361333618811386,0.32612655599928075,0.29701024209475685,0.2547973590842502,0,primary_select
0.2783945146948099,0.13685742393136027,0.14783379994332782,0.09351016767323021,0.08188668545335542,0.0963841119209689,0.3319270928750199,0.3191894145111007,0.2900366132507485,0.2503676862815781,0,primary_select
0.28851826116442686,0.13762529939413076,0.1426665158942343,0.09181740507483482,0.08291591051965959,0.09409813788766995,0.3289291842007174,0.3141121242293252,0.28501749989624153,0.24838471804793016,0,primary_select
0.28325080499053,0.12582573108375067,0.13969329372048378,0.09709852561354645,0.08904855139553552,0.09722165467121609,0.32846653351464283,0.3117063500163795,0.28008557932355416,0.25637268351295006,0,primary_select
0.284726457670331,0.1320697441697121,0.13135429378598934,0.0899714240804314,0.08497641701251274,0.09258162929566534,0.33684327966423655,0.31780985231401354,0.2873579193920079,0.26124096988590395,0,primary_select
0.2714480310678482,0.12793354969471687,0.1310511436313391,0.0847578700631857,0.08424655254930266,0.09829971388882078,0.33899580229973475,0.3168528527856438,0.282246483573374,0.2594894134343235,0,primary_select
0.27120250277221203,0.12293439917266366,0.11370494775474076,0.07445403374731546,0.07895513344556096,0.10088766281543822,0.3373072660440073,0.31119432960687726,0.2766550100320444,0.2686512610787019,0,primary_select
0.24748663045465946,0.13212535902857783,0.13053790759295242,0.07919988501816988,0.08410850958898669,0.11788899359885363,0.34628923704508446,0.3186768386665335,0.2779907565716257,0.2620872007835261,0,primary_select
0.2742376904934644,0.12849744409322744,0.11200866010040049,0.07722673565149304,0.07886633649468426,0.1186934981051877,0.35179417501427684,0.3160382883179977,0.2756524543765977,0.2817712157521441,0,primary_select
0.2365206517279149,0.14104079082608234,0.11480790562927726,0.09072732366621497,0.07895448384806505,0.13714444796596578,0.3973821492031675,0.34233193817590285,0.2933719211355311,0.3065539353624444,0,primary_select
0.24273363128304476,0.14891587384045124,0.1248092222958803,0.09401564858853831,0.07527045905590056,0.12922426387815727,0.38517193012087597,0.3334552932545449,0.29462790377586145,0.31615332774966015,0,primary_select
0.22230069711804396,0.13753271289169797,0.12710049096494908,0.10007498366758236,0.08052176423370823,0.13627421218559727,0.3780950784276484,0.3250126057829021,0.2936059629137872,0.30746299508616903,0,primary_select
0.25006902962923044,0.1432993821799754,0.12291990779340264,0.09395707584917554,0.07649202644824997,0.12190969407254212,0.37026465430551525,0.31968710504168035,0.2966726452826834,0.31903785958581926,0,primary_select
0.23078463971614838,0.12885008007287985,0.09172767587006099,0.0862545827403665,0.07882709987461572,0.11224347392621317,0.3622405309468775,0.3168915979802875,0.2878320761263637,0.30979777539673126,0,primary_select
0.20206270879134527,0.15622547647217294,0.13302995869889836,0.10094464663416128,0.11734178615733973,0.13180104810527382,0.2378658398658331,0.2193277601174372,0.20908712553574557,0.24447210579893403,0,primary_select
0.22194371744990343,0.1256254389882088,0.09940452687442311,0.08122997544705866,0.0736683178693055,0.10563523133799882,0.35450466161177013,0.311064355052565,0.27456574512228826,0.29644105394885384,0,primary_select
0.19182028714567434,0.12276465247850868,0.1254206071607769,0.11149994190782309,0.12491581961512548,0.12790593221079397,0.23029102205991583,0.20857969341095373,0.19627864375006257,0.2246384880993874,0,primary_select
0.20406153611838823,0.07607338484376677,0.07373432104941449,0.0518500581383704,0.06387211289256799,0.12234492004532203,0.2858648380326091,0.26907858180962346,0.24936526953857235,0.2847660617964328,0,primary_select
0.2280698996037245,0.11891690641641613,0.11006290838122372,0.07445778883993626,0.07970471400767554,0.08325975384047976,0.33003831464282024,0.3054050933145618,0.27427862952879417,0.25562516781917566,0,primary_select
0.24919385090470317,0.11522091738879676,0.10535470582544809,0.07385843712836514,0.08518492872826752,0.08254338477493656,0.3260491402143373,0.3062765621835127,0.2777979583734407,0.2551499405199422,0,primary_select
0.24438721872866145,0.11314263008534917,0.10292307194322356,0.07335985917598009,0.0837395223788917,0.0855289409207955,0.31934858581897174,0.3013016432794585,0.27556638329204475,0.2515402557599202,0,primary_select
0.23881003819406033,0.1191368009895086,0.10801602713763714,0.07497505471110355,0.08349774172529587,0.08897031526529986,0.31509482543432904,0.2978226361747999,0.2731143372085114,0.24934478718304828,0,primary_select
0.23382066190242767,0.11912616435438397,0.11509916558861738,0.0779216354712845,0.08185315667651599,0.09701004309724226,0.30636698344866886,0.29074774740408316,0.2681638222388472,0.24134288972388165,0,primary_select
0.24013961665332328,0.11844948679208757,0.12714880611747514,0.08539883513003588,0.08431689732242385,0.09648192912808894,0.29543011874429215,0.2856494854810023,0.2655584053742074,0.23962168261877537,0,primary_select
0.24971832521259782,0.12028647959232333,0.12694988027215018,0.08723297901451588,0.08467122173169633,0.10709542583538219,0.2899024857939593,0.2824680729569308,0.2648380378992669,0.24208953313393522,0,primary_select
0.26838842220604414,0.1177946468815208,0.12417319975793378,0.08788106031715863,0.08201357501093297,0.11381432384621337,0.2951568650863691,0.28786079183589663,0.27080567803602656,0.24797945253919804,0,primary_select
0.2649471126496792,0.1202184176072479,0.14067252818495035,0.09417534433305265,0.07898126333020626,0.11382610421327391,0.28433690011200946,0.2836468776285414,0.26937937993255906,0.2460090841695432,0,primary_select
0.25400699861347675,0.11340698972344407,0.13985487911850208,0.09607816301286232,0.0790952444076538,0.11152067891484305,0.27850737719958824,0.28095570783293056,0.26839061192399066,0.24702051579183143,0,primary_select
0.2618068587034941,0.10882468055933714,0.12805575877428044,0.08945219963788988,0.07502757711336017,0.11670736613726254,0.2745828658253514,0.276347430600282,0.264013374401685,0.24452732893681173,0,primary_select
0.25437070615589613,0.11427856422960767,0.1468605268746614,0.10298300534486776,0.07517826231196525,0.11556021813655099,0.2770864995231647,0.2806730749120731,0.26827110480869004,0.2444937763770837,0,primary_select
0.26622769609093666,0.11086535174399616,0.14684648159891361,0.10200368799269205,0.07396548753604293,0.1100682076413193,0.2792546609763064,0.28735470123328355,0.27718686129637143,0.25605697095133445,0,primary_select
0.25394436903297923,0.11091851815581331,0.1464710226282477,0.10600411798804987,0.07349544763565055,0.11277606203250903,0.2791691688358071,0.2881631865634801,0.2786036539360168,0.2579102465420248,0,primary_select
0.25070915743708605,0.058043676428496775,0.11419624742120511,0.08114289771765466,0.07037516077980399,0.11362356836062301,0.2577120983422958,0.2748468337030374,0.2723203455479108,0.25400679329496245,0,primary_select
0.2579146344214679,0.12265765294432635,0.14242811128497124,0.09425197914242738,0.07407197542488575,0.12694710335250636,0.27871722011383326,0.2892577054959133,0.2829099672895268,0.26768184481676366,0,primary_select
0.21090613678097736,0.1153646446764469,0.13065369613468647,0.09380407072603703,0.08214904740452766,0.12807056100473352,0.2997790032754891,0.3065571708361857,0.295046929059481,0.2813287896792644,0,primary_select
0.24624630063772218,0.12497046403586867,0.1283739972859621,0.09188755601644516,0.08490484021604064,0.12844949399854505,0.31301758808817215,0.3193191811236318,0.30562655625666924,0.2857544440570052,0,primary_select
0.2318872250616551,0.12233468703925615,0.11966192722320548,0.08296052366495135,0.0847289171069861,0.1215606674970501,0.31295223054004845,0.31507906768931093,0.2998913292260283,0.2809077918948048,0,primary_select
0.22440005466341967,0.13850770331919193,0.13489114493131638,0.09449016861617564,0.09415198490023616,0.10934020298819262,0.33238870556752437,0.3353173816512084,0.3166311597387051,0.2928118808130478,0,primary_select
0.23204666003584862,0.14418978616595274,0.13613458257168531,0.09551795385777953,0.0871485555544496,0.11554928308879651,0.34367594307815347,0.3422615332395366,0.3192426701874069,0.29041438641553435,0,primary_select
0.2402746863663196,0.1614478938281536,0.15158808417618275,0.10721341893076905,0.09099752083420758,0.11519282321620494,0.3581784070580056,0.35228588628757507,0.3239543271361639,0.2914475641323974,0,primary_select
0.21228986606001868,0.15876945480704302,0.15428068954497576,0.10020873975008722,0.09996703220531339,0.10175284969325565,0.35494232403750914,0.3466555973764826,0.31463033186908257,0.28017654682214754,0,primary_select
0.17257721535861492,0.167378693819046,0.15752838808111852,0.09726776031311592,0.10674984776414928,0.1048972283123532,0.34204344010041154,0.3247106787847826,0.28484618092360836,0.23911856532967585,0,primary_select
0.22028570994734756,0.16848237812519073,0.16337644495069986,0.11144222598522896,0.09263288229703907,0.10548242213317854,0.3768190111417482,0.36099394256362416,0.3179386792157004,0.2671171001542518,0,primary_select
0.22198308259248725,0.15655855089426035,0.14088902063667777,0.10124965943396098,0.09394698776304722,0.09408342218264915,0.3625170079456268,0.3479494967894254,0.31125611564382877,0.2660749511258302,0,primary_select
0.1522283926606178,0.07318838778883216,0.07103632949292656,0.05571000836789601,0.05018775304779415,0.0595872357146163,0.20604560725701038,0.18278312791449017,0.16097480260145847,0.17436570130598736,0,primary_select
0.13056336343288433,0.0797588480636478,0.08009653119370341,0.059525105636566905,0.05612258380278926,0.0715574795350874,0.21279650516514437,0.18870795806576263,0.16421699439813148,0.17259885519449358,0,primary_select
0.1422271244227886,0.07982191257178792,0.07564922189340002,0.05575002031400797,0.053727359336335066,0.070317457644542,0.21003491918583708,0.1898986154518027,0.16257060945992655,0.17391298546483105,0,primary_select
0.14736797660589215,0.08173919562250373,0.07568035740405327,0.05551791936159137,0.05528284911997611,0.06532511638842207,0.20726329146317826,0.1908901823907314,0.1624879498257456,0.17349452397219506,0,primary_select
0.14694483950734138,0.0714544001966716,0.06471997220069176,0.045041993726044886,0.05342987086623903,0.053399750056172354,0.19176864160826307,0.17779328117748597,0.1546319714062462,0.1636830494054208,0,primary_select
0.14257927611470217,0.06922195595689132,0.06301067245658494,0.04867355665191999,0.0493634049780666,0.06687688302170618,0.1974994867194084,0.18403771518185866,0.16271930314522365,0.15336427358832333,0,primary_select
0.13151959609240296,0.05847792793065297,0.06247554346919046,0.051616029813885675,0.051988866180181524,0.08488575534882149,0.21544525885967403,0.2019347634354034,0.17574304269639635,0.1570887427964605,0,primary_select
0.12513432838022703,0.06424945604521784,0.06798800826072691,0.046143745072185986,0.046357926912605665,0.07320317643248583,0.1866211854482173,0.17177490162217168,0.14662693365031026,0.1430332373689964,0,primary_select
0.1302395956590771,0.062002451391890624,0.06778839533217251,0.0486776309553534,0.04432961251586676,0.0712304506414938,0.18638496636053492,0.17051622434159686,0.1437590145470011,0.1487462073528576,0,primary_select
0.13144717924296853,0.06486408738419412,0.06833149213343849,0.048170934314839584,0.04358099261298769,0.0668361576120446,0.18272558067320677,0.1681718312050292,0.14227645870624875,0.14160438746540646,0,primary_select
0.1339236572384834,0.06213979516178371,0.062757346779108,0.04725491139106456,0.04201845359057175,0.06562010083642626,0.1819503975689116,0.1666757788166109,0.14122693684247173,0.14446578339037322,0,primary_select
0.12903505191206932,0.05950469430536036,0.058854154311120614,0.046396572608500705,0.043124286690726724,0.06347635853013849,0.18302662110797024,0.16663264295927144,0.1418720092522249,0.14577745272687534,0,primary_select
0.13214509747922423,0.05658344225957991,0.05688307993113997,0.04479247191920871,0.04303551651537414,0.06278158885898215,0.17950370464014034,0.16473375049891095,0.14163351127417903,0.14259225198539122,0,primary_select
0.11882899515330789,0.05536128801759316,0.060035752132534946,0.04807233161409365,0.042759581003337925,0.06643309207714754,0.17955929591704478,0.16749662490479977,0.14408171921235174,0.13200460463843902,0,primary_select
0.12525539472699165,0.05817981844302259,0.06238268467131989,0.04516037544817662,0.04160742508247492,0.06427622588427083,0.17673870209063125,0.16667265780660045,0.1457821476021195,0.1233809408925594,0,primary_select
0.13864274416118855,0.06547104055061931,0.06363806151784962,0.04425897577311849,0.033728492679074254,0.05983054700236325,0.1798126689803184,0.16926620101484957,0.15222592062245616,0.1283948509201736,0,primary_select
0.14260150957852596,0.06037404248490926,0.06335250614210963,0.04620600095950069,0.03090094262734049,0.061093808118030724,0.17732520351536607,0.1687627532181891,0.15402945826180303,0.13114465583466015,0,primary_select
0.14629787206649783,0.05530588096007709,0.05994481174275275,0.04630635149078421,0.030678737442940408,0.06080606942389009,0.17431569322336313,0.167648030811435,0.1541537431939303,0.1315592300551742,0,primary_select
0.11477274354547262,0.05035134544596068,0.06241152854636299,0.0414219945669175,0.037785015068948366,0.07320807494095047,0.16513824004807992,0.15604604974517136,0.1356322849927238,0.12099299634003552,0,primary_select
0.13253139611333611,0.05467902729287731,0.05513093201443537,0.03824884165078396,0.02855005487799649,0.06437233615901047,0.1714911049767238,0.16451023272935567,0.14708730984244764,0.1201249364367527,0,primary_select
0.13900961447507146,0.05136157362721862,0.05053770216181874,0.037115577608346925,0.024284034734591883,0.06135585190206424,0.16427507476471706,0.15670978665873747,0.1396222446724806,0.11334247879274521,0,primary_select
0.125364150851965,0.04991523706121359,0.04994255001656697,0.03784524695947772,0.024568066466599647,0.05808670617260239,0.1502326390255035,0.14273599434092424,0.12734640560664434,0.10991385098166968,0,primary_select
0.11972310673445476,0.0521306353621184,0.05590865621343234,0.03939145326148726,0.029680427920538807,0.05942811391227558,0.15326516057453435,0.14398866246543202,0.1247188463536588,0.10561662795166162,0,primary_select
0.10797537025064236,0.05017078283708542,0.04974298828165043,0.04115270148031397,0.031493268441408845,0.06443300762613535,0.1532885965512066,0.13686984886000164,0.11611949141071412,0.11549870356385841,0,primary_select
0.11654062569141384,0.026509814430028113,0.03665633895434428,0.03000578499631939,0.026452923317265193,0.06801926992933889,0.15425321137432305,0.14033251468923236,0.1234006805242256,0.13184877103763698,0,primary_select
0.1150943338871003,0.05988676197011941,0.061311801488045534,0.04034000224783087,0.03502356517128649,0.06423857993608806,0.15622690789355434,0.14315456670779275,0.12122151176258454,0.12746595241291916,0,primary_select
0.11543278442695742,0.05606270860880598,0.06241625291295341,0.03963462344836459,0.033765513333491926,0.06477726525211822,0.16100426721801844,0.14977673609224948,0.12856668751170724,0.11820686299303407,0,primary_select
0.12820458272472024,0.03057807590812444,0.035347026074305274,0.029820621013641368,0.0279456628486514,0.07676580269776419,0.1841074568130807,0.17476701782129558,0.1596652162172631,0.13735241581730395,0,primary_select
0.11731197172775876,0.04820523085072619,0.05391918169334522,0.036399638978764394,0.029082571389153614,0.06428154347308628,0.15877690283737422,0.1468295448102736,0.1277826165423476,0.11135030771761473,0,primary_select
0.10395198012702157,0.04586122184991823,0.05286992667242871,0.03509012050926681,0.03149898373521877,0.06525254195315701,0.15337073484675998,0.14272818908335677,0.12466203149648428,0.10774867267588205,0,primary_select
0.1245865086093545,0.050927103264257215,0.05854486889438691,0.04481526487506919,0.03618609497789292,0.0546916859669295,0.1452417531029936,0.13801863851466573,0.12363696344920068,0.12197834139016103,0,primary_select
0.1294293790124358,0.0240123830735682,0.025538619142025695,0.027524381410330572,0.026766167720779714,0.06287126931048435,0.15242826276145388,0.14764032874874275,0.1362565927082997,0.11994480354398,0,primary_select
0.13589851371943948,0.04554750211536865,0.05465757148340342,0.04385566315613685,0.044898388558067374,0.06959543511462835,0.1697130255009469,0.165468963848376,0.1506630983743307,0.13781170820160324,0,primary_select
0.12492148391902445,0.05085204262286429,0.05445319344289601,0.043385412544012104,0.03835298446938398,0.04938765736295632,0.14117921823634572,0.1375862574670351,0.1278136934153622,0.13432952696456363,0,primary_select
0.1278157601045677,0.03838010283652676,0.05013325321488071,0.04845520446542649,0.05325088812969619,0.07331162585590782,0.18098505783540011,0.1752328468644321,0.15892007014893755,0.13948419935356066,0,primary_select
0.12646230822429066,0.05554318311624222,0.06838056410197166,0.04236912517808382,0.039533133676741286,0.06298177657163243,0.15852269026936477,0.15515766900944064,0.14505129671169914,0.13474574746078352,0,primary_select
0.13651095237582928,0.05767884152010086,0.0606269519776106,0.042914842255413393,0.041050059720873874,0.04485657843214596,0.15230014905718284,0.15137575226289354,0.14335175263148875,0.13253531357658224,0,primary_select
0.12900633597746491,0.05627520522102716,0.06641671760007722,0.046480651712045136,0.05193283373955632,0.05890942775515375,0.1669127779001229,0.163119389295005,0.15214023008813612,0.13786537284833855,0,primary_select
0.10905495844781393,0.05480567412450901,0.07070267107337705,0.047635188734602686,0.0519784330390393,0.05062767984827591,0.16154885030800872,0.1626145222176092,0.15193625783422254,0.13703275314082927,0,primary_select
0.1345215337350965,0.058087505865842076,0.07517717033624646,0.047844415064901134,0.038725173406419316,0.05726487860259503,0.14832840608256953,0.1586315583420088,0.15364127389445056,0.13720623965376427,0,primary_select
0.13184081669896852,0.06295190285891296,0.07313335919752709,0.049812787823611704,0.039740577107295276,0.05870244842276393,0.14313563793643877,0.15255518113940514,0.14981922960237162,0.14340900005095122,0,primary_select
0.13994834013283253,0.057017088984139305,0.06790741230361165,0.05047930660657594,0.03730121941771361,0.0665579811328598,0.13358680991302663,0.14636214199788358,0.1513516565909186,0.1510111760006794,0,primary_select
0.14005061425268656,0.05922384327277543,0.06662238622084271,0.05251668067649,0.03943328652530913,0.06949172116604524,0.13752117933493938,0.14865299401593288,0.15420176176142775,0.1552843399697253,0,primary_select
0.1492707915604115,0.057824221439659554,0.07698995945975187,0.05774406809359774,0.04362143157050002,0.07575982793858307,0.13803863603314417,0.15262628936832812,0.1595846170901325,0.15929563048919698,0,primary_select
0.15734573500230906,0.06631085649132726,0.059160644188523265,0.05958766117691991,0.05332927033305168,0.0733932051830663,0.2114349207863881,0.1991080283210351,0.1811572178289963,0.1571148238167836,0,primary_select
0.15822656196542084,0.06278666382422662,0.07734900945797558,0.06582066044211392,0.06779270758852365,0.09801110484064866,0.2208791339803921,0.20758337456160533,0.18737860651114333,0.20314126623221984,0,primary_select
0.1540783941745758,0.06753016891889278,0.08050106419250375,0.05727316578850152,0.05494638340314858,0.061419092584813456,0.17540004267398496,0.1680224416781612,0.14850672055077033,0.1539321173917898,0,primary_select
0.1621631841408088,0.07105267420411096,0.0888622542843221,0.0626853699795902,0.07153751561418158,0.09678307108262628,0.24066322073193186,0.22550839148314586,0.19589783144036227,0.17666770601792328,0,primary_select
0.1620835857465863,0.0739940209314226,0.09247039956971993,0.05082847806625075,0.055707878433167886,0.0793818499550269,0.21119544621258507,0.2002054919831408,0.1825989918906287,0.16075947169512966,0,primary_select
0.15364033961668613,0.0752431647852062,0.08960017142817372,0.05093821184709678,0.05279791967768688,0.06424823783277127,0.19772358557270303,0.1957655809080734,0.17895926341475385,0.1486713260808301,0,primary_select
0.168786189518869,0.07540835821419015,0.08811379084363563,0.06209425546694543,0.04451343778055155,0.08360636084259446,0.15363844363449175,0.1726922459070294,0.1780231085271851,0.1768607319231421,0,primary_select
0.19595609419047827,0.04960554465651495,0.034185026772320035,0.030679082032293057,0.03029274498112505,0.06942674373198088,0.16561485971402587,0.1850530566189831,0.19263062584292354,0.1903479539797103,0,primary_select
0.18673492595553395,0.07284312217961983,0.07882591779343776,0.059684335719793986,0.048272282583638915,0.0856886527649152,0.15935962326740585,0.1808944143672449,0.18630544707094998,0.18819313944867128,0,primary_select
0.16745257284492251,0.06553195742890236,0.07449589855968948,0.06037218449637297,0.04465352650731802,0.0915216649122783,0.14044114474060623,0.1599772613667198,0.17067478030773486,0.17497449127810683,0,primary_select
0.19833366386592383,0.05594821553677314,0.07208208506926894,0.06449871091172109,0.05220150621607896,0.08164522310428876,0.1475905084767247,0.1592730873049105,0.16472739658959762,0.16524545501627586,0,primary_select
0.19713576696813104,0.024056258611380936,0.03919886774383474,0.03788382932543755,0.03519986849278218,0.08078900828584776,0.15513820749148968,0.17373628810420874,0.18207192317024123,0.18657171715423704,0,primary_select
0.17854842450469727,0.057114891475066404,0.07217025069985535,0.06411183832096871,0.04358950816094879,0.07507673248872485,0.14886148559637027,0.16355875129121958,0.16354067201135083,0.160770098382983,0,primary_select
0.1508677671663463,0.09780880017206081,0.10726416856050486,0.07785014994442471,0.07067660242319114,0.06688950228341634,0.19718744437047056,0.1963894382941049,0.184669604234628,0.16263110347860274,0,primary_select
0.17424001637846234,0.07688719592988497,0.08620430715382099,0.06855794414877889,0.06679183617234233,0.0705772870157943,0.21067157377797222,0.20586570342379668,0.18932022889453037,0.17952069630223372,0,primary_select
0.17883809655904762,0.08605584315955644,0.09319475479424008,0.06997027248144148,0.06985674612224094,0.06721051997263315,0.21568713552076696,0.20815115264375086,0.19104227079768063,0.17806006530989285,0,primary_select
0.17174502834677702,0.08487647399306297,0.09591199364513164,0.07212472520768641,0.06804276723414666,0.07933492060644193,0.20683773640436695,0.20148462556196015,0.18494397807759802,0.17293402399761248,0,primary_select
0.17709217406809336,0.08885656390339136,0.09931553620845077,0.07777264527976506,0.07369160931557418,0.07090033718664296,0.21420382370520485,0.20922575925756345,0.1928024397911514,0.18140080140251763,0,primary_select
0.1833536475896835,0.09225424285978073,0.09859725739806896,0.07264969963580373,0.0732307313010097,0.07449000988913207,0.21608171620232494,0.21328361340624716,0.1986074243561688,0.1785091488511625,0,primary_select
0.17713112011551857,0.10424464754760265,0.1084382208064199,0.07813816424459219,0.07164006773382428,0.07538896832994621,0.21528652530543008,0.21289417460940277,0.19949804373464985,0.1813480764292876,0,primary_select
0.17187755368649962,0.0818764353170991,0.09537214227020738,0.06659466866403813,0.06262438092380761,0.08811943508868579,0.21267942335640552,0.20891218535786035,0.1951541807148373,0.1757766352612293,0,primary_select
0.17627850174903867,0.08840669691562653,0.09180763456970456,0.06594344414770595,0.06304231379181147,0.07291728184628704,0.2139841217647813,0.21133581196028212,0.19655585401761755,0.17362732459861255,0,primary_select
0.1716672088950872,0.08526770025491709,0.0871442938223481,0.0568606248125434,0.05682094837538898,0.07981754142355156,0.21368002939533426,0.20522521763604115,0.18903735141765304,0.16873223196279238,0,primary_select
0.16431519854813814,0.09460189426317805,0.1067390413954854,0.08073737192898979,0.07316681323572992,0.05800267918435507,0.2197329914609867,0.21161919882921154,0.1868364881205338,0.1832598769518511,0,primary_select
0.1756787188351154,0.0908695282414555,0.09726168680936106,0.07246764935553078,0.06932715512812135,0.06176135637241492,0.2301550679318894,0.22104325373101108,0.19675915357100843,0.19203409966456772,0,primary_select
0.17483625933527946,0.09076574444770819,0.09472196316346526,0.06859133113175625,0.06356359831988809,0.0623754712280373,0.22730713360873267,0.21379113825899765,0.19023811095324553,0.1777036378618816,0,primary_select
0.17322955466806889,0.08514641225337988,0.08026406448334462,0.05752127058804023,0.05698434077203277,0.06069940943652334,0.22354454417163083,0.20728837661826546,0.18538277838760558,0.17154266462111423,0,primary_select
0.17462358251214027,0.08417232427746058,0.08042512927204368,0.05511385574936872,0.048005620948970214,0.0664665208801267,0.2218025982051727,0.2073667928248283,0.1857731597169873,0.17152876813408108,0,primary_select
0.17577411793172368,0.08419010974466806,0.0782410725951195,0.05583252757787689,0.0485187675803899,0.06497083508234877,0.2249030982778635,0.20788452864449883,0.18721526951354406,0.17252568059426193,0,primary_select
0.1745869368314743,0.08291729167103762,0.07834183564409605,0.05099855177104474,0.049189254874363486,0.07068066969384282,0.2370763562606725,0.21982594365124433,0.1971798405969593,0.17289084913079472,0,primary_select
0.14770754240453238,0.07803554227575665,0.06484765908680852,0.04013249697163693,0.03433263604529188,0.08216770778557247,0.23190119390523015,0.20810446206627373,0.181424166477825,0.15780977479329286,0,primary_select
0.15961483493447307,0.08733451366424558,0.08055872889235616,0.05457204487174756,0.043795374920591705,0.08773149198763965,0.2408707591044248,0.21207269255914696,0.17699776983731383,0.1783862106772603,0,primary_select
0.1510814838111401,0.07580277975648649,0.07896676659584044,0.05609122477471826,0.05160101153887805,0.09103435574206734,0.23032431693854957,0.19649280903968241,0.17997726442399647,0.18891586659583479,0,primary_select
0.16409593075513842,0.08108096197247505,0.08427099324762818,0.06311571039259446,0.05787227675318721,0.08771522371966956,0.24004536150891906,0.20644397131104592,0.1887476326053275,0.19945605500538477,0,primary_select
0.15478118322789675,0.08393276762217287,0.08865396585315467,0.06280514691025023,0.04991004243493078,0.09109658003903573,0.23703459185666978,0.1985090961784834,0.19202656020529216,0.1992407981411332,0,primary_select
0.15572690963745117,0.08243615180253971,0.0827524187043309,0.06445507705211634,0.054907155223190694,0.0919316676852588,0.2411433202621822,0.20117860244934604,0.19825827194725318,0.20579501478349008,0,primary_select
0.15323521196842196,0.08781232591718442,0.083295416086912,0.06121665891259909,0.05517775099724527,0.08849673082400493,0.2341027019294017,0.19698123370577036,0.1922288156794423,0.2011132493363732,0,primary_select
0.17106262221932408,0.0990735534578561,0.08833958394825457,0.05847999546676878,0.04716604040004305,0.08879687510952299,0.2592351815156632,0.22901126057431032,0.19087344095632364,0.2008839525707059,0,primary_select
0.15715086273849024,0.08591454569250345,0.0711794411763548,0.0485301297158002,0.044726663938490535,0.08639724065758961,0.23136893079825419,0.20684003436215903,0.17921068498142745,0.16879477563523437,0,primary_select
0.1617532791715347,0.05382574937539166,0.03610000782646228,0.019654798787087174,0.025989296613261024,0.09167807443660435,0.21180102426373185,0.19832409836166318,0.18197028582730118,0.1719994334206057,0,primary_select
0.17423782963305717,0.044109325594035804,0.05196519638411702,0.04300152603536838,0.033142772270366404,0.09421221746265818,0.21694876113656034,0.20223117948375702,0.17992117654398143,0.17154059905692878,0,primary_select
0.15274915378540754,0.07229141891002658,0.07827643491327767,0.06310490891337381,0.04292728472501035,0.08963259772185937,0.1827521510121669,0.1817103810307827,0.18870734699790143,0.1865889131722297,0,primary_select
0.14503623265773075,0.036074133589863736,0.017919626086950274,0.009866976179182503,0.03311719326302402,0.11907738417173158,0.21480738434726718,0.1867659955077841,0.15914365991736193,0.15808911172459253,0,primary_select
0.12183176726102818,0.09290046710520972,0.10609978064894678,0.08101575262844563,0.06106076668947941,0.11246924041491012,0.22331537152361142,0.2356955626485869,0.23333563781064,0.21958102783840155,0,primary_select
0.11151707172393788,0.07220749882981187,0.08187079522758728,0.06126252142712472,0.049630289897322516,0.08451614478035191,0.1985064632761321,0.1702489149327419,0.1778817981983565,0.1731167188416265,0,primary_select
0.12690606527030462,0.0813842583447695,0.07499376591295012,0.056202386505901654,0.048086252994835196,0.07626560277743968,0.20997526816530848,0.18332580144955551,0.17144108743845246,0.17358369141324198,0,primary_select
0.13100910000503058,0.06495636212639498,0.07593987369909874,0.04563754796981818,0.040502605028450475,0.07734946433617994,0.19313264901586524,0.18540229143411568,0.1647832389718359,0.13354340482339913,0,primary_select
0.1276555461809039,0.059816665481775916,0.07289510034024689,0.0462718959897755,0.0326448188861831,0.07624527331961416,0.1848957283929166,0.1724488727323886,0.147227313047665,0.13166389122659425,0,primary_select
0.12316046655178073,0.060353888198733205,0.06778557086363424,0.044185863225720906,0.03287600527983149,0.08105839379850016,0.18821226469454186,0.1728336037064793,0.14619634988930846,0.13110365301118065,0,primary_select
0.1223102286458016,0.050233443267643466,0.05829791352152821,0.03963630320504295,0.03422130516264603,0.08313358126399334,0.18290658464464116,0.16352956166299745,0.13466816122452477,0.13701330329566014,0,primary_select
0.1402889005839825,0.05613163090310978,0.061536148656159695,0.047391267493367195,0.0364302284433505,0.08479929796403224,0.17450158588571424,0.1439554806517619,0.14486617140455132,0.1481181894147951,0,primary_select
0.14856303110718733,0.05946610961109399,0.06513360701501378,0.05090429447591307,0.03649019403383151,0.08077638165115535,0.17292367142646725,0.14741096400677378,0.15428200026064337,0.1541335241591853,0,primary_select
0.1526952357962729,0.059017724357545424,0.06906086811795831,0.05606073234230283,0.038283836096525095,0.07748334835068245,0.16690457219974061,0.15295930792362353,0.15828746164933705,0.1563569733758355,0,primary_select
0.16069412045180798,0.05854254355654127,0.06536764884367582,0.05433120578527449,0.036924128420650994,0.07884162047854207,0.17241604801243673,0.15197913803136487,0.15800785914039744,0.15790431190258394,0,primary_select
0.1455339267849923,0.06538095837458968,0.062395076733082575,0.04822055622935299,0.0333440899848937,0.07055558693598117,0.1816093093809029,0.1590854889806649,0.14052829203198763,0.14731618818829864,0,primary_select
0.14606662932783365,0.0760427163913846,0.06933897806447938,0.050805176259018536,0.03350179083645347,0.07966389131600236,0.18894834254736276,0.17055229673844957,0.14939685384145207,0.14613614228422026,0,primary_select
0.15522161126136788,0.06715562846511622,0.06670063990168278,0.052414755104109555,0.03911897749640043,0.05994032250197275,0.17666707952918162,0.16094021542409104,0.1419880226854388,0.12942534355858015,0,primary_select
0.1446292987093329,0.07065882347524147,0.07624275749549256,0.05406572553329154,0.04156175279058498,0.07217030186430409,0.19275042734815886,0.18210616608857322,0.1586543807644318,0.1358069775741625,0,primary_select
0.1656307065859438,0.0644901720806957,0.06554528325796126,0.05488294642418619,0.040379183366894625,0.05999541413432044,0.18099598531073013,0.1684958808163372,0.15326858908331073,0.13781860229020979,0,primary_select
0.16566741466522222,0.0636765426024794,0.06583949131891122,0.05058605130761859,0.03960041841492051,0.050970438512422334,0.18162695376054214,0.1734294445425348,0.1585291247986333,0.135465551743664,0,primary_select
0.17093468829989442,0.06968221627175808,0.06755667668767269,0.048821336124092264,0.03808975080028168,0.05412323272325639,0.18232795095541113,0.17655619361907773,0.16390277410395976,0.14345836418219435,0,primary_select
0.16524883918464184,0.06923942267894745,0.09036388527601957,0.05818108841776844,0.05335186910815535,0.05982186013591214,0.20303455667328763,0.20188407433909106,0.18666029089820313,0.16319364981484333,0,primary_select
0.17087233811616903,0.07611913979053497,0.08938460052013386,0.055725460872054156,0.053796350955963114,0.06270043244850852,0.19442808879804827,0.1938535633523486,0.17951856060219026,0.1570344778735659,0,primary_select
0.17338534258306032,0.07364624505862594,0.08278884598985316,0.055402875877916834,0.05388964293524628,0.06840460998614611,0.19274941943263002,0.19191575627451135,0.17995622167040892,0.1586163795520861,0,primary_select
0.16734395269304514,0.07768476242199542,0.08875868283212192,0.05878414353355776,0.05484795081429183,0.06645600434688957,0.1924347559206012,0.19168254949448738,0.18004934007598192,0.15917769570199883,0,primary_select
0.1289041917771101,0.05941070010885595,0.07256588246673343,0.058421464636921834,0.048069068230688544,0.08540422730088429,0.10099724335536563,0.12447439953625403,0.14047776982128818,0.15249053370148138,0,primary_select
0.14152190927416086,0.058961342088878,0.07047436805441964,0.0582811394706368,0.05546572292223578,0.07813787068522515,0.140616126551265,0.154573121766532,0.17011917828864398,0.18181244171506705,0,primary_select
0.1516222306527197,0.06485491152852774,0.07862350903451443,0.05536825209856039,0.05106582585722209,0.07574435588073669,0.15698923016068278,0.17079953974214127,0.17371189160373748,0.17126928022232588,0,primary_select
0.17880193330347532,0.0776639506220817,0.08721367269754424,0.07248278148472315,0.06676235049962997,0.0565411706075789,0.21483267625726477,0.20624058289386046,0.18777464670993108,0.1764035892293574,0,primary_select
0.19306400045752523,0.08443515188992018,0.09106615930795671,0.07567063346505176,0.07043253630399704,0.05828524009073981,0.2161914985695006,0.20444888622249383,0.1808722801574589,0.18243540824140317,0,primary_select
0.19923575967550272,0.0889733880758286,0.09496844932436949,0.07470970600843435,0.07004394195973875,0.05948337193684947,0.21957808014111885,0.2069792228575267,0.1821089221920289,0.18216834988551509,0,primary_select
0.17735592834651473,0.1452054232358933,0.15054993331432337,0.11660066619515419,0.09416169673204416,0.0646660868796402,0.22420537106421526,0.21248132370141093,0.18556053943660794,0.20190301917222084,0,primary_select
0.19286416098475465,0.13774767518043524,0.14680990390479565,0.11427934840321538,0.09200345911085606,0.06782371764356289,0.25610029910976084,0.24998001781577264,0.2255679204064051,0.21090668653422986,0,primary_select
0.19232179038226604,0.14277667924761767,0.1553342845290899,0.12095111049711701,0.09608525037765499,0.07590981896632337,0.27085529405289316,0.26291085730903774,0.234615049768621,0.21096426199787283,0,primary_select
0.1947078816592693,0.13677263073623186,0.14489000663161283,0.11539773643016811,0.09460330940783022,0.07460213516807811,0.2693378689602638,0.2641935615704084,0.23923565511560693,0.2079019757822777,0,primary_select
0.18528367020189765,0.14573862776160246,0.1614485010504723,0.12610202468931678,0.09862435795366761,0.07572730512953282,0.27150518515742295,0.2660750753585147,0.2395253244195032,0.20305225321686746,0,primary_select
