0.2915455531328916,0.1625760570168496,0.17981102503836155,0.13089743629097933,0.20549818873405462,0.08917646461847535,0.27599170969548925,0.25182330587628593,0.23295086042705287,0.2506785521072458,1,secondary_select
0.2907855231314897,0.1332624293863773,0.16151784919202333,0.12076671048998829,0.2138480842113495,0.09525069494492298,0.27161699247307064,0.24806578357464554,0.23183323901838546,0.25256226298159845,1,secondary_select
0.2844568062573671,0.1308503262698651,0.14605993684381247,0.10551316663622855,0.20802675373852256,0.09301595793581896,0.25590487787044924,0.23254796428150826,0.22604843446529796,0.2480506564817517,1,secondary_select
0.27772551216185093,0.13247268274426455,0.1429131180047989,0.10904376208782202,0.20043199323117739,0.08854324669121635,0.245524727930416,0.2224271122413768,0.2152304269420994,0.23996438012002833,1,secondary_select
0.2638687929138542,0.11941771331476042,0.13718342920765278,0.11584261246025568,0.181478307582438,0.08632108659097064,0.23310949714235105,0.21328966921740283,0.20019904893436538,0.22967236765273916,1,secondary_select
0.2705801390111447,0.1536555560305715,0.17317256983369586,0.14517365209758282,0.20033342577517027,0.0887474965681747,0.2671958746766165,0.24327274024537357,0.2291201286395505,0.24611746225556885,1,secondary_select
0.26081197429448366,0.1478539519011974,0.172195041552186,0.13770410604774952,0.19993433542549613,0.09242313638378614,0.256456796117618,0.2320851628114724,0.22559819933076136,0.243429722302153,1,secondary_select
0.2715360056608916,0.1366174826398492,0.15681839175522336,0.11673008091747761,0.2025077193975449,0.09498543290274587,0.2591840671174452,0.23169444871919598,0.22344943506496404,0.2414358760960624,1,secondary_select
0.2769535519182682,0.1369881108403206,0.15853803418576717,0.11297572031617163,0.20717032253742224,0.09733709703877477,0.26553237449124356,0.23605973470702676,0.228422965963631,0.24382454540327098,1,secondary_select
0.2720629945397377,0.13973549567162996,0.16501104831695565,0.12669338658452034,0.1982342489063739,0.09688019350812735,0.26491486065731346,0.23985467822001275,0.2230439406697541,0.2397401925985605,1,secondary_select
0.269649213179946,0.145358394831419,0.16510365344583988,0.1269492655992508,0.1971525941044092,0.09561848210825011,0.25881181786490964,0.229951816971436,0.21755695099665212,0.23209241348041582,1,secondary_select
0.26389951631426817,0.147308555431664,0.16170037351548666,0.1204229593276977,0.1890415567904711,0.09697766421732003,0.2541096592917711,0.22507520771023337,0.21522669686373772,0.22919262951609196,1,secondary_select
0.27111521735787397,0.14833026379346856,0.16647412441670897,0.1268146075308323,0.19246684946119785,0.09795366164235013,0.25490152772454155,0.22802282247630495,0.21547809924868483,0.22981506336418533,1,secondary_select
0.2629508525133133,0.14520227257162333,0.16070047114044428,0.12012801226228481,0.190659367479384,0.09458881236267293,0.2497252215783021,0.22133617374700518,0.20921369727355446,0.22413551333946197,1,secondary_select
0.2380409659817815,0.10077693406492469,0.13224034104496246,0.10795816779136659,0.19560323283076286,0.09180835145139096,0.2056031811478078,0.17840706440233584,0.20218740007453553,0.2134061527865469,1,secondary_select
0.22815622575581074,0.09072694135829815,0.12372877914458512,0.09385187551379198,0.18410407379269594,0.09000606216886801,0.1969681809323446,0.17124286141643097,0.19349948443868922,0.20647693366208836,1,secondary_select
0.20630222791805866,0.08722886553732676,0.11730372929014268,0.09114497387781743,0.1735601592808962,0.08567929398569155,0.18130378491778737,0.164905283277136,0.18390664588960695,0.19491481958257842,1,secondary_select
0.1978578041307628,0.08896268112584937,0.11260350252268839,0.08938521659001705,0.17047091666609046,0.08297682220495511,0.17885057961188972,0.1591104657729829,0.1770557038710194,0.18665942635766442,1,secondary_select
0.18368997657671565,0.08279770752415053,0.11683352792169896,0.08776537887752059,0.16993290465325117,0.0806385058702972,0.17096780950407714,0.1632916652623635,0.17974241066519872,0.1884680938700284,1,secondary_select
0.19827016163617367,0.06991281092632563,0.09507923037745059,0.07428865646943453,0.1569523988291621,0.08007779652729141,0.17941108269627648,0.1605126988656024,0.1706094972836922,0.18787023919179544,1,secondary_select
0.2111814729869366,0.08616957371123132,0.10463846847414969,0.07892861124128106,0.16939396783709526,0.07917078492150148,0.1902666462204649,0.1706383479844078,0.17739714310422974,0.19502490666613423,1,secondary_select
0.252671079710126,0.14418783597648147,0.15912505891174078,0.1133490204811096,0.16870666854083544,0.07323839956470124,0.24435305663891418,0.23266473015345926,0.2080542954946338,0.21097069302149402,1,secondary_select
0.2401486504822969,0.11624019872397187,0.1382537921890616,0.10031945072114462,0.14145626313984397,0.07396044285593462,0.21649207530168718,0.2056831604018612,0.18212733493743377,0.1889931865185303,1,secondary_select
0.24096908699721092,0.12508519343100485,0.1431225803680718,0.108279443345964,0.1946863820776344,0.07002424700181109,0.2309733461122505,0.22309529893095706,0.2071066952310047,0.21449447302143193,1,secondary_select
0.23897343128919607,0.11565508553758257,0.1346979909576475,0.11193223763257269,0.19701074995100504,0.06858182889692442,0.23116844105817327,0.22433104696966663,0.2070260076346244,0.21080838893823278,1,secondary_select
0.23501484654843807,0.11136646405793726,0.13127919426187878,0.1023915875703096,0.18944196309894318,0.0710867016525754,0.22523331683555622,0.21848362422974787,0.20423271757977093,0.20993424923585732,1,secondary_select
0.23422355484217403,0.09484391519799812,0.11359414440812535,0.08010258758440617,0.18719318043440586,0.09024355492829271,0.23797075844095159,0.2287291787001777,0.21414876894368717,0.20772611468373725,1,secondary_select
0.2384305400773883,0.09709885972551995,0.11715801653917872,0.0831883412320166,0.18557740468531853,0.08704597718089245,0.2373949172347095,0.2295892881834191,0.2117094584368857,0.2048807873484435,1,secondary_select
0.23602003324776888,0.10059241473209118,0.12252584309317172,0.08843725360929973,0.187517497688532,0.07582224581531696,0.22237485893677442,0.21407418257697938,0.19989184990666323,0.20726130299411238,1,secondary_select
0.23953928519040357,0.07716982020065187,0.11243329755961896,0.07983412360772482,0.1762281730771065,0.0914870344990105,0.24165749848324936,0.23085884908650206,0.20963153410266952,0.2129453274377795,1,secondary_select
0.23884225450456154,0.08385540777817374,0.11537172505632046,0.08142385911196474,0.189899854362011,0.08148378768723313,0.1964105035343379,0.17594321101691426,0.19605311734389366,0.2078813489691526,1,secondary_select
0.23886285722255718,0.07926643313840037,0.11130443727597603,0.07599302195012564,0.19903153833001858,0.08875853364952485,0.2035596643727331,0.1796300153400807,0.19970095699318335,0.2186188947562186,1,secondary_select
0.24078791402280342,0.08125032024690881,0.11260543251410132,0.07567048445343967,0.20393743459135294,0.09238290233574273,0.20576713140857797,0.18105902481860872,0.20507146796248316,0.22134931856803064,1,secondary_select
0.26235752180218697,0.08404532447457314,0.12364047951996329,0.09166030585765841,0.21062532998621464,0.09416139237058017,0.22597940377366393,0.20280602499317985,0.21335399634611454,0.23286018073034134,1,secondary_select
0.2566237356513738,0.08532580919563777,0.1235267277806998,0.0887302299961448,0.208184914663434,0.09470999536543441,0.22045845088987895,0.19713449028759547,0.21302640640615772,0.23197968227296425,1,secondary_select
0.25256410799920553,0.08902816753834486,0.11637495830655101,0.08143755048513412,0.19958542659878742,0.08809174853263356,0.21928052022008152,0.19781987811325047,0.20711629907486895,0.22778045455811474,1,secondary_select
0.24283176194876432,0.09638701565563679,0.11420292966067791,0.07444687187671659,0.18319597467780108,0.08369865940539963,0.2273047754692925,0.20452268814324265,0.1950800160097969,0.2150574235397471,1,secondary_select
0.2391211548820138,0.09230240155011411,0.11311356537044054,0.07997434400022024,0.19192885234951973,0.075338200292407,0.21420424859863374,0.19458021186184732,0.18593921475005004,0.20679844692241994,1,secondary_select
0.22963944450020785,0.09198535885661846,0.11384727992117408,0.07860083598643545,0.1824503634124994,0.07885150839268817,0.21607582219570523,0.1977706592965091,0.17972986721127873,0.1990345608878101,1,secondary_select
0.23061859048902986,0.08757333829998967,0.11190296523272987,0.08007055986672638,0.17870147433131933,0.07727502078972745,0.22104153015874314,0.2027595730241387,0.18011497033052135,0.1993825591843574,1,secondary_select
0.2274759784340859,0.09832068346440784,0.11883497331291443,0.08194763958454139,0.1652275603264571,0.09001428972061373,0.23100564035649995,0.21139775834109284,0.18930362130578252,0.198496607719619,1,secondary_select
0.23156117089092737,0.09276704024523495,0.1082889060489833,0.0769050265662372,0.15966711100190867,0.09226806314596553,0.2254412597225012,0.2057863184430601,0.18530432965540905,0.19588758742371232,1,secondary_select
0.22610804811120028,0.10215845704078673,0.11796400696039203,0.08617410622537143,0.16101433988660582,0.07991326223960012,0.21320044990530101,0.19024896617879955,0.16958997953584287,0.1885121604045281,1,secondary_select
0.23792777955532074,0.09696205891668792,0.11487713828682897,0.08341765962541102,0.15813181269913915,0.07760829421707166,0.2192978424859859,0.19856045710869813,0.17804640661009333,0.18658096007087005,1,secondary_select
0.23588579706847662,0.09876455925405037,0.11445952299982312,0.08214368857443335,0.16134235169738542,0.07797385383749147,0.2188288085570349,0.19783182911926642,0.1769578773936046,0.1876713345235003,1,secondary_select
0.2409054581075908,0.09952887147665025,0.11627975665032855,0.08039789553731683,0.15946269221603881,0.08120567600913368,0.2242377518463882,0.20185194786377275,0.1791724820408973,0.19002994958050573,1,secondary_select
0.23874473571777347,0.09757012035697704,0.11363300122320653,0.07981596235185857,0.16452629864215856,0.07970657881460842,0.21699404373876516,0.1944956382002657,0.17467943981401382,0.19184413489065819,1,secondary_select
0.2298656962811947,0.09058402106165891,0.10653407871723171,0.07010747678577914,0.18255531229078772,0.07947618486952024,0.20674417885612684,0.1828352135665341,0.17867694954048827,0.1965827492124958,1,secondary_select
0.21919327042996886,0.07730282191187146,0.09256957191973914,0.060412544757127776,0.185102928429842,0.08098970508578408,0.1939532297328412,0.1723351577893197,0.17968765056136243,0.19994873149695988,1,secondary_select
0.1802788274362683,0.0732990303076802,0.09103802824392913,0.0620777015574276,0.18027455173432827,0.08542840989093753,0.20181120824281604,0.18747638989452756,0.18753006323959193,0.21466842448126044,1,secondary_select
0.17531446437351408,0.06854004785418497,0.08771809411700793,0.06376770650967947,0.19083807989954943,0.07610535673123299,0.1962172153380094,0.18067680026612706,0.17552456427623037,0.20154249416921735,1,secondary_select
0.18339500622823826,0.06521506095305071,0.08624428184702973,0.06525035575032226,0.19176151789724827,0.07113258204546467,0.19443920218262178,0.1763212155631492,0.17326450430911675,0.2031563864008774,1,secondary_select
0.18226684629917145,0.06448844959959375,0.08071503578685223,0.060832548886537455,0.18875186238437894,0.07169124543133867,0.19266122380804512,0.17580801259327933,0.1688677795550575,0.19952547609273094,1,secondary_select
0.19100199546664967,0.06603490980342014,0.08467478503007433,0.05969136673957115,0.1855887193232775,0.07114302920732016,0.1892285231072889,0.1732960577859046,0.16560185323092463,0.19647703035357714,1,secondary_select
0.20622080564498896,0.06935024540871385,0.08855190360918633,0.05568207427859314,0.1667731581255793,0.0683658420189204,0.19816995310475244,0.18958514687483324,0.17839554688771378,0.18988768282224555,1,secondary_select
0.21817014552652836,0.08316780999302852,0.11100984457880265,0.07970864605158565,0.1649567112326621,0.0698581176318953,0.21399065539918638,0.20353730362586467,0.19058765438131783,0.18667086274109587,1,secondary_select
0.2125016674399376,0.09948427788913247,0.11907953675836327,0.0957212252542376,0.15888652764260772,0.06898058141607064,0.21300156536537426,0.2006508673636916,0.18706291197824496,0.1814880886210801,1,secondary_select
0.2101792339235545,0.09837443940341466,0.1150635629892349,0.08528680726885798,0.16096324566751707,0.07311984529772518,0.21942316746392973,0.2031551320669961,0.18668989842811345,0.18547499837407597,1,secondary_select
0.2165100201964378,0.09851125627756119,0.11974493972957126,0.08659224957227711,0.15294176992028957,0.07307459721906184,0.2199283235762834,0.20341389375371932,0.18516111495537757,0.18138225405110114,1,secondary_select
0.21584840118885046,0.09804215282201764,0.12154330965131524,0.08603832218796012,0.15225479565560818,0.07324728045293219,0.21406530636974705,0.19655814535596508,0.17769095070340757,0.17931472930737868,1,secondary_select
0.2169135231524707,0.10555375181138521,0.1254221368581057,0.09709131903946407,0.15504457708448172,0.07245989189044615,0.21872869551674504,0.19878336459890986,0.17858054906622559,0.18243260819957635,1,secondary_select
0.22522835060954094,0.09981073811650275,0.11710360180586575,0.08555431570857765,0.16731585096567872,0.0774493404238967,0.22002982725794587,0.2007993022486118,0.1857556170358805,0.20115223625148812,1,secondary_select
0.22494105622172367,0.0901214443147182,0.10642810165882108,0.0745144775137305,0.1676726546138525,0.07842784217163504,0.21544162771269268,0.1946393719927925,0.17604321921780292,0.19215515098139233,1,secondary_select
0.21543774846941233,0.07817307859659187,0.10458439495414495,0.0809629932045937,0.16113161854445948,0.08659299270377109,0.1819081706287022,0.16732295596167995,0.17993634094611358,0.1823040926189776,1,secondary_select
0.2104938607662916,0.10458035953342912,0.10671766474843034,0.08553262054920197,0.1520365402102469,0.09023888716814096,0.18908949876544057,0.17309286939320137,0.18504517646846352,0.18559746193108134,1,secondary_select
0.2037078309804201,0.13427904061973095,0.13943501934409144,0.11081742495298388,0.1389399403706193,0.08568036970962122,0.21643401724566053,0.18890429889131613,0.1972921699779136,0.1939486036570771,1,secondary_select
0.2105995528399943,0.143717547878623,0.15039062313735482,0.12382164411246771,0.14091445598751298,0.08128908059475765,0.23337585820732448,0.20178387655792565,0.1967894245582614,0.19390332202343083,1,secondary_select
0.20321976207196704,0.15721409767866135,0.1795997135341167,0.15669972635805604,0.13586101308464987,0.0682230642220532,0.2400988856485639,0.2211146908036028,0.18800700215311392,0.1890603726884876,1,secondary_select
0.20321723446249965,0.1007536081597209,0.1133591206744313,0.09853790700435636,0.15690768044441947,0.09173607927507971,0.18867350750363684,0.17003612414694647,0.18119124983198262,0.18092009805835102,1,secondary_select
0.179412892088294,0.08025137474760419,0.10283195041120054,0.08274129405617717,0.14204962272197005,0.0856843080587168,0.14817530263508152,0.158097743264534,0.16410821045110416,0.16147101691285567,1,secondary_select
0.1709969772491604,0.08740977989509685,0.10438051261007777,0.08415510458871725,0.13358136732131234,0.07028630610733438,0.17581131656476137,0.15172037782900813,0.15838187678895108,0.16668339052415604,1,secondary_select
0.16687423596158632,0.08661136403679835,0.10739521379582573,0.0879401306156069,0.12042946089059114,0.06312874220043331,0.17712128227844906,0.15611258470721617,0.15586566929437137,0.16753223752334626,1,secondary_select
0.1790739516727626,0.08147322817239899,0.09976965973328329,0.08706131903454656,0.13021073304116731,0.06329660491070399,0.18212619527724874,0.16615576381985875,0.14989527874610076,0.16734398483282567,1,secondary_select
0.1860364815220237,0.08336459344718594,0.10628474020631977,0.09104492608457809,0.12994334008544686,0.06158193151466657,0.18752456470858184,0.17560990931698933,0.156825713319705,0.17070481318049238,1,secondary_select
0.18972784373909232,0.0838481772225349,0.1037192085641435,0.08879194501787419,0.1336223240941763,0.06135570645469099,0.1891003694278481,0.1770385569203938,0.15957187410580784,0.1749197627990213,1,secondary_select
0.19151703827083105,0.05746440403163421,0.06926176045089952,0.04322266656527056,0.11828027199953797,0.08254721614449065,0.21054632362992715,0.2048149132830019,0.18780972706790067,0.1723392050984386,1,secondary_select
0.2034450508654118,0.09286570455878967,0.12294360902160403,0.08187417965382346,0.15776211768388743,0.07521869839544584,0.2010802211370617,0.20345862527753408,0.19900254478122295,0.18691802249665562,1,secondary_select
0.20512808021157988,0.032249108189716824,0.0434619658626615,0.019626593741122567,0.10939365011290635,0.08603988278631994,0.20992827282312368,0.21177439281742136,0.2015586009437875,0.1820904524719999,1,secondary_select
0.21305404789745805,0.08351407822920003,0.10745570802828286,0.07323232060298332,0.1618644795380532,0.08151810982418793,0.219350646022562,0.21726967208631712,0.20799113105205436,0.19000325205890078,1,secondary_select
0.1791463540866972,0.071721417032677,0.09591434826143093,0.07722342573106282,0.18302189931273455,0.0598379581166454,0.17815412194647712,0.17254508663211252,0.17015588590186326,0.2009201825527498,1,secondary_select
0.18879240797832605,0.06073529226705422,0.08671897649765015,0.06416468298993999,0.176058211363852,0.09406696945990234,0.2358097688909879,0.22159621619249492,0.19815328541773167,0.20918806980733956,1,secondary_select
0.1742950836196543,0.08452271576970799,0.10526278009638176,0.08095982577651749,0.17811829969286916,0.06973400567528634,0.20298529374542787,0.1872762591125365,0.17646915321108733,0.20723154158201848,1,secondary_select
0.151043175952509,0.08418232481926666,0.1094289124011992,0.09163973783142865,0.16807411424815658,0.06926532113530466,0.19138421584457885,0.1784224212223364,0.1705033134149687,0.20244633778392537,1,secondary_select
0.21011287625879047,0.07492279587313526,0.08812753204256278,0.053783934097737005,0.1328814486041665,0.06953405760545193,0.2258088874226445,0.22772190361898478,0.21652147607561287,0.20323923867512408,1,secondary_select
0.20261096488684424,0.0761886987602338,0.10968778980895869,0.06548432447016242,0.18227812554687267,0.07154506588105396,0.20178982258059355,0.20816978908825937,0.2094733906326097,0.20358330527071175,1,secondary_select
0.19917902071028953,0.07926866121124465,0.09613975114189086,0.0521474126726389,0.17625596374273314,0.06278305111590043,0.20465733105919526,0.20975910226951552,0.21134727524730582,0.2057017002454699,1,secondary_select
0.19057458639144909,0.059397706761956104,0.08282775059342384,0.0583858060417697,0.18096298165619373,0.07109499022590168,0.2061958420254087,0.20378293052090168,0.19628165905123743,0.20015066907035362,1,secondary_select
0.20502097625285387,0.0675601566617842,0.10534590436145662,0.08126393891870964,0.18558871746063232,0.06112304857467164,0.18744032720221063,0.18950944502373082,0.18608222777490363,0.2045007875794624,1,secondary_select
0.18770187825430168,0.0584400409425143,0.0883062444627284,0.07578262710012493,0.17398275993764406,0.09104796765625166,0.23997038636609602,0.22741817251100835,0.20718589295886145,0.20818255807951397,1,secondary_select
0.1930987981613725,0.08148377668112491,0.10877079702913754,0.09085996611975136,0.18807165697216982,0.08100268300057674,0.22675937149307396,0.21457096576324364,0.19769336478219646,0.2023115734047564,1,secondary_select
0.28236482106149197,0.10953168850392112,0.13607938680797818,0.09790310822427276,0.2069841325283051,0.07986997877549126,0.25467302621643745,0.24232899927835647,0.22008601640652614,0.23227104795466855,1,secondary_select
0.16445478936657307,0.05201175529509778,0.08457778207957736,0.07059879624284801,0.17468952387571332,0.07729262050591504,0.20952458570130256,0.20548640920199557,0.19548232101485036,0.19206848384462208,1,secondary_select
0.17790486896410587,0.07372148113790887,0.10813694330863645,0.08946621976792818,0.19782853499054912,0.08453532311128234,0.22831574184360187,0.21254559678951063,0.1905756625625656,0.2092329259309338,1,secondary_select
0.24194739572703833,0.1151919327676296,0.15351627022027964,0.12413704022765162,0.19509033113718036,0.07229841642262619,0.21897698149265918,0.1904286961275545,0.20794993221940664,0.21710855841817525,1,secondary_select
0.2673476776108147,0.09246550314128398,0.1229237262159586,0.09879481140524149,0.1797586157917977,0.09172779351908376,0.22142318014491025,0.2008840416787904,0.1930478832914275,0.21186660539794386,1,secondary_select
0.24407835304737097,0.08505885535851115,0.11898936890065674,0.08710811752825966,0.18247118964791287,0.08735120907761024,0.21450395142994702,0.19175708346404002,0.1870734240520732,0.2050513425502914,1,secondary_select
0.25135624036192894,0.11053571943193671,0.12008088547736424,0.08723930269479756,0.127578405663371,0.07899672823728553,0.2179390211287283,0.1934946198645377,0.18595423090042118,0.19215862552405838,1,secondary_select
0.25076718442142026,0.09151946520432838,0.11317982617765664,0.07873940654098988,0.17794821783900264,0.08639406084006387,0.20985836253424847,0.18605994942521425,0.18447843982761455,0.20295598960404956,1,secondary_select
0.2381253894418477,0.10176252527162422,0.11682414077222356,0.09216494392603627,0.18363519012928017,0.08194462136467004,0.21249362240646974,0.19306132123907102,0.18323345502008687,0.20096703731556417,1,secondary_select
0.21814697608351716,0.1345010306686163,0.14742145314812666,0.11821500957012177,0.1415728572756052,0.06306471204888439,0.22796592204403504,0.21006949147712814,0.18088128692042466,0.19446232257914176,1,secondary_select
0.21035816520452497,0.14333013258874416,0.15519002638757223,0.13241224922239783,0.16415230929851526,0.06625307677967392,0.2219570665685637,0.20423850184960202,0.18772594026012254,0.20719386218769387,1,secondary_select
0.22132516745477926,0.11692955251783141,0.1380437724292279,0.10928340815007688,0.17342611029744148,0.06879530208570361,0.21634668032092452,0.20092668584001658,0.17899267016363743,0.1999716406167806,1,secondary_select
0.2156200762838127,0.135492205619812,0.16155022196471688,0.14250919781625263,0.15491488389670854,0.061773772834129576,0.2211426175369695,0.20283720224935564,0.1864348719998076,0.194617531745024,1,secondary_select
0.21618060860782862,0.13044720096513626,0.15923122968524694,0.1318474691361189,0.16730630025267598,0.07545305077832154,0.21717420394446668,0.20228449103336743,0.17872711212288553,0.1893281725878637,1,secondary_select
0.21262988727539764,0.12215559370815758,0.15409339219331747,0.128114940598607,0.16324757970869544,0.07941988708498121,0.2153423795667493,0.19782481847377645,0.17606449445756306,0.1873104790416561,1,secondary_select
0.20540750585496423,0.09882850386202334,0.12878382578492156,0.11503554135560992,0.16681067459285254,0.06103730623084394,0.19996376756984086,0.1912113824154744,0.17218974095243306,0.18534299780088764,1,secondary_select
0.20731720980256793,0.09861526614986357,0.11590483959298584,0.09531730879098174,0.16351730376482007,0.07429195600843733,0.21115019581930022,0.2054478167351589,0.19351716744995429,0.18900021850413395,1,secondary_select
0.2032328806817533,0.10479338373988847,0.11741067364346225,0.09293797798454755,0.1677017193287611,0.07434723247756372,0.22234111837128975,0.2185059430684788,0.2074784552769842,0.19041226898302455,1,secondary_select
0.21617561206221592,0.08974395599216217,0.11377070192247621,0.06903874222189199,0.15974639542400831,0.0786177448856619,0.2133071364763168,0.2121777793320802,0.20215227435556918,0.1841764103549508,1,secondary_select
0.21245451085269448,0.07723184116184717,0.10642276844009751,0.06781182903796432,0.1496178843080997,0.08324567465194818,0.2016920880795396,0.20296582490288972,0.19774851719000702,0.18384767001577984,1,secondary_select
0.2417966704815627,0.06469221087172629,0.10538202174939225,0.07064352062297971,0.1360748602892272,0.08953518185859366,0.19586922133436246,0.1939724676599894,0.18252213039107804,0.16433082633324156,1,secondary_select
0.26137502118945116,0.05937602277845139,0.0872382381930946,0.06308357464149587,0.13374480023048796,0.07590317850784344,0.2194100782848806,0.22752863882257643,0.2210580223813565,0.2020273584980429,1,secondary_select
0.25090599432587624,0.0589570583542809,0.10139874811284233,0.0711574789602308,0.1341747143887914,0.07702189360119854,0.20027908044707488,0.2030369119967473,0.19321807169049518,0.17325502816660787,1,secondary_select
0.2594740502536297,0.06529189459979545,0.1066874437965453,0.07417178805917511,0.13119600526988512,0.07753590466828092,0.2129178174808714,0.20861342288927184,0.19615631616116494,0.17525047595054835,1,secondary_select
0.2315060794353485,0.12533741630613804,0.1414550030604006,0.11478531546890734,0.15613135416060686,0.08362702019937271,0.22057815567083594,0.1981225350914144,0.171195910502746,0.18563881535507676,0,secondary_select
0.23274548910558218,0.10678242892026907,0.1193169970065356,0.09479715116322034,0.16172631271183496,0.08450279928419495,0.20892714321288958,0.18360514364812275,0.17841227151129146,0.1926220858809698,0,secondary_select
0.21454535052180296,0.07579033914953484,0.09914336260408164,0.0933156739920377,0.18215283192694173,0.09540681397132281,0.19073642180822492,0.18659260073266634,0.19695575763992673,0.20043163789026153,0,secondary_select
0.19274365715682515,0.06402320414781562,0.09089240554021655,0.07722424948588014,0.18410591874271637,0.10023175760383647,0.1987665563521261,0.1976222852992179,0.21167227973441521,0.2184138346763972,0,secondary_select
0.18467909097671512,0.07815718487836429,0.10297819040715687,0.08941724617034186,0.18040716461837283,0.08991230032853527,0.1749779033519302,0.1801914566706841,0.1959356668915575,0.20450115330032761,0,secondary_select
0.19180979300290346,0.06824310473166398,0.09171338612213731,0.0754614658653737,0.18171890825033188,0.08075693661481864,0.1773946468452437,0.170879541823126,0.1879181577092481,0.1970014305985046,0,secondary_select
0.20888024568557745,0.07758001470938322,0.09282193379476662,0.06988327251747242,0.1321077854372561,0.08200712849330212,0.20358169752117297,0.18978194820638805,0.16937461982425353,0.16873873325940275,0,secondary_select
0.18170097935944798,0.07707299292087548,0.09150105668231848,0.06519495602697133,0.14802540745586162,0.06546109301388019,0.18116197587340813,0.1626993109600222,0.1465796915942405,0.16542673056363805,0,secondary_select
0.16990600991994143,0.07185280369594689,0.0769338998943567,0.058637258596718304,0.15288729779422297,0.063008997664724,0.17368080334824743,0.15384052980778043,0.1497617364683492,0.1704919664942963,0,secondary_select
0.16607774840667847,0.06284913979470733,0.07359949313104157,0.06204585544764999,0.15792978182435058,0.06195752698900488,0.1697717481662551,0.15023653632002262,0.152025521304182,0.1729716477354087,0,secondary_select
0.16188481822609904,0.061611825018189806,0.07028591702692209,0.06310856621712443,0.1588933821767568,0.06514316488832597,0.17156700819108994,0.15287116629846764,0.15538195398480073,0.17444306396723164,0,secondary_select
0.16984354425221676,0.06868523114826537,0.07158952765166754,0.0631413515657187,0.15357571188360464,0.06812073804874781,0.1799866064914396,0.16149417546083092,0.15675682809640537,0.17523299672146203,0,secondary_select
0.18628278840333232,0.09024246223270889,0.09927600435912615,0.06378755345940591,0.1356023391708732,0.06739426342156202,0.18739070960637605,0.17064355903622186,0.14909032390770005,0.16786016089227468,0,secondary_select
0.18177324347198012,0.07820034818723798,0.0936878728680314,0.0671079121530056,0.12096608802676206,0.06792373117787057,0.18278933363762928,0.17055707937834083,0.15256754775327855,0.14849258214962896,0,secondary_select
0.18003830313682567,0.07517336728051302,0.08861502655781818,0.0681416296865791,0.11327274749055498,0.06897718254053578,0.18072460339912763,0.16822859416292602,0.14962018471719313,0.12704508360052094,0,secondary_select
0.1560716107487679,0.05041543598053969,0.07080509583465756,0.05099054955644512,0.10668882285244757,0.0729613591099394,0.1654875980459849,0.15789839433298886,0.1398411662087539,0.12201532541050139,0,secondary_select
0.1480235662311316,0.04113969532772911,0.06804039515554897,0.04945671139284985,0.09862954262644058,0.05788676069536777,0.15056128289037915,0.13791020960965727,0.121908557149112,0.1230365093932448,0,secondary_select
0.14877134654670948,0.045392109313979634,0.06148906948510562,0.04600464249961069,0.12907979218289248,0.06401950073583869,0.1538388060793921,0.13592914386342167,0.12564062209955287,0.13897694367139476,0,secondary_select
0.2086507864296436,0.0682179126888513,0.09506588708609348,0.07571331225335597,0.21112402155995366,0.08666636663764385,0.19527032654076484,0.19021120629548713,0.20846229474335592,0.21640181782930773,0,secondary_select
0.201271270401776,0.0694498810917138,0.0909788999706507,0.069598600268364,0.2213434986770154,0.09139325729839227,0.2029724417187992,0.20160245503566898,0.21923289056203996,0.22392102497897784,0,secondary_select
0.1863589901477099,0.08850341383367766,0.11192753491923206,0.09202210698276761,0.2062114216387272,0.07982211771434305,0.19305295429205666,0.19266265888711584,0.21510847403681058,0.23058890762752066,0,secondary_select
0.15991167922038582,0.09061656659469008,0.11434640712104724,0.1013719122856856,0.21232116688042876,0.0782651735427179,0.1910341597903196,0.18943819443654766,0.20891013864468277,0.22281342029612008,0,secondary_select
0.14054779801517725,0.06779965621535661,0.09976587642449891,0.08570312755182388,0.12413732986897241,0.035315063631287474,0.16569285961509186,0.17199114124582585,0.17536463526835178,0.17219763327216234,1,secondary_select
0.1845692452043293,0.06570987496525046,0.08643021367606704,0.06675923010334357,0.1357046135235577,0.08204453688205154,0.19753028981477871,0.1886837730186812,0.17374440731390442,0.14758749312630912,0,secondary_select
0.13859917130321261,0.03374393761623633,0.03800174035131924,0.04102512635290609,0.1375891980715096,0.0494884438622592,0.16136437481773658,0.16432801356577897,0.16240884644949447,0.1601797728989425,0,secondary_select
0.14254575397353628,0.16042758279945696,0.06345719308592365,0.060148157179355496,0.02892719465307891,0.0755830251471252,0.16731316238633545,0.18254352282724534,0.18864374157033117,0.1838338357954399,1,secondary_select
0.15880475938320154,0.07322458550333968,0.0906349867582321,0.07062067370861773,0.15776060055941332,0.06272165016969203,0.20287484587868204,0.19904035987099167,0.18744255235185384,0.16596316737820865,0,secondary_select
0.18932320922613155,0.08099248446524143,0.09534938726574188,0.0737881939858198,0.1395229026675223,0.06326287496506194,0.20824614610194184,0.20559811010627962,0.19397809985696304,0.17368420097648132,0,secondary_select
0.17759117763489485,0.07447827141731982,0.09472545282915222,0.0704589015804232,0.13706702459603542,0.06615353974882503,0.2038649007994309,0.20432110590297717,0.19527129822779443,0.17712903063181776,0,secondary_select
0.1775360573083162,0.07325800787657494,0.09600339177995923,0.06690247636288417,0.13769822567701337,0.0649770533587741,0.20289574450961823,0.20368050485066644,0.19467428959123362,0.17722017391733402,0,secondary_select
0.1762406416237354,0.07299691811203962,0.09103842917829742,0.06760726217180485,0.1391136609017849,0.06596631173201217,0.20339600730844146,0.20218536898650535,0.19231055386521217,0.17463112145819074,0,secondary_select
0.17830883152782911,0.12828101962804797,0.1366385351866483,0.11007230170071122,0.1486041527241468,0.07347863969573606,0.18031909932562937,0.16366409939894305,0.15557031017908685,0.18257490975031496,0,secondary_select
0.24075973778963083,0.1327093280851841,0.1280065663158894,0.11812626011669641,0.18119895085692417,0.07040575860457916,0.23773316635208613,0.21221679790335188,0.19375206685083407,0.2151337970645954,0,secondary_select
0.20839405292645102,0.07986530102789403,0.12455897033214569,0.11206784751266242,0.20178966037929058,0.09901134570878864,0.21781829505977152,0.19453977182325832,0.21089441928830863,0.21974216721770287,0,secondary_select
0.2166627207770944,0.095675737131387,0.12093552388250822,0.11427467223256817,0.18832817859947684,0.08998940518736723,0.21527171187713626,0.20227956126123553,0.2159880251312245,0.2219751040139784,0,secondary_select
0.20887728314846762,0.09525879379361865,0.11566341202706096,0.10632206778973344,0.1899301111698151,0.09523300910706202,0.21296042288059874,0.20518991994077848,0.21679762089962656,0.21989325238729407,0,secondary_select
0.2187480041757226,0.10095162875950336,0.12369758822023866,0.11203075945377347,0.18226861394941812,0.09417560588616422,0.21260282568681524,0.20606685042429254,0.2167979943012028,0.2193308452521591,0,secondary_select
0.2129646884277463,0.10528106149286043,0.12522119469940654,0.11390913091599941,0.17829484678804866,0.09424298308167062,0.20623158528778157,0.20636141817394094,0.21625217381242115,0.21760362717631668,0,secondary_select
0.22060640621930364,0.10928516881540429,0.127117995172739,0.11430019419640297,0.1805191412568093,0.09248188634037989,0.20520242101147787,0.21260484152108455,0.22315717984557176,0.2251547224131229,0,secondary_select
0.25588915497064585,0.13013516087085017,0.14161740615963936,0.11191329918801797,0.18724845629185433,0.09862081319406005,0.24447534498139595,0.21421886965944723,0.20288632609262425,0.21206807982488837,0,secondary_select
0.23858490213751798,0.14815923385322094,0.14849572535604233,0.12029424775391812,0.16691125836223358,0.09191235001469512,0.2491872164913502,0.22025370910102993,0.19551945231194162,0.21420581578547626,0,secondary_select
0.24718591943383217,0.15480776317417622,0.16164522990584382,0.13506587315350777,0.16869222000241274,0.09603572255340967,0.26522434307602794,0.23497135183183102,0.20514795082030435,0.21977537488905335,0,secondary_select
0.22774090990424165,0.09873175434768193,0.12415669625625013,0.09964111237786709,0.15225502615794537,0.07808784933575898,0.2093745430726698,0.18842683385872747,0.16472306291387892,0.18088108513319412,0,secondary_select
0.22043466661125422,0.08337616753124168,0.09852811822202054,0.07149954454507676,0.14045690000057223,0.08679500540264934,0.2050752790756575,0.18969901181745283,0.1684658658133173,0.18157586028345918,0,secondary_select
0.20946227665990588,0.07768180221319193,0.0881301825866103,0.06400652322918182,0.13888133317232132,0.07718722206081441,0.19553047381813818,0.1773097595247179,0.1559081455739885,0.16780764572794735,0,secondary_select
0.2033088058233262,0.07231854961719372,0.0895863148616626,0.07131889904849228,0.11584481538739043,0.07668105512561849,0.18984546942806446,0.1792104664521048,0.15929635870566017,0.14692036516794357,0,secondary_select
0.19601561501622197,0.06257345643825832,0.08869392669294028,0.07128653011750419,0.10783769539557404,0.06834238972209052,0.17829830101385372,0.1664674714471062,0.1512652250735869,0.1383686443355713,0,secondary_select
0.17749438341707,0.054249505512416335,0.07338533550500859,0.059434146154671734,0.10096336295828227,0.07126022252012369,0.16317493031490918,0.15558121511023154,0.14224533009584653,0.12963604479338645,0,secondary_select
0.17046332452446217,0.04189876606687896,0.06450394913554178,0.049764766823500506,0.09571495186537508,0.06896359436127845,0.1623059715152948,0.15741718504663982,0.14500129912134696,0.12864544652488516,0,secondary_select
0.1635961830615998,0.04186848411336534,0.054609539918601506,0.04395123803988108,0.08529058098793044,0.06868241355252272,0.158108951053947,0.15207223966288555,0.13882983754891143,0.13074379693287594,0,secondary_select
0.17398816440254447,0.05486556654795998,0.03833325137384218,0.031936773564666426,0.09141961578279734,0.0788020242205345,0.18206595795094135,0.1765782858976638,0.16408704107492328,0.1456351278149999,0,secondary_select
0.15759467706084251,0.045771990902721896,0.05415542982518669,0.03546405094675708,0.08319797925651082,0.06536469328430883,0.15460107662501346,0.14523552265735876,0.1302516227659822,0.12267297507050032,0,secondary_select
0.15826933830976495,0.04253614461049421,0.044034226331859674,0.030032467097043995,0.0859631635248661,0.0744783613559096,0.16903141274040043,0.1599454669553549,0.14365927076821625,0.13241254485135381,0,secondary_select
0.1574440905824304,0.04613886354491098,0.0567868729121982,0.03838881058618419,0.08900791012274564,0.057745415934661475,0.14288735507678038,0.1303865809614564,0.1126163473973776,0.10993470742057806,0,secondary_select
0.16458000801503664,0.03795080399140703,0.05701442342251535,0.0398186307866125,0.09000423923134818,0.0633554272761216,0.1535256676899621,0.14211244597680672,0.12458065613753888,0.12562435023136226,0,secondary_select
0.1734367562457918,0.03971578227356059,0.06108525209128848,0.044479582458734394,0.09423409495502703,0.06922984239432148,0.16449489747387244,0.15214511449661924,0.13288227026563956,0.13062657020267915,0,secondary_select
0.18514158949255943,0.04245976777747262,0.06620406440924853,0.04910591512452793,0.10895289573818442,0.07044303146966512,0.1655710251986306,0.14856923951145976,0.12996615210857948,0.135410342457078,0,secondary_select
0.19012774433940643,0.05194501206278811,0.07066536997444929,0.050447216490283664,0.11134713725186889,0.07052997107386721,0.16877957134276753,0.15140709796689583,0.13238867701731752,0.1396360178827506,0,secondary_select
0.2014346290379762,0.04939888778608297,0.0752943928819148,0.058392017963342334,0.11828771377099646,0.07669241212556692,0.17950364072589753,0.164767474185055,0.1437398329305779,0.15049380116033723,0,secondary_select
0.23607409000396723,0.07543776603415611,0.08442590769846009,0.06489671365125103,0.16400394099764534,0.10209544613623937,0.21568489638755028,0.18408183421140478,0.17963925457458885,0.1831668073371233,0,secondary_select
0.23445367813110352,0.08163614664226772,0.09293299727141856,0.07392721623182288,0.164942290633917,0.08794163921356801,0.20766026814908398,0.17561026485145684,0.1904910077291788,0.19927823366106154,0,secondary_select
0.23653218336403364,0.08948890957981352,0.09712144406512382,0.07738702930510044,0.16877277661114928,0.08915522569813551,0.2053313028628451,0.17393185958289342,0.18915579902031257,0.19845942376204564,0,secondary_select
0.23608568124473103,0.09759249817579985,0.10457289870828383,0.08583925757557162,0.1707784282043576,0.09092205112108316,0.20878117905238006,0.18059677631833898,0.1966694947449241,0.20674666204729417,0,secondary_select
0.23612807504832745,0.08968337159603831,0.10233913455158472,0.07528514508157963,0.17259053140878683,0.08840181828239213,0.20408713874169848,0.17702153195389755,0.19392539244839216,0.20484163203039424,0,secondary_select
0.23584947362542152,0.09073244128376251,0.09720871783792973,0.07088092714548117,0.17366819549351928,0.0871710275640111,0.20280540467848593,0.17299357441862642,0.1904799306174141,0.20110391186227614,0,secondary_select
0.2359307464212179,0.0910388482734561,0.09875994455069305,0.0746909817680716,0.16695707477629196,0.08478886482217254,0.20253226288505735,0.1746565302545661,0.18696358741172495,0.19893223826684892,0,secondary_select
0.23143908940255645,0.08738803677260866,0.09227358922362326,0.07019269466400145,0.16383135225623854,0.08520516967942628,0.20092492020299338,0.17523913859000123,0.18380785389413745,0.19619293446262984,0,secondary_select
0.2236938644200563,0.08478671731427301,0.08803173643536871,0.06525008706375948,0.15956914890557522,0.08938922240963615,0.19858810511982475,0.17486011187179415,0.18088914194709094,0.18866955276212144,0,secondary_select
0.2227734439074993,0.0852786353789269,0.09080998692661536,0.07059515640139583,0.1594880437478423,0.08925565569256821,0.1981132151984182,0.1751729674131183,0.17930290340041208,0.1862540976569561,0,secondary_select
0.21657995413988834,0.08637470053508872,0.09206101903691888,0.06823078356683261,0.15821311436593527,0.0886580924076554,0.2009351722469148,0.1782222821881589,0.18108860575981103,0.1875143077728864,0,secondary_select
0.21835968364030134,0.09046914335340253,0.0943235922604799,0.06894460227340456,0.15070846956223252,0.08607765876104162,0.2000336799060278,0.17807313178082038,0.1768493366648727,0.18480670016606374,0,secondary_select
0.20920596271753325,0.09007963445037608,0.09783833706751466,0.07048001978546384,0.15212507080286738,0.08252686067922343,0.19370265762759686,0.1727907149258101,0.1704589937950515,0.17956709388150222,0,secondary_select
0.21249601431190973,0.09164604870602483,0.09925392409786576,0.07711800374090673,0.1507008308544755,0.0864442349164278,0.19774044395745702,0.17547267952323858,0.17232445857808898,0.18225788648561544,0,secondary_select
0.23573975265026093,0.10983581840991974,0.1239018030464649,0.0935358619317412,0.17529030051082367,0.08795298577047105,0.22908150345779177,0.20899265945649856,0.1895269233430099,0.20615859736449232,0,secondary_select
0.15904392860829836,0.158967826515436,0.16250604391098025,0.12792536616325376,0.12945247441530228,0.07069930541803147,0.1293952196418217,0.11010701130618372,0.11493261824836053,0.14059946607341095,0,secondary_select
0.22505048476159575,0.1236394438892602,0.13297120481729505,0.10370792262256143,0.18650557287037361,0.07843300992129791,0.2199133961784695,0.19661656500278468,0.18024050736306657,0.20363301703213216,0,secondary_select
0.24428741820156574,0.12782092113047833,0.1345926383510233,0.0989037435501814,0.1747422497719527,0.08358974399453692,0.23068963846600354,0.2075505230430394,0.18786402063852845,0.2090059185255199,0,secondary_select
0.22288639377802602,0.09934274293482305,0.11615234147757297,0.10812922567129139,0.1679485403001309,0.06557017750432691,0.21352972741564702,0.19555233977129652,0.17559173423191504,0.19675145390769438,0,secondary_select
0.17705269716680058,0.08910254138754678,0.11860227957367898,0.10148462885990732,0.16148502845317134,0.0662719863562983,0.21727873552794108,0.21484018257848445,0.20555105154431882,0.21062180447421489,0,secondary_select
0.22915126290172347,0.10316211823374033,0.12760545965284115,0.1164432084187865,0.16588520817458638,0.081152829951776,0.22385023129655215,0.20377335479034278,0.19970547934545377,0.21323162564559076,0,secondary_select
0.23187633045017714,0.09595935791730877,0.12138831615447995,0.10778950341045862,0.16430638171732428,0.08341509103365749,0.2220832854468426,0.19915276392885062,0.1936633214313587,0.20566641352661458,0,secondary_select
0.20474472455680362,0.09366969671100377,0.09747728053480387,0.09754227567464115,0.09014163631945847,0.05885307465297984,0.1866505022401909,0.1774112328196864,0.16057673909319445,0.15073935196353003,0,secondary_select
0.19927134830504661,0.08474451676011087,0.1167393000796437,0.10834911186248067,0.16722722444683316,0.06591856174972571,0.2090247215038232,0.19677007638719599,0.17407742024269618,0.19244667024221934,0,secondary_select
0.21753548877313733,0.08708187681622796,0.11306597475777387,0.09980755904689431,0.1541764223948121,0.07904815118527601,0.2203995219548176,0.19960331597249584,0.18672532405471992,0.20980281898519587,0,secondary_select
0.20417088456451893,0.07940272730775168,0.10873903823085129,0.08925679279491311,0.15636391658335927,0.07746640348855745,0.20357243890825313,0.1912471504234929,0.17663015786607156,0.19740889256868852,0,secondary_select
0.18903968250378966,0.07038551801815617,0.09726328009855928,0.08666363172233096,0.15605108533054587,0.07435453121395592,0.20075224249778498,0.18811746343310173,0.17712776313381084,0.19392206749724036,0,secondary_select
0.1775920884683728,0.0679647617507726,0.09475879243109378,0.08141479454934601,0.1531707225367427,0.07061113781257686,0.18764502586834908,0.18023654286245966,0.17103602263107118,0.18476528665944156,0,secondary_select
0.1852438803762197,0.0677500553429127,0.0941380634903907,0.09004779253154989,0.17421390581876042,0.06138041875715315,0.18637143149430815,0.1782869741266495,0.16298615727032478,0.17500503342057525,0,secondary_select
0.1837886143475771,0.0675039421766997,0.09222576161846521,0.07799569703638548,0.1550253946334123,0.06766098439490512,0.18052109032666414,0.17360338689556437,0.1621932748684855,0.18770616575872626,0,secondary_select
0.24668094329535956,0.09828733932226902,0.11186620965600019,0.0955531280487776,0.15291692595928907,0.08700993200933743,0.24871261241084147,0.2283624309132079,0.20131117953157224,0.19577572690492664,0,secondary_select
0.24277737550437456,0.11092884000390767,0.12075302284210918,0.10527042299509044,0.18208209797739996,0.07986208426345336,0.24117104618389362,0.2241889564557766,0.2043521125106906,0.2243787665157412,0,secondary_select
0.24169689230620867,0.10630843415856375,0.12081742100417611,0.10463201999664308,0.18069335818290708,0.07973902468125968,0.23476708662252574,0.21997994725148828,0.20109924283366348,0.2235451823149219,0,secondary_select
0.25158780254423624,0.12149221356958152,0.1320057818666101,0.11521274968981748,0.17900002002716064,0.0762222912381389,0.25100322535587327,0.23425831927312396,0.21294223519367952,0.2264819219927289,0,secondary_select
0.25424317456781864,0.12070856802165505,0.13160798698663706,0.11558175086975102,0.1822277493774891,0.0806276310626117,0.2509105127695647,0.23457662169073495,0.21461962688897523,0.23059458438490313,0,secondary_select
0.2505622524768114,0.1540539376437664,0.17388935014605528,0.15652570500969895,0.1627578474581241,0.08537286007089048,0.2598485615966978,0.23822638810855776,0.21696018100959694,0.23390566976053156,0,secondary_select
0.2548110717907548,0.1719225142151118,0.1977305188775063,0.17945420742034907,0.15465917810797697,0.08136785830180313,0.26411214059959315,0.2508234098441448,0.22016424088548092,0.21342332063983344,0,secondary_select
0.24485243950039143,0.19740021973848346,0.2175552137196064,0.19670932739973074,0.15939399972558022,0.09329019684878403,0.3099881216191988,0.29025800444719596,0.25421951629755307,0.21996050246593768,0,secondary_select
0.24324074175092386,0.1446291301399469,0.16886590700596574,0.1531828306615353,0.15582680702209467,0.08947868603513597,0.26471537832753705,0.25403507814394277,0.23017904457287836,0.20707107257680946,0,secondary_select
0.18679736182093623,0.09886748564895234,0.12156007986050102,0.10280481353402143,0.16903682425618174,0.06728955714424947,0.21355055137610174,0.21555471043029678,0.21407862177511552,0.20717424510439736,0,secondary_select
0.1799872862175107,0.1013150108046829,0.12109100678935653,0.12120833527296782,0.1754155028611422,0.062251984811950836,0.20764797201343296,0.21051919108219855,0.2083322254192125,0.20118269205056544,0,secondary_select
0.09787961561232812,0.10592655092477797,0.12236808240413669,0.12161158211529256,0.19958251900970939,0.07522808127347949,0.20142832231019267,0.2099225057313277,0.21321110818777805,0.20643106121812585,0,secondary_select
0.17026100773364305,0.06457254965789597,0.08382824854925267,0.07254586019553237,0.14940348570235065,0.06927434251248951,0.2229818863461154,0.23169051540478944,0.22769159519974028,0.22006107274048145,0,secondary_select
0.15381911117583516,0.08442823425866654,0.10014960600528865,0.08417166094295683,0.18036403693258762,0.0849562244960608,0.21097689848341614,0.22316806220863583,0.22595061427033863,0.224321874278182,0,secondary_select
0.145812876522541,0.09504318423569208,0.11575141642242676,0.09929238073527813,0.19869522191584116,0.08299315136781613,0.19464828048757,0.204198878937575,0.20956914474180618,0.2060390931825964,0,secondary_select
0.15432098507881162,0.07640305580571288,0.10077036824077372,0.07349703367799518,0.17613589577376837,0.0965560266149765,0.18325716223172608,0.19866633148468785,0.20775007748581234,0.21115685266978798,0,secondary_select
0.1658221930265426,0.08626137144165104,0.11093086277833195,0.07959447731263937,0.17160972300916913,0.10211992736469704,0.18781282867973906,0.2070103752074601,0.21769430472079423,0.22403207148920493,0,secondary_select
0.2759631182998418,0.14508107118308539,0.1551321092993021,0.13725008629262445,0.20129814371466642,0.10047665308110248,0.255699396830721,0.22054080734841358,0.23573012719742786,0.23796826111964717,0,secondary_select
0.27333741076290596,0.1317434199154377,0.15869165025651455,0.12289438210427758,0.20336671732366088,0.11705796481965083,0.2596968623429348,0.23330956013796808,0.24563627378938677,0.24744534181354533,0,secondary_select
0.26144544035196304,0.12163007352501148,0.12613349407911295,0.1001460561528802,0.16680432669818399,0.0950600565237351,0.22983345154797505,0.19775514163201532,0.20886417057489845,0.20924933672075954,0,secondary_select
0.24318876489996913,0.12423282535746688,0.13033680384978658,0.09926730301231144,0.18220818694680924,0.10843210785355943,0.2351722128380515,0.20341216006022472,0.21706574993845607,0.22032054166015774,0,secondary_select
0.2571208551526071,0.12870099209249014,0.13412274606525898,0.10077609308063987,0.17762473318725822,0.10089025533500247,0.23666216506364884,0.2011762492239768,0.21730254663827964,0.22630599121305292,0,secondary_select
0.25606963224709034,0.1314550815150142,0.1387590644881129,0.09964927379041903,0.18000261113047608,0.09978908082416629,0.2415263509931264,0.20371025862118586,0.214801384750217,0.2239119221078453,0,secondary_select
0.25325491838157177,0.13153404742479313,0.13780741300433877,0.09664428699761635,0.17722407635301352,0.09798912487943308,0.24036396265049115,0.2041175260024204,0.21385554101337328,0.22373840089906588,0,secondary_select
0.24450187012553215,0.11053401883691545,0.11443008016794934,0.09404258988797665,0.18378006108105188,0.09852853020694856,0.21843459526118633,0.19464328208979959,0.20472968531814215,0.20666809914675344,0,secondary_select
0.25190625339746486,0.10454338602721686,0.1317553166300058,0.10347383283078683,0.18440020643174657,0.10646068683482199,0.20725625945843254,0.21454717411316437,0.21900940878904862,0.21602378605521722,0,secondary_select
0.24777574092149723,0.09394069761037827,0.12342522758990525,0.08730894979089505,0.18471339903771872,0.10702105715131437,0.20329769059276248,0.2121018693894712,0.2180152853131858,0.2149946420565812,0,secondary_select
0.2596321115270257,0.08654366293922075,0.10640341276302945,0.08049102732911702,0.185311483219266,0.10972867929697819,0.20814555394784398,0.21342710289493994,0.2266013852818389,0.23052637582034657,0,secondary_select
0.25459702126681805,0.09641086217015978,0.12617889791727077,0.08823009952902788,0.1743400022387505,0.10310940112944414,0.20816293306674527,0.20161327574427906,0.2153443251180249,0.21982795413609318,0,secondary_select
0.25172951817512507,0.08758254535496232,0.12261801864951853,0.0893699685111643,0.1773857455700636,0.09720222294180296,0.20234970576910877,0.19736217070220619,0.21149229366181999,0.21631018273382094,0,secondary_select
0.2423824500292539,0.08088257908821106,0.10946009773761031,0.08070446271449326,0.17802758701145657,0.09998424203865847,0.20454291293196994,0.1984182218255909,0.21449755077981078,0.21961662398450688,0,secondary_select
0.24459231738001108,0.08738203579559922,0.11808660393580789,0.08551508560776708,0.17941337917000055,0.0984603320714825,0.20303544686183264,0.19371710722342064,0.21011212239980623,0.21681438623934915,0,secondary_select
0.4035295192152262,0.1620234064757824,0.18609717302024376,0.12501002103090286,0.26934587396681314,0.14842569893005475,0.36106109870377173,0.3199077776611147,0.32335945097509006,0.3473871878326235,0,secondary_select
0.35717373713850975,0.15909299999475476,0.15551166795194155,0.11386107280850422,0.06056963512673973,0.12993821317664345,0.2818029541741963,0.24173065277150832,0.23989821041337214,0.2412094301763829,0,secondary_select
0.42944973148405546,0.17260247841477383,0.20106572099030026,0.13563592545688152,0.27906162291765213,0.15659114938637228,0.3908304650004766,0.3579312882985732,0.32938885908981774,0.3691703196283242,0,secondary_select
0.42752830311656,0.19143977761268616,0.2166097704321146,0.18929128721356392,0.3495066948235035,0.14465651748915323,0.39986245794435143,0.35147632187445765,0.31853329478045095,0.35240309773226375,0,secondary_select
0.40559240244328987,0.06359754316508764,0.09440639801323417,0.07471830770373342,0.23662284133024497,0.17255369048504574,0.39477695304961463,0.37360942330272456,0.33574128490002403,0.35608070353916327,0,secondary_select
0.40037928335368633,0.12657653971109542,0.14679269163025316,0.10506309452466672,0.2594537828117609,0.15649574480082146,0.3777963741176506,0.35847413913322157,0.3307000572985713,0.35486632070566776,0,secondary_select
0.397159768268466,0.15414194576442236,0.18169992882758376,0.13970479927957072,0.2687519360333682,0.12534247430670573,0.35652973222244105,0.3326402846600444,0.30167931782710866,0.3426370443652899,0,secondary_select
0.41258080489933496,0.1653742380440236,0.18749805167317393,0.1441011764109135,0.295944858342409,0.13004509180865398,0.3788417094208968,0.35894132040522203,0.3306822852053414,0.3568788320579302,0,secondary_select
0.40849166549742233,0.18181615695357323,0.21321094781160355,0.1692762225866317,0.2785822730511427,0.11785997941979068,0.37102837420889045,0.3543477200705637,0.3282485448557963,0.3449272339034905,0,secondary_select
0.40752608329057693,0.19109158031642454,0.21079373732209208,0.1880244854837656,0.30119973607361317,0.13648640033400736,0.38015954796767915,0.3493238170126744,0.3313479520807334,0.3706219591627188,0,secondary_select
0.34435517154634004,0.17770838737487799,0.21107889711856853,0.16860507987439635,0.3019269928336144,0.10269687759199533,0.3458407806835452,0.33761096621373093,0.32332685651698506,0.3049583757899086,0,secondary_select
0.2823888882994652,0.12333895359188314,0.16312692500650888,0.13616271875798702,0.2860424276441337,0.11134231356368214,0.38458497994975005,0.3871491633860842,0.3829432547597662,0.36714797174022346,0,secondary_select
0.35400046221911907,0.15510574495419865,0.1849290728569032,0.13226381409913301,0.2716258745640515,0.09028680598021306,0.3358670661564247,0.33624473375857633,0.33002711714834737,0.31667917197228235,0,secondary_select
0.31793167255818844,0.15830052318051457,0.18066373001784092,0.14276227355003362,0.2604636400938034,0.08432960343543523,0.31619856479574077,0.31723032631907694,0.3123527245688819,0.2978557350206756,0,secondary_select
0.29505494609475136,0.1603970802389085,0.19816086534410715,0.15591610968112948,0.28224341757595545,0.09303658915183631,0.30309429712093555,0.31361302354804355,0.3179498770596751,0.31325617333374106,0,secondary_select
0.4196430016309024,0.17204076051712042,0.23665614798665055,0.16742740198969835,0.3433731645345687,0.12614594744974278,0.37798338914745955,0.3483055771374098,0.3415617809676519,0.3764236473523966,1,secondary_select
0.41431066021323204,0.18487952835857877,0.23781293444335463,0.16494110971689213,0.3563268594443798,0.13589877946128578,0.370567922795317,0.33851058160712455,0.33213734565129016,0.37329295588483535,1,secondary_select
0.41298507899045944,0.17370201461017137,0.24020785652101048,0.17286366038024428,0.363313239067793,0.1381177166357474,0.36962127218691876,0.3385652331515985,0.32768223712889716,0.36809207218436757,1,secondary_select
0.4086917173117399,0.17101165652275085,0.23838397860527039,0.17118172720074648,0.36474129185080517,0.1376623530281335,0.370363958214,0.33625599000282586,0.3219040073794872,0.3564338721675427,1,secondary_select
0.3636102937161923,0.23156617954373365,0.28796239569783205,0.25864848867058765,0.13073487579822535,0.15027066015454688,0.4118990420624869,0.3925861536786215,0.3621308698579923,0.3323702334687368,1,secondary_select
0.3559873662889005,0.2490418404340744,0.2757705580443144,0.22099366784095764,0.21068074740469445,0.1285803131123657,0.3956394343932743,0.3738078343977803,0.33646158122621733,0.3377880397548552,1,secondary_select
0.3715151324868202,0.22635636106133467,0.2574740089476108,0.19136710092425357,0.30718137323856365,0.13018838512573438,0.40426128181491094,0.37017237963948446,0.34584223302874756,0.361644851144888,1,secondary_select
0.3827043771743774,0.1896770857274532,0.22267490252852445,0.15855501592159277,0.3494722060859204,0.13255675673229916,0.37165872171266306,0.3271581099901937,0.34878852009518363,0.36505978718145116,1,secondary_select
0.3781992420554162,0.18057973682880396,0.20478720217943197,0.14839969575405126,0.3348168805241586,0.13316871237572053,0.3645613716226421,0.3195075766425929,0.3442865685802303,0.36205932509716365,1,secondary_select
0.37106629461050034,0.20172321796417247,0.23181334510445595,0.1737731397151947,0.32723329588770855,0.13033005799258035,0.36668235267603666,0.32476132939660823,0.33580552245581435,0.3509563935836581,1,secondary_select
0.36944676935672754,0.23403740674257276,0.2622812204062938,0.20885996147990232,0.31507354974746704,0.12927860919381828,0.3892554432525798,0.34282266873862,0.34835778702046116,0.35667193088676186,1,secondary_select
0.36056022718548775,0.28163376450538635,0.3157352693378926,0.2559780851006508,0.2915507219731808,0.12641790789359672,0.3973862668573247,0.3512986553906784,0.3586703753172741,0.36242948007577513,1,secondary_select
0.3655019961297512,0.29743392765522,0.33454556763172155,0.2698975764214993,0.3011942729353906,0.12281661313642186,0.3998926824020259,0.35424581375588093,0.3428813872920386,0.3421152478145472,1,secondary_select
0.36645929887890805,0.30221446976065636,0.33700842037796974,0.2855707630515098,0.29654207453131676,0.12777366924888156,0.39902173418408887,0.3537920607984688,0.33883543375736735,0.34040611673003685,1,secondary_select
0.35465289279818535,0.29724993556737905,0.3323817178606987,0.27304888144135464,0.305347837507725,0.1261568915423367,0.40240101407732703,0.35991506915058835,0.34915808852281316,0.35033795874085166,1,secondary_select
0.34476426243782043,0.2649930492043496,0.30217016115784645,0.24531964212656018,0.3104638941586017,0.12816985869721972,0.39340895587520197,0.3477336967916925,0.33891636306361755,0.34283923903421953,1,secondary_select
0.33901022002100956,0.15303503721952433,0.18516122177243233,0.12393642589449877,0.2832642160356046,0.09864587602615411,0.3213462967932231,0.3001432519912725,0.2783946011722094,0.3075028013944631,1,secondary_select
0.46392722241580486,0.07411602512001986,0.06324366573244329,0.0938185225240886,0.22643366828560824,0.1871317978730147,0.4679995198020989,0.44280196728504245,0.39689031804299896,0.3388280645231063,1,secondary_select
0.43231739662587637,0.18881420977413663,0.2257493082433939,0.17842826433479791,0.3506992645561695,0.13891585090749456,0.4005711182355184,0.36744915240996073,0.3567860379218359,0.38417113678150366,1,secondary_select
0.4277204032987356,0.17181044071912763,0.20900672208517782,0.16470798477530482,0.3411888889968395,0.14627024100911967,0.39509006717992173,0.3587799019907152,0.3473501330037151,0.37664160260749213,1,secondary_select
0.426753405481577,0.1740506589412689,0.21444803103804586,0.1584436483681202,0.34901079162955284,0.1462613484329153,0.38896297574700606,0.35315378294052374,0.3441564990645815,0.3758125706082751,1,secondary_select
0.42451847344636917,0.1745418561622501,0.22057296149432662,0.16768308542668825,0.3576434664428234,0.14670073288965563,0.3827530159755383,0.3450513431011472,0.34991827096331457,0.3785607633321319,1,secondary_select
0.41154101863503467,0.169164402410388,0.21896901726722712,0.16548624075949192,0.3495350442826749,0.14660389841492352,0.380609235995962,0.3379449446588296,0.3438148752688902,0.3670403894871014,1,secondary_select
0.39889907091856003,0.1639934247359634,0.21497073490172625,0.16361072845757013,0.3389522861689329,0.1423168473163514,0.3719425613278417,0.32766649334075737,0.3351848136851458,0.35945360103937674,1,secondary_select
0.3947908543050289,0.16880543623119593,0.19687974592670804,0.15484623610973358,0.32088647969067097,0.13492216283282232,0.3662689330225247,0.3329572637734372,0.31632880979975647,0.35194760860701985,1,secondary_select
0.4056942537426949,0.15004273876547808,0.19030075147748002,0.12697848677635187,0.3012133911252021,0.12895599200916755,0.4001233597059297,0.38118444203925606,0.3470056299824762,0.34502121254396917,1,secondary_select
0.40858960151672374,0.1548895947635174,0.19646169245243078,0.12676048278808602,0.31364500150084496,0.12490688978556354,0.40268778770092684,0.3866659325254318,0.3579645787072535,0.34782686426166265,1,secondary_select
0.41730686649680143,0.1559103727340698,0.20316175743937503,0.13285263255238544,0.31487040221691126,0.11946669293806159,0.39906607268616767,0.3828824467794618,0.3557390428917131,0.3536103486852369,1,secondary_select
0.41314787045121193,0.14979311823844915,0.1944324970245363,0.1304184086620808,0.3136799670755864,0.12605577762616343,0.40308385770214267,0.3875425351728267,0.3595964504350491,0.3532213797737426,1,secondary_select
0.39866225793957716,0.15689834393560897,0.19737965613603597,0.12319468148052685,0.3139275033026934,0.12069078684237405,0.3865736458488982,0.3688255973198693,0.33939423002686897,0.3412971008607428,1,secondary_select
0.4083591513335704,0.14967445470392707,0.19114503823220735,0.12359047494828698,0.323257178068161,0.12642312397616703,0.3836217501516899,0.363721431916531,0.33324635935383634,0.3414691088105997,1,secondary_select
0.40444765239954006,0.154178513213992,0.18412563763558865,0.12310898117721078,0.3081954848021268,0.12118853916035727,0.373794761566387,0.35457099702762207,0.32670593362854566,0.33930521186994156,1,secondary_select
0.39766795188188564,0.1472664717584848,0.17567074298858637,0.12391469441354268,0.3070309162139893,0.11798865089718898,0.36950845571760726,0.3493591670185765,0.3203356482327422,0.33339427898232543,1,secondary_select
0.3842000178992749,0.1409163549542427,0.1772074326872825,0.12807792611420155,0.30566102638840675,0.11178222161888121,0.3609084063506032,0.34312932429074294,0.3167786789423133,0.332780970755806,1,secondary_select
0.3747345097362995,0.1384065439924597,0.18408175837248572,0.1343856798484921,0.29826881550252426,0.10971893353246287,0.3526059061460955,0.338632629083918,0.3151009779595597,0.3293103220113381,1,secondary_select
0.3772515393793583,0.13449021894484764,0.16675822064280518,0.11199619621038441,0.30065826140344143,0.10552193244035378,0.3472373478212489,0.3351998740905061,0.31301458944614075,0.32492582705850737,1,secondary_select
0.3725121933966875,0.14685071259737012,0.1861193161457776,0.1341875735670328,0.29135221801698213,0.11091917135647118,0.3605343432807047,0.34863458328774755,0.3231472609274703,0.33782952406338035,1,secondary_select
0.3793848268687726,0.14303053636103863,0.1825737506151199,0.13196986820548773,0.30449831299483776,0.1021632387253247,0.34836539001639716,0.33535041501249896,0.31069416114564763,0.32009004828955767,1,secondary_select
0.3887223266065121,0.15016980562359086,0.1779336407780647,0.13326264545321462,0.30909672379493713,0.11100838852041753,0.3572623362477998,0.3430470391821245,0.3147320911001543,0.32860009890907804,1,secondary_select
0.405693167820573,0.15031070262193685,0.21254274435341358,0.15934071317315124,0.33141116611659527,0.12465919937443451,0.37311383906256873,0.3490396627361747,0.3187688310767384,0.3513004929895373,1,secondary_select
0.40344931744039064,0.15249342005699873,0.2095037642866372,0.15728780627250669,0.33669774420559406,0.13134112296756925,0.3674105069985671,0.33886637253817753,0.3162493621384784,0.34554614586886606,1,secondary_select
0.38817729055881495,0.16782130300998682,0.23382773250341415,0.1719376984983684,0.33945497497916216,0.14191143589982852,0.3301347457147585,0.30869454520711775,0.34079936335751876,0.3507117256797302,1,secondary_select
0.3958486635237932,0.17296898085623993,0.22431518416851745,0.1565327420830726,0.3255566619336605,0.1470285588027878,0.34458017154503284,0.3069485276089949,0.33520011129695604,0.3478267853232068,1,secondary_select
0.41286108270287525,0.19054745230823755,0.24063528887927543,0.1688634604215623,0.3223139196634293,0.15789710805842094,0.36489726957955776,0.3197327394140642,0.336893436322896,0.3513283178312463,1,secondary_select
0.4032163843512535,0.19126365520060062,0.24680523201823237,0.1834691800177098,0.3224103748798371,0.1462878229504553,0.3659982828831403,0.3174969459360567,0.3323709870165318,0.3434567915683715,1,secondary_select
0.4137270133942366,0.1663149315863849,0.23009678348898893,0.17770710960030564,0.33254018798470497,0.14395448268618333,0.37706517503823983,0.3380102206137394,0.32421455794241183,0.3481287796166157,1,secondary_select
0.4243359062820672,0.18881738930940628,0.23970636632293477,0.18748153373599052,0.33658503741025936,0.14420037277142234,0.39350498959521474,0.3563604264343781,0.33550412327150514,0.3554848258207243,1,secondary_select
0.4069817513227464,0.15452728513628244,0.2140332413837314,0.15982466004788873,0.33518414758145815,0.14030486156832458,0.36494495810609356,0.33145394080918317,0.32664369789551984,0.3556062765200067,1,secondary_select
0.4228703547269107,0.14525857195258152,0.2019501137547196,0.1421693870797754,0.30833184532821173,0.148873650613666,0.37454798366451314,0.33827778292396715,0.33415677971714786,0.3574056300851112,1,secondary_select
0.4104546960443259,0.1486886171624064,0.20222228579223162,0.13510137796401972,0.32585570774972444,0.13970913189933754,0.36088313266174055,0.322593195471029,0.3291106448648975,0.3556177188782499,1,secondary_select
0.41588657721877104,0.16286159865558145,0.19303064979612827,0.13300679065287116,0.32419699989259254,0.13952373284723757,0.36878065150108336,0.32895691450562475,0.3338834060343743,0.3552083982142448,1,secondary_select
0.39505316503345966,0.1417053146287799,0.18554347567260265,0.1191942058503628,0.3147579059004784,0.13771427589966834,0.35661912038489163,0.3158641809554297,0.32291773687614983,0.34695448334826995,1,secondary_select
0.3937384225428106,0.13810919038951402,0.17422856576740736,0.11444197408854963,0.31589423492550844,0.1338132030880387,0.35934860143720465,0.3216006408995327,0.3301436628764804,0.35476408969520884,1,secondary_select
0.35598867759108543,0.23816236108541497,0.2622539810836315,0.21705380082130438,0.07549029029905796,0.1075385913604236,0.34431495446500543,0.30936298820910224,0.27422403473195806,0.2948844630622602,1,secondary_select
0.3787733353674412,0.23137434944510457,0.2604249529540538,0.20160144567489624,0.31486277282238007,0.1372053946698201,0.41253222779874926,0.37430770204906594,0.35431482525115143,0.3687669772053255,1,secondary_select
0.3671444952487945,0.20869969204068187,0.23859523236751556,0.17482851818203926,0.325493648648262,0.1407587782367727,0.4044947654828092,0.36377826639261446,0.3454634875878355,0.3585753322466871,1,secondary_select
0.4015284292399883,0.21244956925511355,0.23589242994785303,0.17027550935745242,0.31890220008790493,0.14700628130293575,0.4163734248147079,0.3712872607872555,0.3522472871706554,0.3685390638426611,1,secondary_select
0.40220362693071365,0.19224219769239428,0.22214697115123272,0.16450286470353603,0.320816395804286,0.1382871050093399,0.39524074305631973,0.35318744403161867,0.3369854412678705,0.3537199295763003,1,secondary_select
0.3840236123651268,0.1430078372359275,0.17317702993750572,0.12700497545301911,0.29016617313027393,0.14940621007374935,0.3651188858985108,0.3284252495705288,0.316586178281824,0.3411541604637306,1,secondary_select
0.36963766068220144,0.1454914789646864,0.17635547183454037,0.12799877300858503,0.2871278580278159,0.1227635983365189,0.34386014193171377,0.3066233023988616,0.2971359956997047,0.3223416320967089,1,secondary_select
0.35052939690649504,0.1426465976983309,0.17118907719850546,0.1181082911789417,0.28128429315984255,0.12186980071618334,0.32963267537905944,0.2945963517869926,0.2837291323687054,0.30801639530017144,1,secondary_select
0.33646941930055624,0.14341856166720388,0.1675613448023796,0.11640371009707452,0.265341779217124,0.11764697595765475,0.3163649091058005,0.2852109917931784,0.2762155668370951,0.30121767944922334,1,secondary_select
0.27255531586706644,0.07080926932394495,0.12271031190175558,0.09751355759362915,0.17372350720688692,0.07193024586788965,0.22911403458468266,0.21440914764437477,0.19516870174217615,0.18359224302596988,0,secondary_select
0.2802993617951869,0.08391899429261682,0.1412910696817562,0.10823974083177751,0.17610842036083352,0.08419186984212963,0.25065362256975726,0.23545968999644626,0.21690303193429378,0.20994261967973657,0,secondary_select
0.3068547174334526,0.1731711253523827,0.20305220317095513,0.16197354719042778,0.20168102160096174,0.09836434507664639,0.3096742958753963,0.28446801407184796,0.24898505518135028,0.24564522439536057,0,secondary_select
0.30796339176595217,0.14777193265035743,0.1664042145712301,0.12733198329806328,0.21994639094918964,0.11387124213996458,0.3108332648282044,0.3009592447071441,0.2850923940879397,0.26314964353713327,0,secondary_select
0.30594111233949667,0.15565436519682413,0.18112158123403788,0.13868850655853754,0.21981460787355891,0.10126333260933507,0.30385059254268754,0.294935653414825,0.2774951285312567,0.2536685405860339,0,secondary_select
0.30175382271409035,0.14570916444063192,0.16630945913493636,0.12949667219072575,0.2217422872781754,0.09992682340262597,0.3016431942832298,0.2870786559086866,0.2641327796754069,0.24947551789401246,0,secondary_select
0.29781890660524374,0.10282055079005663,0.11447964292892718,0.09368993958923978,0.23230616701766857,0.12038815840736555,0.26790294707410567,0.23390719684488204,0.22854368404608752,0.24224332468241982,0,secondary_select
0.2918535750359297,0.1183406775817275,0.1207580398768186,0.0963453724980355,0.22569224424660195,0.10788928196237178,0.24540414419428197,0.21307912320301628,0.23806583546505067,0.2497445553581486,0,secondary_select
0.30643058195710193,0.1104181054979563,0.12112353555858138,0.09753785468637949,0.234588585793972,0.11196993259451905,0.25418099542818584,0.23152673771343757,0.2503907062645965,0.2558196481849962,0,secondary_select
0.30386288277804846,0.10870437603443858,0.1250721318647265,0.09566658735275269,0.2226911354809999,0.1133985346505142,0.2512400340610838,0.23244376521051896,0.2546367118457056,0.26466010644526256,0,secondary_select
0.30160186067223554,0.10402908734977244,0.13615114148706195,0.10458269901573648,0.23367166891694066,0.1178435988318824,0.24444091576754082,0.25244472711949584,0.2650088022988939,0.26603246550678256,0,secondary_select
0.32885335572063934,0.12366413790732611,0.12786147557198996,0.0960713252425194,0.2248987462371589,0.10934390240191752,0.2807749828401141,0.24803293608903232,0.2654417708593542,0.2796854797828131,0,secondary_select
0.3117465581744909,0.12458778358995917,0.13371321186423302,0.08500352315604695,0.23012938722968102,0.09598205141384145,0.27653032816607503,0.25319686621088516,0.23761217198926943,0.26086517884988325,0,secondary_select
0.2959201745688915,0.12260611355304715,0.13336888141930123,0.08845810219645497,0.22016425989568233,0.0917124063175549,0.27528913919147163,0.26370138343688154,0.24474647123631144,0.2563811656486621,0,secondary_select
0.28328553028404724,0.11628019809722899,0.12019294500350951,0.07771310303360232,0.22085798718035224,0.08534417327240354,0.2651846616317356,0.25315632138148203,0.2332046639893974,0.2423466409344997,0,secondary_select
0.29015227407217026,0.10405870899558059,0.11718569416552782,0.08327235979959371,0.22432891558855775,0.09953396237031596,0.2782592049850621,0.26858900981531525,0.24936154559762264,0.2503503778068817,0,secondary_select
0.2880120687186719,0.1069754376076162,0.115493700839579,0.07112202886492014,0.2191454553976655,0.09817922902834644,0.2892425087800347,0.28334125453216075,0.26560611413401597,0.2503939116893435,0,secondary_select
0.2698083631694317,0.08492198307067167,0.09005456743761894,0.06668363884091363,0.21289573051035413,0.08214065676830272,0.2564976416742013,0.2516649729786024,0.2399127135267064,0.23150463274023972,0,secondary_select
0.2680131122469902,0.09170905593782665,0.11108896601945167,0.07820736337453142,0.22410502843558797,0.08562166776084719,0.25797225229018744,0.24692720613950306,0.22892641342752987,0.23643887761556923,0,secondary_select
0.27720458433032047,0.08317694813013075,0.09508043061941862,0.06255548167973757,0.23058345541357989,0.09718573368490967,0.25280969119967256,0.23280809070320163,0.20725780907423522,0.22686697445215026,0,secondary_select
0.2833829391747713,0.11062776111066325,0.1082572473387699,0.07167407078668461,0.1759889107197524,0.11968250371339198,0.252557737602018,0.2185708455561155,0.20915159242051118,0.21546561628403524,0,secondary_select
0.278540214523673,0.10797383496537785,0.0962678394280373,0.07445926778018466,0.017984858801355478,0.13118755432130053,0.24501805439307123,0.21195673536225,0.21823451121984763,0.20796606850875324,0,secondary_select
0.29774767905473715,0.1025963476859034,0.10187112423591313,0.07615032407920806,0.1516963830217719,0.13295182553174806,0.24153822488206347,0.2333166218357263,0.23715357647797924,0.22887575500699592,0,secondary_select
0.31268481723964225,0.10598852671682837,0.12652957625687117,0.09608912002295258,0.2207055147737264,0.12038879681193744,0.24572274673545277,0.24052490133607304,0.25199497982674757,0.25132259566152026,0,secondary_select
0.30909479595720774,0.10912302881479273,0.11947794817388063,0.09394641593098653,0.2169892769306898,0.11689835349235977,0.24526615189526535,0.2355136902085348,0.251778074820976,0.2571652227095171,0,secondary_select
0.3089361544698476,0.11722471984103332,0.12970644515007737,0.09503411408513779,0.21928184293210504,0.11670912149946848,0.2491404884460167,0.23537110164414793,0.25204005092035686,0.25782822910349523,0,secondary_select
0.30656932666897774,0.12114489777013665,0.1271565295755863,0.0946574714034796,0.21170798689126968,0.11986820207096113,0.25097426253489624,0.23963928029991158,0.2547193914011813,0.25761633918739335,0,secondary_select
0.3108825720846652,0.13649214245378968,0.15763926506042478,0.11274787969887257,0.22490310482680798,0.11697949902207942,0.26726467781753627,0.24938676566870296,0.2625395792076119,0.26381559544296346,0,secondary_select
0.31717775017023087,0.17889787815511227,0.2074987981468439,0.1852288879454136,0.24299315735697746,0.10917863880118257,0.3019938252570284,0.26781211492439627,0.2734906475695026,0.2739513840230358,0,secondary_select
0.21114705316722393,0.21366649121046075,0.2098273597657681,0.15968418493866915,0.09865024685859684,0.06624302504974364,0.1549606104792928,0.1417523962857103,0.12156470543163775,0.10608007437008374,1,secondary_select
0.2975793657824398,0.20194549858570096,0.23867450281977654,0.21300869435071942,0.19292222335934645,0.11922691358267914,0.3421239058116044,0.32133352259188547,0.29072292396813293,0.28777953485041513,0,secondary_select
0.25695800781249994,0.13102350383996964,0.12883469834923741,0.11573987081646911,0.10486928001046185,0.06805049284724915,0.23716366692809782,0.213025488251731,0.18166310369400707,0.1817532259169074,0,secondary_select
0.3111484274268151,0.19447073712944984,0.2299606688320637,0.20120273157954208,0.18547707051038742,0.10356000598167706,0.315956158299201,0.2931416236946516,0.2694947698304587,0.2718590960988932,0,secondary_select
0.28163500316441065,0.09172674454748635,0.1019610166549682,0.08136542700231085,0.22891473025083545,0.09119271986733678,0.263551910748589,0.2397378863448978,0.2133666848446012,0.23177457914303545,0,secondary_select
0.2627325505018234,0.07343756593763834,0.10677374433726075,0.08649515267461538,0.22551245614886273,0.10077576109806334,0.229822799131668,0.2015257054347756,0.21225139734933401,0.22496262335816652,0,secondary_select
0.27620894089341164,0.08582036197185516,0.11390956211835129,0.09666020609438412,0.20122431963682183,0.09586879347486386,0.2372061472110261,0.2117858120895733,0.2228518791220892,0.2382203351430404,0,secondary_select
